<?xml version="1.0" encoding="UTF-8"?>
<document>
<type>mainstream</type>
<forum>http://www.theguardian.com/theguardian/2014/sep/10/mainsection/rss</forum>
<forum_title>The Guardian</forum_title>
<discussion_title>Clive James: ‘My behaviour at the Christmas table is based on hard-won learning’ | Life and style</discussion_title>
<language>english</language>
<gmt_offset></gmt_offset>
<topic_url>https://www.theguardian.com/lifeandstyle/2016/dec/17/clive-james-behaviour-christmas-table-david-attenborough</topic_url>
<topic_text>
Not enough research has been done on the close relationship of our gathering for Christmas dinner to the classic waterholes of the world’s great deserts. Even the omniscient David Attenborough has been slow to examine the connection. In his current multi-part survey of the planet , there is a constant theme hammering: the deadly dangers facing animals that gather anywhere in order to drink. They might eat each other. Indeed, if they are on camera, they almost certainly will, thereby triggering Attenborough’s most plangently recurring threnody: “Yet this can be a dangerous place in which to linger.”
I speak as one in no need of education about the level of violence in the natural world. At Uluru once, I had a close-up of a plague of centipedes. A close-up was unavoidable, because they got into even your hotel room, probably through the airconditioning system. Most of the year, they aren’t visible. When they are, nobody has ever seen fewer than a million of them. What scared me most was the noise they made. I suppose their descendants are still making it. It was a kind of sizzling fizz, like bacon fat.
Roll forward a few decades, and I switch on the television to be confronted with the dauntless face of the male sand grouse . My notes go a bit haywire at this point, but I think the waterhole is somewhere in Africa. The remarkable thing, though, is that the grouse is at the waterhole at all. His family is camped 60 miles away, but it’s his turn to fly to the waterhole and pick up the water supply for the whole bunch of them. He loads up with water by splashing it into his chest feathers, which are fluffily adapted to carry half his body weight in liquid. Then, after heeding Attenborough’s warning about the dangerous place in which to linger, he takes off for the 60-mile flight back to his thirsty family. One need hardly note that a good three-quarters of the other species gathered around the waterhole are well equipped to make mincemeat of him.
Clive James: ‘My idea of a speed thrill is turning up the gas on a mower&apos; Read more 
Attenborough hasn’t time actually to tell us this, but one imagines that a good few millennia of evolutionary experience went into the grouse’s decision that 60 miles was about the right distance to be away from the waterhole. Similarly, my own behaviour at the Christmas table is based on the judicious application of hard-won learning. From my early life onwards, I took it to be mandatory that I should be as entertaining as possible, so as to ensure being given first crack at the goose’s leg. Time has at last taught me that if I sit there in silence, my chances of being awarded the goose’s leg will go up, not down.
</topic_text>
<spam_score>0.00</spam_score>
<post_num>3</post_num>
<post_id>post-3</post_id>
<post_url>https://www.theguardian.com/lifeandstyle/2016/dec/17/clive-james-behaviour-christmas-table-david-attenborough#comment-89633132</post_url>
<post_date>20161217</post_date>
<post_time>0835</post_time>
<username>hush632</username>
<post>
I expect first crack at the goose&apos;s leg is monitored with equal intrepidation.
</post>
<signature>

</signature>
<external_links>

</external_links>
<country>US</country>
<main_image>https://i.guim.co.uk/img/media/0ddd5cb6e70268d535ded2b1f6cb6c9df080df3a/0_259_5100_3060/master/5100.jpg?w=1200&amp;amp;h=630&amp;amp;q=55&amp;amp;auto=format&amp;amp;usm=12&amp;amp;fit=crop&amp;amp;crop=faces%2Centropy&amp;amp;bm=normal&amp;amp;ba=bottom%2Cleft&amp;amp;blend64=aHR0cHM6Ly91cGxvYWRzLmd1aW0uY28udWsvMjAxNi8wNS8yNS9vdmVybGF5LWxvZ28tMTIwMC05MF9vcHQucG5n&amp;amp;s=86e6b31fa28dc7610f18a64ce25e6fc4</main_image>
</document>
