<?xml version="1.0" encoding="UTF-8"?>
<document>
<type>mainstream</type>
<forum>http://www.rtrs.tv/vijesti/rss.php</forum>
<forum_title>РТРС :: RSS</forum_title>
<discussion_title>Нови Град- Одржан годишњи концерт КУД &quot;Уна&quot;</discussion_title>
<language>serbian</language>
<gmt_offset></gmt_offset>
<topic_url>http://www.rtrs.tv/vijesti/vijest.php?id=235029</topic_url>
<topic_text>
17/12/2016 | 09:27   Нови Град- Одржан годишњи концерт КУД &quot;Уна&quot; Културно-умјетничко друштво &quot;Уна&quot; одржало је у Новом Граду годишњи концерт. 
У препуној спортској дворани синоћ је наступило више од 200 чланова КУД-а &quot;Уна&quot;, око 160 из фолклорних секција, пјевачке групе и оркестар. 
Кореограф Синиша Јованић рекао је да је први ансамбл, који је имао највише простора на концерту, извео четири нове кореографије. 
Он каже да синоћњи концерт под називом &quot;Игром кроз живот&quot; представља почетак обиљежавања јубилеја, 10 година рада КУД-а &quot;Уна&quot;. 
Јованић је истакао да је КУД &quot;Уна&quot; у мају освојио другу награду на Европској смотри српског фолклора у Бечу за кореографију &quot;Ђурђевданска омаја новског Поткозарја&quot;, која је синоћ изведена уз нове ефекте, а први пут су изведене и &quot;Игре из јужне Србије&quot;. 
Премијерно су изведене и &quot;Игре и пјесме пчињског краја&quot; и &quot;Игре и пјесме Биначке Мораве&quot;, рађене у сарадњи са кореографом из Београда Дејаном Милисављевићем Звечанцем. 
Милисављевић је рекао да је за сваку похвалу то што КУД &quot;Уна&quot; организује секције и у већим сеоским срединама. 
- У времену у којем живимо превише је делинквентног понашања. КУД-ови се труде да спријече узроке делинквенције, утичу на психолошки и социјални развој дјеце и, што је набитније, доприносе очувању националног идентитета - нагласио је Милисављевић. 
Директор Културно-образовног центра Јесенко Трбојевић рекао је да је концерт организован са посебним ефектима да би чланови најбоље показали шта су радили током године. 
Извор: СРНА
</topic_text>
<spam_score>0.00</spam_score>
<post_num>1</post_num>
<post_id>post-1</post_id>
<post_url>http://www.rtrs.tv/vijesti/vijest.php?id=235029</post_url>
<post_date>20161217</post_date>
<post_time>0827</post_time>
<username></username>
<post>
17/12/2016 | 09:27   Нови Град- Одржан годишњи концерт КУД &quot;Уна&quot; Културно-умјетничко друштво &quot;Уна&quot; одржало је у Новом Граду годишњи концерт. 
У препуној спортској дворани синоћ је наступило више од 200 чланова КУД-а &quot;Уна&quot;, око 160 из фолклорних секција, пјевачке групе и оркестар. 
Кореограф Синиша Јованић рекао је да је први ансамбл, који је имао највише простора на концерту, извео четири нове кореографије. 
Он каже да синоћњи концерт под називом &quot;Игром кроз живот&quot; представља почетак обиљежавања јубилеја, 10 година рада КУД-а &quot;Уна&quot;. 
Јованић је истакао да је КУД &quot;Уна&quot; у мају освојио другу награду на Европској смотри српског фолклора у Бечу за кореографију &quot;Ђурђевданска омаја новског Поткозарја&quot;, која је синоћ изведена уз нове ефекте, а први пут су изведене и &quot;Игре из јужне Србије&quot;. 
Премијерно су изведене и &quot;Игре и пјесме пчињског краја&quot; и &quot;Игре и пјесме Биначке Мораве&quot;, рађене у сарадњи са кореографом из Београда Дејаном Милисављевићем Звечанцем. 
Милисављевић је рекао да је за сваку похвалу то што КУД &quot;Уна&quot; организује секције и у већим сеоским срединама. 
- У времену у којем живимо превише је делинквентног понашања. КУД-ови се труде да спријече узроке делинквенције, утичу на психолошки и социјални развој дјеце и, што је набитније, доприносе очувању националног идентитета - нагласио је Милисављевић. 
Директор Културно-образовног центра Јесенко Трбојевић рекао је да је концерт организован са посебним ефектима да би чланови најбоље показали шта су радили током године. 
Извор: СРНА
</post>
<signature>

</signature>
<external_links>

</external_links>
<country>TV</country>
<main_image>..</main_image>
</document>
