<?xml version="1.0" encoding="UTF-8"?>
<document>
<type>mainstream</type>
<forum>http://kurier.at/xml/feed</forum>
<forum_title>kurier.at - KURIER</forum_title>
<discussion_title>Medien am Lehrplan: &quot;Da ist noch Luft nach oben&quot;</discussion_title>
<language>german</language>
<gmt_offset></gmt_offset>
<topic_url>https://kurier.at/politik/inland/medien-am-lehrplan-da-ist-noch-luft-nach-oben/235.831.578</topic_url>
<topic_text>
Kennt ihr Buzzfeed ? Ein vielsagendes Grinsen geht durch die Klasse. Natürlich, Buzzfeed kennt hier jeder. &quot;Und 9Gag ist auch super&quot;, sagt Michael (14), der Junge in der ersten Reihe. Wieder Nicken. Unterhaltungsseiten der Millenials sind auch bei den 14- bis 15-Jährigen beliebt. Und sonst? Facebook, Snapchat und Youtube – überwiegend deutsche Comedy-Kanäle, die Lochis, Y-Titty &quot;und PewDiePie&quot;, ergänzt Lisa mit den aquamarin-gefärbten Haaren. &quot;Die ganzen deutschen Youtuber sind nicht so meins.&quot; 
Was für viele Ü-20er nach Internet-Neuland klingt, muss man hier, in der 6. Klasse des Bundesrealgymnasiums Auf der Schmelz, niemandem erklären ( vorsorglich haben wir hier alle angegebenen Seiten verlinkt ).
Wir sind zu Gast, um mit den Schülern über Medien zu sprechen. Wie entstehen Nachrichten? Warum sind manche Zeitungen gratis und andere nicht? Und wie schaut der Alltag eines Journalisten aus? Zwei Stunden lang beantworten wir die Fragen der Schüler, reden mit ihnen über Facebook, Filterblase – und wie sie &quot;Fake News&quot; von echten Nachrichten unterscheiden können ( lesen Sie dazu hier ein Interview mit Youtuber Mr.Wissen2Go ).
Denn dass im Internet nicht immer alles ist, wie es scheint, das haben auch sie begriffen. Nur was genau das heißt, da sind sich auch die 15-Jährigen, die uns wie selbstverständlich von ihren Snapchat-Stories und ihren Ausflügen auf der Spaßseite 9Gag erzählen, unsicher. &quot;Bei der Tagespresse ist klar, dass das Spaß ist&quot;, sagt Michael – gibt aber gleich zu, dass er sich nicht immer so sicher ist.  

Bildungsschwerpunkt mit kurier.at - Zu Besuch in der Neuen Mittelschule (NMS) in der Pazmanitengasse 
Was wir in den zwei Stunden an diesem Montagvormittag verhandeln, rückt unter dem Schlagwort &quot;Medienkompetenz&quot; zusehends auf die politische Agenda. &quot;FakeNews&quot; haben zum Sieg Donald Trumps beigetragen? Wir müssen die Medienkompetenz stärken. Die Filterblase auf Facebook? Wir müssen die Medienkompetenz stärken - als läge es an der &quot;Generation Whatsapp&quot; alleine auf diese neuen Herausforderungen zu reagieren.
Aber es ist eben jene Gruppe, die schon allein aufgrund ihres Nutzungs- und Informationsverhaltens  davon besonders betroffen ist. Österreichweite Studien dazu sind Mangelware - im vergangenen Jahr erhob eine Market-Umfrage unter 512 oberösterreichischen Jugendlichen zwischen elf und 18 Jahren, dass Facebook Fernsehen als wichtigstes Informationsmedium abgelöst hat. 47 Prozent informieren sich auf dem Sozialen Netzwerk, nur 38 Prozent sehen noch täglich fern. 77 Prozent besitzen ein Smartphone, 62 Prozent einen eigenen Computer oder Laptop. 
Facebook bietet jedem Nutzer ein personalisiertes Nachrichtenmenü, ausgerichtet an den eigenen Interessen und Vorlieben - dementsprechend unterschiedlich fallen die Antworten aus, als wir die Schüler nach den für sie wichtigsten Nachrichten der vergangenen Wochen fragen.  &quot; Whatsapp seine Emojis verändert&quot;, sagt Linda gleich.  Wir können uns da nur verdutzt anschauen. Das haben auch wir, die viel in den Sozialen Medien unterwegs sind, nicht mitbekommen.
Foto: kurier 
Was soll gelehrt werden? Soziale Medien verändern eben nicht nur, wie wir miteinander kommunizieren, sondern auch wie wir uns informieren – und das nicht unbedingt zum Besseren. In unserer Timeline sind die WhatsApp-Emojis jedenfalls nicht aufgetaucht. Und auch wenn es ein denkbar unschuldiges Beispiel ist - so ist damit doch das Problem mit der Filterblase beschrieben. Angezeigt wird nur, was gefällt - das betrifft Emojis gleichermaßen wie politische Meinungen. Mit anderen Einstellungen wird man so nicht konfrontiert.
Medienpädagoge Christian Swertz sieht deshalb sogar die Diskursfähigkeit in Gefahr. &quot;Wir tolerieren keine abweichenden Meinungen mehr, gebärden uns als Tyrannen über unserer eigenen digitalen Welt&quot;, sagt Swertz ( lesen Sie hier das gesamte Interview ). Doch genau darum ginge es bei der Medienkompetenz. Weniger die Bedienung selbst, als vielmehr um den Umgang mit den neuen Medien sollte im Fokus stehen. Es geht um Grundsätzlicheres. &quot;Es geht darum, Medien kreativ in politischer Absicht nutzen und sich am öffentlichen Diskurs beteiligen zu können.&quot;
Diskursfähigkeit und Quellenkritik Diese Dimension von Medienkompetenz werde in der Lehrerausbildung jedoch vernachlässigt. Auch wenn es dazu keine empirischen Daten gibt, vermutet Swertz schon deshalb, &quot;dass Medienkompetenzvermittlung im Unterricht so gut wie nie vorkommt&quot; (mehr dazu auch hier ) . 
Ein Befund, den Barbara Buchegger nur bestätigen kann. Die pädagogische Leiterin der Initiative saferinternet.at, die Workshops anbietet, um Schüler in Medienkompetenz zu schulen. Sie sieht vor allem die mangelnde Quellenkritik als größtes Problem. Viele Schüler würden einfach glauben, was sie online sehen, und genauso unhinterfragt teilen sie es. Was es noch schlimmer macht: &quot;Viele Lehrende und Eltern sagen uns: Wir können das selbst nicht. Die haben vielleicht mit Zeitungen und Büchern umgehen gelernt, aber nicht mit Onlinemedien.&quot; Wenn die Teams von saferinternet.at an Schulen gehen, halten sie deshalb nicht nur für Schüler Workshops ab, sondern auch für Eltern und Lehrer ( mehr zum Umgang mit Fake News und richtiger Quellenkritik lesen Sie hier ).
Für diese unbefriedigende Situation sieht Christian Swertz nur eine Lösung. Medienkompetenz muss Schulfach werden. &quot;Am besten als Wahlbereich, als Freifach oder als verbindliche Übung –mit dem Titel &apos;Medienkunde&apos;“.
Aktuell wird Medienkompetenz als sogenannte Querschnittsmaterie an Österreichs Schulen gelehrt. Dafür gibt es durchaus Argumente - schließlich betrifft die Frage, wie wir mit Medien umgehen, unser ganzes Leben. Deshalb sollte sie auch in allen Fächern behandelt werden, argumentiert etwa Nadja Vaskovich vom Verein &quot;ZiS - Zeitung in der Schule&quot;. &quot;Wir brauchen kein eigenes Schulfach, sondern ein stärkeres Bewusstsein dafür, dass Medienkompetenz gesamthaft im Fächerkanon vermittelt werden sollte.&quot;
Kommt Medienkunde als eigenes Fach? Aber das sei jetzt seit 20 Jahren probiert worden. &quot;Und es hat nicht funktioniert&quot;, sagt Swertz. &quot;Das sollten wir zur Kenntnis nehmen und es mit einer anderen Strategie versuchen.&quot;
Anzeichen dafür, dass sich hier etwas bewegt, gibt es bereits. Mit dem sogenannten &quot;Lehramtsstudium neu&quot; wird es ab dem Wintersemester 2017 möglich sein, Medienpädagogik in Österreich (vorerst an der Universität Innsbruck) als Unterrichtsfach im Lehramtsstudium zu belegen. Künftige Lehrer können dann also neben Deutsch, Sport oder Geschichte auch noch Medienpädagogik belegen. Alleine unterrichten werden sie es – jedenfalls aktuell – nicht können.
Derzeit werde jedoch an einer digitalen Strategie für Österreichs Schulen gearbeitet, heißt es aus dem Bildungsministerium. Erste Ergebnisse sollen im Frühjahr vorliegen. Angedacht ist eine Erweiterung der digitalen Kompetenzen, offenbar auch, was den Stundenplan betrifft. &quot;Da ist noch Luft nach oben&quot;, sagt Swertz. Aber die Entwicklung scheint in die richtige Richtung zu gehen.
Bis es soweit ist, springen Initiativen wie saferinternet.at, &quot;ZIS – Zeitung in der Schule&quot;, oder - wie an diesem Montagmorgen - auch Kurier.at ein. ZiS stellt Zeitungen auch über einen längeren Zeitraum für den Unterricht zur Verfügung. Rund 103.000 Schüler haben im vergangenen Jahr von den Angeboten des Vereins, der von den wichtigsten Print-Zeitungen des Landes getragen wird, profitiert. Für Nadja Vaskovich leistet der Verein damit eine essenzielle Aufgabe, die über Medienbildung hinausgeht. &quot;94 Prozent der Lehrkräfte, die mit uns zusammengearbeitet haben, waren der Meinung, dass unsere Initiative den kritischen Umgang mit Medien fördert&quot;, erklärt sie. Dazu hätten aber auch noch 87 Prozent angegeben, dass sie die Lesemotivation steigt, zitiert sie eine interne Erhebung. Kein unwichtiger Nebeneffekt in einem Land, das bei Pisa-Tests besonders im Lesevermögen regelmäßig katastrophal abschneidet ( das gesamte Interview mit Nadja Vaskovich lesen Sie hier , Ergebnisse der aktuellen Pisa-Tests hier ).
Auch für Oliver Rein, der engagierte Deutschlehrer der 6. Klasse im Gymnasium auf der Schmelz, in dessen Stunde wir von unserer Arbeit erzählen dürfen, sind Projekte wie jene von ZiS eine &quot;willkommene Ergänzung&quot;, wie er sagt. &quot;Es ist immer gut, Leute aus der Praxis einzuladen.&quot; Und außerdem, das gibt er bereitwillig zu, hat das mit der Erklärung der Filterblase zuletzt auch nicht wirklich gut funktioniert. Die Schüler kennen das Phänomen. &quot;Dass sie selbst auch davon betroffen sind, ist vielen aber nicht bewusst.&quot;
Dass Medienkompetenz noch zu wenig im Lehrplan vorkommt, findet er jedoch nicht – und muss dann doch kurz auflachen. Normalerweise wäre an diesem Montagmorgen Walther von der Vogelweide auf dem Lehrplan gestanden.
</topic_text>
<spam_score>0.00</spam_score>
<post_num>1</post_num>
<post_id>post-1</post_id>
<post_url>https://kurier.at/politik/inland/medien-am-lehrplan-da-ist-noch-luft-nach-oben/235.831.578</post_url>
<post_date>20161217</post_date>
<post_time>0800</post_time>
<username>Karl Oberascher Yvonne Widler 17.12.2016, 08:00</username>
<post>
Kennt ihr Buzzfeed ? Ein vielsagendes Grinsen geht durch die Klasse. Natürlich, Buzzfeed kennt hier jeder. &quot;Und 9Gag ist auch super&quot;, sagt Michael (14), der Junge in der ersten Reihe. Wieder Nicken. Unterhaltungsseiten der Millenials sind auch bei den 14- bis 15-Jährigen beliebt. Und sonst? Facebook, Snapchat und Youtube – überwiegend deutsche Comedy-Kanäle, die Lochis, Y-Titty &quot;und PewDiePie&quot;, ergänzt Lisa mit den aquamarin-gefärbten Haaren. &quot;Die ganzen deutschen Youtuber sind nicht so meins.&quot; 
Was für viele Ü-20er nach Internet-Neuland klingt, muss man hier, in der 6. Klasse des Bundesrealgymnasiums Auf der Schmelz, niemandem erklären ( vorsorglich haben wir hier alle angegebenen Seiten verlinkt ).
Wir sind zu Gast, um mit den Schülern über Medien zu sprechen. Wie entstehen Nachrichten? Warum sind manche Zeitungen gratis und andere nicht? Und wie schaut der Alltag eines Journalisten aus? Zwei Stunden lang beantworten wir die Fragen der Schüler, reden mit ihnen über Facebook, Filterblase – und wie sie &quot;Fake News&quot; von echten Nachrichten unterscheiden können ( lesen Sie dazu hier ein Interview mit Youtuber Mr.Wissen2Go ).
Denn dass im Internet nicht immer alles ist, wie es scheint, das haben auch sie begriffen. Nur was genau das heißt, da sind sich auch die 15-Jährigen, die uns wie selbstverständlich von ihren Snapchat-Stories und ihren Ausflügen auf der Spaßseite 9Gag erzählen, unsicher. &quot;Bei der Tagespresse ist klar, dass das Spaß ist&quot;, sagt Michael – gibt aber gleich zu, dass er sich nicht immer so sicher ist.  

Bildungsschwerpunkt mit kurier.at - Zu Besuch in der Neuen Mittelschule (NMS) in der Pazmanitengasse 
Was wir in den zwei Stunden an diesem Montagvormittag verhandeln, rückt unter dem Schlagwort &quot;Medienkompetenz&quot; zusehends auf die politische Agenda. &quot;FakeNews&quot; haben zum Sieg Donald Trumps beigetragen? Wir müssen die Medienkompetenz stärken. Die Filterblase auf Facebook? Wir müssen die Medienkompetenz stärken - als läge es an der &quot;Generation Whatsapp&quot; alleine auf diese neuen Herausforderungen zu reagieren.
Aber es ist eben jene Gruppe, die schon allein aufgrund ihres Nutzungs- und Informationsverhaltens  davon besonders betroffen ist. Österreichweite Studien dazu sind Mangelware - im vergangenen Jahr erhob eine Market-Umfrage unter 512 oberösterreichischen Jugendlichen zwischen elf und 18 Jahren, dass Facebook Fernsehen als wichtigstes Informationsmedium abgelöst hat. 47 Prozent informieren sich auf dem Sozialen Netzwerk, nur 38 Prozent sehen noch täglich fern. 77 Prozent besitzen ein Smartphone, 62 Prozent einen eigenen Computer oder Laptop. 
Facebook bietet jedem Nutzer ein personalisiertes Nachrichtenmenü, ausgerichtet an den eigenen Interessen und Vorlieben - dementsprechend unterschiedlich fallen die Antworten aus, als wir die Schüler nach den für sie wichtigsten Nachrichten der vergangenen Wochen fragen.  &quot; Whatsapp seine Emojis verändert&quot;, sagt Linda gleich.  Wir können uns da nur verdutzt anschauen. Das haben auch wir, die viel in den Sozialen Medien unterwegs sind, nicht mitbekommen.
Foto: kurier 
Was soll gelehrt werden? Soziale Medien verändern eben nicht nur, wie wir miteinander kommunizieren, sondern auch wie wir uns informieren – und das nicht unbedingt zum Besseren. In unserer Timeline sind die WhatsApp-Emojis jedenfalls nicht aufgetaucht. Und auch wenn es ein denkbar unschuldiges Beispiel ist - so ist damit doch das Problem mit der Filterblase beschrieben. Angezeigt wird nur, was gefällt - das betrifft Emojis gleichermaßen wie politische Meinungen. Mit anderen Einstellungen wird man so nicht konfrontiert.
Medienpädagoge Christian Swertz sieht deshalb sogar die Diskursfähigkeit in Gefahr. &quot;Wir tolerieren keine abweichenden Meinungen mehr, gebärden uns als Tyrannen über unserer eigenen digitalen Welt&quot;, sagt Swertz ( lesen Sie hier das gesamte Interview ). Doch genau darum ginge es bei der Medienkompetenz. Weniger die Bedienung selbst, als vielmehr um den Umgang mit den neuen Medien sollte im Fokus stehen. Es geht um Grundsätzlicheres. &quot;Es geht darum, Medien kreativ in politischer Absicht nutzen und sich am öffentlichen Diskurs beteiligen zu können.&quot;
Diskursfähigkeit und Quellenkritik Diese Dimension von Medienkompetenz werde in der Lehrerausbildung jedoch vernachlässigt. Auch wenn es dazu keine empirischen Daten gibt, vermutet Swertz schon deshalb, &quot;dass Medienkompetenzvermittlung im Unterricht so gut wie nie vorkommt&quot; (mehr dazu auch hier ) . 
Ein Befund, den Barbara Buchegger nur bestätigen kann. Die pädagogische Leiterin der Initiative saferinternet.at, die Workshops anbietet, um Schüler in Medienkompetenz zu schulen. Sie sieht vor allem die mangelnde Quellenkritik als größtes Problem. Viele Schüler würden einfach glauben, was sie online sehen, und genauso unhinterfragt teilen sie es. Was es noch schlimmer macht: &quot;Viele Lehrende und Eltern sagen uns: Wir können das selbst nicht. Die haben vielleicht mit Zeitungen und Büchern umgehen gelernt, aber nicht mit Onlinemedien.&quot; Wenn die Teams von saferinternet.at an Schulen gehen, halten sie deshalb nicht nur für Schüler Workshops ab, sondern auch für Eltern und Lehrer ( mehr zum Umgang mit Fake News und richtiger Quellenkritik lesen Sie hier ).
Für diese unbefriedigende Situation sieht Christian Swertz nur eine Lösung. Medienkompetenz muss Schulfach werden. &quot;Am besten als Wahlbereich, als Freifach oder als verbindliche Übung –mit dem Titel &apos;Medienkunde&apos;“.
Aktuell wird Medienkompetenz als sogenannte Querschnittsmaterie an Österreichs Schulen gelehrt. Dafür gibt es durchaus Argumente - schließlich betrifft die Frage, wie wir mit Medien umgehen, unser ganzes Leben. Deshalb sollte sie auch in allen Fächern behandelt werden, argumentiert etwa Nadja Vaskovich vom Verein &quot;ZiS - Zeitung in der Schule&quot;. &quot;Wir brauchen kein eigenes Schulfach, sondern ein stärkeres Bewusstsein dafür, dass Medienkompetenz gesamthaft im Fächerkanon vermittelt werden sollte.&quot;
Kommt Medienkunde als eigenes Fach? Aber das sei jetzt seit 20 Jahren probiert worden. &quot;Und es hat nicht funktioniert&quot;, sagt Swertz. &quot;Das sollten wir zur Kenntnis nehmen und es mit einer anderen Strategie versuchen.&quot;
Anzeichen dafür, dass sich hier etwas bewegt, gibt es bereits. Mit dem sogenannten &quot;Lehramtsstudium neu&quot; wird es ab dem Wintersemester 2017 möglich sein, Medienpädagogik in Österreich (vorerst an der Universität Innsbruck) als Unterrichtsfach im Lehramtsstudium zu belegen. Künftige Lehrer können dann also neben Deutsch, Sport oder Geschichte auch noch Medienpädagogik belegen. Alleine unterrichten werden sie es – jedenfalls aktuell – nicht können.
Derzeit werde jedoch an einer digitalen Strategie für Österreichs Schulen gearbeitet, heißt es aus dem Bildungsministerium. Erste Ergebnisse sollen im Frühjahr vorliegen. Angedacht ist eine Erweiterung der digitalen Kompetenzen, offenbar auch, was den Stundenplan betrifft. &quot;Da ist noch Luft nach oben&quot;, sagt Swertz. Aber die Entwicklung scheint in die richtige Richtung zu gehen.
Bis es soweit ist, springen Initiativen wie saferinternet.at, &quot;ZIS – Zeitung in der Schule&quot;, oder - wie an diesem Montagmorgen - auch Kurier.at ein. ZiS stellt Zeitungen auch über einen längeren Zeitraum für den Unterricht zur Verfügung. Rund 103.000 Schüler haben im vergangenen Jahr von den Angeboten des Vereins, der von den wichtigsten Print-Zeitungen des Landes getragen wird, profitiert. Für Nadja Vaskovich leistet der Verein damit eine essenzielle Aufgabe, die über Medienbildung hinausgeht. &quot;94 Prozent der Lehrkräfte, die mit uns zusammengearbeitet haben, waren der Meinung, dass unsere Initiative den kritischen Umgang mit Medien fördert&quot;, erklärt sie. Dazu hätten aber auch noch 87 Prozent angegeben, dass sie die Lesemotivation steigt, zitiert sie eine interne Erhebung. Kein unwichtiger Nebeneffekt in einem Land, das bei Pisa-Tests besonders im Lesevermögen regelmäßig katastrophal abschneidet ( das gesamte Interview mit Nadja Vaskovich lesen Sie hier , Ergebnisse der aktuellen Pisa-Tests hier ).
Auch für Oliver Rein, der engagierte Deutschlehrer der 6. Klasse im Gymnasium auf der Schmelz, in dessen Stunde wir von unserer Arbeit erzählen dürfen, sind Projekte wie jene von ZiS eine &quot;willkommene Ergänzung&quot;, wie er sagt. &quot;Es ist immer gut, Leute aus der Praxis einzuladen.&quot; Und außerdem, das gibt er bereitwillig zu, hat das mit der Erklärung der Filterblase zuletzt auch nicht wirklich gut funktioniert. Die Schüler kennen das Phänomen. &quot;Dass sie selbst auch davon betroffen sind, ist vielen aber nicht bewusst.&quot;
Dass Medienkompetenz noch zu wenig im Lehrplan vorkommt, findet er jedoch nicht – und muss dann doch kurz auflachen. Normalerweise wäre an diesem Montagmorgen Walther von der Vogelweide auf dem Lehrplan gestanden.
</post>
<signature>

</signature>
<external_links>

</external_links>
<country>AT</country>
<main_image>https://images.kurier.at/xxxxx.JPG/235.830.782</main_image>
</document>
