<?xml version="1.0" encoding="UTF-8"?>
<document>
<type>mainstream</type>
<forum>http://www.capitalbay.news/feed/index.rss</forum>
<forum_title>CapitalBay</forum_title>
<discussion_title>&apos;It&apos;s about how you feel from the inside out&apos;: Plus-size model Iskra Lawrence on how she learned to feel confident about her body, as she hands out advice on how to handle haters</discussion_title>
<language>english</language>
<gmt_offset></gmt_offset>
<topic_url>http://www.capitalbay.news/lifestlye/1103737-it-s-about-how-you-feel-from-the-inside-out-plus-size-model-iskra-lawrence-on-how-she-learned-to-feel-confident-about-her-body-as-she-hands-out-advice-on-how-to-handle-haters.html</topic_url>
<topic_text>
▴ Advertisement ▴ The 26-year-old model hosted an #AerieReal Talk at the brand&apos;s pop-up in New York City&apos;s Soho neighborhood on Thursday Actress Lea Michele, model Charli Howard, and fashion blogger Leandra Medine were among the women in the group During the chat, Iskra insisted that women need to talk to their bodies in a more loving way because it is about &apos;how you feel from the inside out&apos; 
Iskra Lawrence once struggled to be a straight-sized model, but she insists that she is proud to be four sizes larger than her teenage self because she is now healthier than ever. 
The 26-year-old Aerie spokesmodel hosted an emotional Facebook Live chat about body confidence with women of all different shapes and sizes, including actress Lea Michele, fellow model Charli Howard, and fashion blogger Leandra Medine. 
During the #AerieReal Talk, Iskra told the group that the health and fitness industry once seemed so unattainable to her because it was so extreme, but &apos;now we are realizing health starts from the inside out&apos;. 

All smiles: The Aerie spokesmodel hosted an emotional Facebook Live chat with Holly Rilinger, Charli Howard, and Melissa Tepperberg (from left to right) on Thursday in New York 
&apos;If you would have told my 15-year-old self you&apos;ll be like four dress sizes bigger but you will be healthier than ever... because it&apos;s not a about size,&apos; she stressed. &apos;It&apos;s about how you feel from the inside out. It&apos;s about how you treat yourself, how you speak to yourself.&apos; 
The curvy model said she actually has a girlfriend who calls her body &apos;she&apos; and talks to it like it is a goddess. 
&apos;We are all energy,&apos; she noted. &apos;If you are talking to yourself in a loving way you just become more fulfilled, more happy. Your light shines brighter.&apos; 
Iskra kicked off the discussion by having each of the women say their name and share at least one thing they like about themselves. 
Opening up: Actress Lea Michelle (second row, center left) and fashion blogger Leandra Medine (second row, center right) also attended the empowering event 
Female power: The participants, who are all different shapes and sizes, came together to discuss body confidence 
While she said she loves that she has compassion for &apos;everyone and anyone&apos;, Lea, 30, admitted that she really loves the things that make her unique such as her nose. 
&apos;I didn&apos;t fix it and people told me I f g should,&apos; she said, earning plenty of laughs from the group. 
The women went on to discuss what makes them feel empowered, and Iskra said that for her, it is knowing that her worth isn&apos;t just based on her appearance. 
Spreading the word: During the chat, Iskra insisted that women need to talk to their bodies in a more loving way because it is about &apos;how you feel from the inside out&apos; 
Strike a pose: Iskra was all smiles as she posed with Aya Kanai, the executive fashion director at Cosmopolitan and Seventeen magazines 
&apos;I have been learning that more and more that we are so more than just the physical, and I think it is really exciting time for females everywhere to just embrace that, like who we are,&apos; she said. 
Learning to take of yourself was an ongoing conversation topic, and Leandra, 27, candidly spoke about how she really mothered herself after her heartbreaking miscarriage, and Lea opened up about being single. 
&apos;Talk about about self-care, my house is basically an at-home spa,&apos; she joked. &apos;If I make one more hand-made body scrub, I am going to start jarring them soon and have my own brand. But that is what I do to take care of me, which then makes me a better friend, and daughter, and an employee.&apos; 
Sweating it out: Before the event, Iskra and Lea enjoyed one of fitness star Holly Rilinger&apos;s &apos;Lifted&apos; workout classes Style star: Iskra said she believes that women can be their own role models 
When talking about role models, Iskra admitted that she believes that women can be their own role models and she sees herself as one. 
&apos;If you think about being a role model for yourself, don&apos;t let it put any pressure on you but you can be,&apos; she explained. &apos;I don&apos;t set too high a standard for myself because we don&apos;t need to. We are imperfect. We are meant to be human.&apos; 
Before the event, Iskra and Lea enjoyed one of fitness star Holly Rilinger&apos;s &apos;Lifted&apos; workout classes at the Aerie pop-up in New York City&apos;s Soho neighborhood, and the two were all smiles as they stretched and meditated. 
Love yourself: The curvy model also admitted that&apos; staying confident is a daily thing that you have to work on&apos; 
It has been a busy week for Iskra, who also gave advice to kids on how to be more confident in a video created by Glamour. 
&apos;Staying confident is a daily thing that you have to work on,&apos; she said. &apos;You need to find little tricks and tips that get you out of feeling shy and insecure — because your value is so much more than just what other people think of you or the way they look at you.&apos; 
Iskra stressed that everyone should know how strong and powerful they really are, noting that &apos;no one else could ever be you&apos;. 
&apos;You are really cool. You are really, really special and just know that and just go out there and be like: &quot;There is only one of me in the world and I am going own it. I am going to be confident because I can,&quot;&apos; she said.   36 minutes ago
</topic_text>
<spam_score>0.00</spam_score>
<post_num>1</post_num>
<post_id>post-1</post_id>
<post_url>http://www.capitalbay.news/lifestlye/1103737-it-s-about-how-you-feel-from-the-inside-out-plus-size-model-iskra-lawrence-on-how-she-learned-to-feel-confident-about-her-body-as-she-hands-out-advice-on-how-to-handle-haters.html</post_url>
<post_date>20161217</post_date>
<post_time>0606</post_time>
<username></username>
<post>
▴ Advertisement ▴ The 26-year-old model hosted an #AerieReal Talk at the brand&apos;s pop-up in New York City&apos;s Soho neighborhood on Thursday Actress Lea Michele, model Charli Howard, and fashion blogger Leandra Medine were among the women in the group During the chat, Iskra insisted that women need to talk to their bodies in a more loving way because it is about &apos;how you feel from the inside out&apos; 
Iskra Lawrence once struggled to be a straight-sized model, but she insists that she is proud to be four sizes larger than her teenage self because she is now healthier than ever. 
The 26-year-old Aerie spokesmodel hosted an emotional Facebook Live chat about body confidence with women of all different shapes and sizes, including actress Lea Michele, fellow model Charli Howard, and fashion blogger Leandra Medine. 
During the #AerieReal Talk, Iskra told the group that the health and fitness industry once seemed so unattainable to her because it was so extreme, but &apos;now we are realizing health starts from the inside out&apos;. 

All smiles: The Aerie spokesmodel hosted an emotional Facebook Live chat with Holly Rilinger, Charli Howard, and Melissa Tepperberg (from left to right) on Thursday in New York 
&apos;If you would have told my 15-year-old self you&apos;ll be like four dress sizes bigger but you will be healthier than ever... because it&apos;s not a about size,&apos; she stressed. &apos;It&apos;s about how you feel from the inside out. It&apos;s about how you treat yourself, how you speak to yourself.&apos; 
The curvy model said she actually has a girlfriend who calls her body &apos;she&apos; and talks to it like it is a goddess. 
&apos;We are all energy,&apos; she noted. &apos;If you are talking to yourself in a loving way you just become more fulfilled, more happy. Your light shines brighter.&apos; 
Iskra kicked off the discussion by having each of the women say their name and share at least one thing they like about themselves. 
Opening up: Actress Lea Michelle (second row, center left) and fashion blogger Leandra Medine (second row, center right) also attended the empowering event 
Female power: The participants, who are all different shapes and sizes, came together to discuss body confidence 
While she said she loves that she has compassion for &apos;everyone and anyone&apos;, Lea, 30, admitted that she really loves the things that make her unique such as her nose. 
&apos;I didn&apos;t fix it and people told me I f g should,&apos; she said, earning plenty of laughs from the group. 
The women went on to discuss what makes them feel empowered, and Iskra said that for her, it is knowing that her worth isn&apos;t just based on her appearance. 
Spreading the word: During the chat, Iskra insisted that women need to talk to their bodies in a more loving way because it is about &apos;how you feel from the inside out&apos; 
Strike a pose: Iskra was all smiles as she posed with Aya Kanai, the executive fashion director at Cosmopolitan and Seventeen magazines 
&apos;I have been learning that more and more that we are so more than just the physical, and I think it is really exciting time for females everywhere to just embrace that, like who we are,&apos; she said. 
Learning to take of yourself was an ongoing conversation topic, and Leandra, 27, candidly spoke about how she really mothered herself after her heartbreaking miscarriage, and Lea opened up about being single. 
&apos;Talk about about self-care, my house is basically an at-home spa,&apos; she joked. &apos;If I make one more hand-made body scrub, I am going to start jarring them soon and have my own brand. But that is what I do to take care of me, which then makes me a better friend, and daughter, and an employee.&apos; 
Sweating it out: Before the event, Iskra and Lea enjoyed one of fitness star Holly Rilinger&apos;s &apos;Lifted&apos; workout classes Style star: Iskra said she believes that women can be their own role models 
When talking about role models, Iskra admitted that she believes that women can be their own role models and she sees herself as one. 
&apos;If you think about being a role model for yourself, don&apos;t let it put any pressure on you but you can be,&apos; she explained. &apos;I don&apos;t set too high a standard for myself because we don&apos;t need to. We are imperfect. We are meant to be human.&apos; 
Before the event, Iskra and Lea enjoyed one of fitness star Holly Rilinger&apos;s &apos;Lifted&apos; workout classes at the Aerie pop-up in New York City&apos;s Soho neighborhood, and the two were all smiles as they stretched and meditated. 
Love yourself: The curvy model also admitted that&apos; staying confident is a daily thing that you have to work on&apos; 
It has been a busy week for Iskra, who also gave advice to kids on how to be more confident in a video created by Glamour. 
&apos;Staying confident is a daily thing that you have to work on,&apos; she said. &apos;You need to find little tricks and tips that get you out of feeling shy and insecure — because your value is so much more than just what other people think of you or the way they look at you.&apos; 
Iskra stressed that everyone should know how strong and powerful they really are, noting that &apos;no one else could ever be you&apos;. 
&apos;You are really cool. You are really, really special and just know that and just go out there and be like: &quot;There is only one of me in the world and I am going own it. I am going to be confident because I can,&quot;&apos; she said.   36 minutes ago
</post>
<signature>

</signature>
<external_links>

</external_links>
<country>US</country>
<main_image>http://www.capitalbay.news/thumbnail.php?file=Iskra_Lawrence_701881690.jpg&amp;size=article_large</main_image>
</document>
