<?xml version="1.0" encoding="UTF-8"?>
<document>
<type>mainstream</type>
<forum>http://feeds.feedburner.com/TheBestNews</forum>
<forum_title>The Best News</forum_title>
<discussion_title>Πάτρα: Προφυλακίστηκαν οι τέσσερις από τους οχτώ συλληφθέντες, για διακίνηση μεταναστών, μέσω του λιμανιού</discussion_title>
<language>greek</language>
<gmt_offset></gmt_offset>
<topic_url>http://www.thebest.gr/news/index/viewStory/420798</topic_url>
<topic_text>
Πάτρα: Προφυλακίστηκαν οι τέσσερις από τους οχτώ συλληφθέντες, για διακίνηση μεταναστών, μέσω του λιμανιού Ολοκληρώθηκαν οι απολογίες τους 
Ολοκληρώθηκαν χθες στον Ανακριτή Πατρών οι απολογίες των συλληφθέντων από την Ασφάλεια Πατρών, για συμμετοχή σε κύκλωμα διακίνησης μεταναστών, μέσω του λιμανιού της Πάτρας. 
Από τους 8 συλληφθέντες, μέσα στους οποίους είναι και ο αρχηγός της ομάδας, σύμφωνα με την αστυνομία οι τέσσερις κρίθηκαν προφυλακιστέοι, δύο αφέθησαν ελεύθεροι με την επιβολή περιοριστικών μέτρων, ενώ οι δύο Ιρακινοί που πιάστηκαν μέσα σε φορτηγό προκειμένου να διαφύγουν στην Ιταλία, οδηγήθηκαν στο αυτόφωρο.
</topic_text>
<spam_score>0.00</spam_score>
<post_num>1</post_num>
<post_id>post-1</post_id>
<post_url>http://www.thebest.gr/news/index/viewStory/420798</post_url>
<post_date>20161217</post_date>
<post_time>0849</post_time>
<username>info@thebest.gr ()</username>
<post>
Πάτρα: Προφυλακίστηκαν οι τέσσερις από τους οχτώ συλληφθέντες, για διακίνηση μεταναστών, μέσω του λιμανιού Ολοκληρώθηκαν οι απολογίες τους 
Ολοκληρώθηκαν χθες στον Ανακριτή Πατρών οι απολογίες των συλληφθέντων από την Ασφάλεια Πατρών, για συμμετοχή σε κύκλωμα διακίνησης μεταναστών, μέσω του λιμανιού της Πάτρας. 
Από τους 8 συλληφθέντες, μέσα στους οποίους είναι και ο αρχηγός της ομάδας, σύμφωνα με την αστυνομία οι τέσσερις κρίθηκαν προφυλακιστέοι, δύο αφέθησαν ελεύθεροι με την επιβολή περιοριστικών μέτρων, ενώ οι δύο Ιρακινοί που πιάστηκαν μέσα σε φορτηγό προκειμένου να διαφύγουν στην Ιταλία, οδηγήθηκαν στο αυτόφωρο.
</post>
<signature>

</signature>
<external_links>

</external_links>
<country>GR</country>
<main_image>http://cdn.thebest.gr/media/images/original/cjocnvujxr5854fb70d6c13.jpg</main_image>
</document>
