<?xml version="1.0" encoding="UTF-8"?>
<document>
<type>mainstream</type>
<forum>http://feeds.feedburner.com/TheBestNews</forum>
<forum_title>The Best News</forum_title>
<discussion_title>Τουρκία: 13 νεκροί από έκρηξη σε λεωφορείο</discussion_title>
<language>greek</language>
<gmt_offset></gmt_offset>
<topic_url>http://www.thebest.gr/news/index/viewStory/420799</topic_url>
<topic_text>
Τουρκία: 13 νεκροί από έκρηξη σε λεωφορείο-Διαμελισμένα σώματα στον δρόμο Έξω από το Πανεπιστήμιο Ερσιγές της Καισάρειας 
Τουλάχιστον 13 είναι οι νεκροί από την έκρηξη που σημειώθηκε σε λεωφορείο έξω από το Πανεπιστήμιο Ερσιγές της Καισάρειας στην Τουρκία, και τουλάχιστον 48 οι τραυματίες, μεταδίδει το τουρκικό NTV, που επικαλείται πηγές του στρατού. Πηγές του τουρκικού στρατού αναφέρουν ότι έχουν σκοτωθεί 13 στρατιώτες, και ότι πιθανότατα υπάρχουν και τραυματισμένοι πολίτες. 
Την ώρα της έκρηξης το λεωφορείο βρισκόταν εν κινήσει και μετέφερε στρατιώτες εκτός υπηρεσίας αλλά και πολίτες. Η έκρηξη σημειώθηκε καθώς το λεωφορείο περνούσε δίπλα από αυτοκίνητο, που ήταν φορτωμένο με εκρηκτικά. 
Ο αναπληρωτής πρωθυπουργός, Βεγίσι Καϊνάκ, είπε ότι η επίθεση είχε στόχο λεωφορείο που μετέφερε στρατιώτες και ότι η επίθεση μοιάζει πολύ με αυτή στο στάδιο της Μπεσίκτας την περασμένη εβδομάδα. 
Το νέο χτύπημα έγινε μία εβδομάδα μετά τη διπλή βομβιστική επίθεση έξω από το γήπεδο της Μπεσίκτας στην Κωνσταντινούπολη, κατά την οποία σκοτώθηκαν 44 άνθρωποι και τραυματίστηκαν 150. 
AΜΠΕ
</topic_text>
<spam_score>0.00</spam_score>
<post_num>1</post_num>
<post_id>post-1</post_id>
<post_url>http://www.thebest.gr/news/index/viewStory/420799</post_url>
<post_date>20161217</post_date>
<post_time>0857</post_time>
<username>info@thebest.gr ()</username>
<post>
Τουρκία: 13 νεκροί από έκρηξη σε λεωφορείο-Διαμελισμένα σώματα στον δρόμο Έξω από το Πανεπιστήμιο Ερσιγές της Καισάρειας 
Τουλάχιστον 13 είναι οι νεκροί από την έκρηξη που σημειώθηκε σε λεωφορείο έξω από το Πανεπιστήμιο Ερσιγές της Καισάρειας στην Τουρκία, και τουλάχιστον 48 οι τραυματίες, μεταδίδει το τουρκικό NTV, που επικαλείται πηγές του στρατού. Πηγές του τουρκικού στρατού αναφέρουν ότι έχουν σκοτωθεί 13 στρατιώτες, και ότι πιθανότατα υπάρχουν και τραυματισμένοι πολίτες. 
Την ώρα της έκρηξης το λεωφορείο βρισκόταν εν κινήσει και μετέφερε στρατιώτες εκτός υπηρεσίας αλλά και πολίτες. Η έκρηξη σημειώθηκε καθώς το λεωφορείο περνούσε δίπλα από αυτοκίνητο, που ήταν φορτωμένο με εκρηκτικά. 
Ο αναπληρωτής πρωθυπουργός, Βεγίσι Καϊνάκ, είπε ότι η επίθεση είχε στόχο λεωφορείο που μετέφερε στρατιώτες και ότι η επίθεση μοιάζει πολύ με αυτή στο στάδιο της Μπεσίκτας την περασμένη εβδομάδα. 
Το νέο χτύπημα έγινε μία εβδομάδα μετά τη διπλή βομβιστική επίθεση έξω από το γήπεδο της Μπεσίκτας στην Κωνσταντινούπολη, κατά την οποία σκοτώθηκαν 44 άνθρωποι και τραυματίστηκαν 150. 
AΜΠΕ
</post>
<signature>

</signature>
<external_links>

</external_links>
<country>GR</country>
<main_image>http://cdn.thebest.gr/media/images/original/ilxchitvij5854fdc328aa3.jpg</main_image>
</document>
