<?xml version="1.0" encoding="UTF-8"?>
<document>
<type>mainstream</type>
<forum>http://www.southendstandard.co.uk/news/rss</forum>
<forum_title>Southend Standard | News</forum_title>
<discussion_title>Man arrested after armed robbery of security van in which hundreds of thousands of pounds was stolen</discussion_title>
<language>english</language>
<gmt_offset></gmt_offset>
<topic_url>http://www.braintreeandwithamtimes.co.uk/news/north_essex_news/14971574.UPDATED__Man_arrested_and_bailed_after_armed_robbery_of_security_van_in_which_hundreds_of_thousands_of_pounds_was_stolen/</topic_url>
<topic_text>
  Man from Romford arrested in connection with armed robbery of security van outside Asda in Witham Man arrested in connection with armed robbery of security van 
A MAN has been arrested in connection with the armed robbery of a security van in Witham. 
Police were called at 8.40am on Wednesday to reports of the two security guards being robbed at gunpoint by three men outside of the Asda store in Highfields Road. 
The guards were delivering the cash when they were approached by three men, all wearing balaclavas, who demanded they hand over the money. 
One of the suspects is believed to have been armed with a shotgun. 
The man, 35 and from Romford, was arrested by officers including specialists firearms officers in Billericay High Street at 10.30am yesterday. 
He has now been released on bail until March 15 next year. 
Police are still appealing for any witnesses that have not yet got in touch to come forward. 
They also want to speak to anyone who may have camera footage or photographs. 
Anyone with information is asked to contact Dc Sarah Jeffreies at the Serious and Organised Crime Unit on 101. 
Alternatively, you can contact independent crime-fighting charity Crimestoppers anonymously on 0800 555111 or www.crimestoppers-uk.org - no personal details are taken, information cannot be traced or recorded and you will not have to attend court.
</topic_text>
<spam_score>0.00</spam_score>
<post_num>1</post_num>
<post_id>post-1</post_id>
<post_url>http://www.braintreeandwithamtimes.co.uk/news/north_essex_news/14971574.UPDATED__Man_arrested_and_bailed_after_armed_robbery_of_security_van_in_which_hundreds_of_thousands_of_pounds_was_stolen/</post_url>
<post_date>20161216</post_date>
<post_time>1143</post_time>
<username></username>
<post>
  Man from Romford arrested in connection with armed robbery of security van outside Asda in Witham Man arrested in connection with armed robbery of security van 
A MAN has been arrested in connection with the armed robbery of a security van in Witham. 
Police were called at 8.40am on Wednesday to reports of the two security guards being robbed at gunpoint by three men outside of the Asda store in Highfields Road. 
The guards were delivering the cash when they were approached by three men, all wearing balaclavas, who demanded they hand over the money. 
One of the suspects is believed to have been armed with a shotgun. 
The man, 35 and from Romford, was arrested by officers including specialists firearms officers in Billericay High Street at 10.30am yesterday. 
He has now been released on bail until March 15 next year. 
Police are still appealing for any witnesses that have not yet got in touch to come forward. 
They also want to speak to anyone who may have camera footage or photographs. 
Anyone with information is asked to contact Dc Sarah Jeffreies at the Serious and Organised Crime Unit on 101. 
Alternatively, you can contact independent crime-fighting charity Crimestoppers anonymously on 0800 555111 or www.crimestoppers-uk.org - no personal details are taken, information cannot be traced or recorded and you will not have to attend court.
</post>
<signature>

</signature>
<external_links>

</external_links>
<country>GB</country>
<main_image>http://www.southendstandard.co.uk/resources/images/5811400/</main_image>
</document>
