<?xml version="1.0" encoding="UTF-8"?>
<document>
<type>mainstream</type>
<forum>http://www.theguardian.com/theguardian/2014/sep/10/mainsection/rss</forum>
<forum_title>The Guardian</forum_title>
<discussion_title>I was hired as an assistant, but have ended up doing the job of a manager | Money</discussion_title>
<language>english</language>
<gmt_offset></gmt_offset>
<topic_url>https://www.theguardian.com/money/2016/dec/16/hired-assistant-doing-job-of-manager-pay-rise</topic_url>
<topic_text>
Six months ago I joined a small company as an area assistant. Two months after starting, my area manager was made redundant and I ended up with his workload as well as my own.
He was asked to leave because our company has been purchased by a multinational. The new boss of our company has been working with me for the past few months and I’ve been praised for my work many times. 
However, my duties are obviously way beyond what I was hired to do and I have landed up with an incredible amount of responsibility. I am now doing exactly the same job as the “redundant” area manager but am still, on paper, an “assistant”.
My co-workers also seem to resent the fact I have a good relationship with the boss and I feel this gets in the way of my work. I suppose this is a hangover from the takeover, which caused a lot of worry and was unsettling for everyone. 
I like my position and the upside is that I get to learn and be challenged more than before. However, not surprisingly, I want a pay rise. My boss seems reluctant to discuss this. I only mentioned it once, saying I expected a rise at some point, but that’s all.
What should I do? I can get another job for double the money (I am not exaggerating!) but I enjoy what I do.
Do you need advice on a work issue? For Jeremy’s and readers’ help, send a brief email to dear.jeremy@theguardian.com . Please note that he is unable to answer questions of a legal nature or to reply personally.
</topic_text>
<spam_score>0.00</spam_score>
<post_num>17</post_num>
<post_id>post-17</post_id>
<post_url>https://www.theguardian.com/money/2016/dec/16/hired-assistant-doing-job-of-manager-pay-rise#comment-89596560</post_url>
<post_date>20161216</post_date>
<post_time>1346</post_time>
<username>ReadingTim</username>
<post>
In most private sector organisations, pay rises are linked to your annual or bi-annual performance review/appraisal, therefore it&apos;s unlikely anything will happen before that time - most companies don&apos;t go for ad hoc increases unless it&apos;s for someone who&apos;s a real risk of departure, and is critical to the business. Come your appraisal, you&apos;ll need to demonstrate how you&apos;ve taken on more responsibility, developed your existing role, met and exceeded your targets, objectives etc - basically make it impossible for them not to give you a pay rise. You won&apos;t get one by simply being there for another year, but that&apos;s not the case with you. Assuming that process happens, and you get a raise but not one has large as you&apos;d hoped, you&apos;ll then need to be able to justify the higher amount with reference to comparable roles in your industry. 
However, bear in mind that often companies will determine how much the total pay increase for the group will be, so for you to get more than the average, someone else has to get less. There may also be limits on the percentage raise someone at a certain level can possibly get, regardless of how great a job they&apos;ve done, and as someone else said, given they made the manager redundant, they might not want to regrade your job to the same as what his was for fear of a claim for constructive dismissal. Equally, if the company has been taken over, the new management maybe on a cost cutting drive, so they won&apos;t be squandering the money they&apos;ve saved by getting rid of people by giving those remaining pay rises! 
One final thing to say with regard to ultimatums and threats to leave - some HR departments may feel that counter-offers don&apos;t work, as they think that the employee&apos;s loyalty to the company has already been broken, and many employees leave even after the raise. You should therefore think about what you&apos;d do if you were flat out refused any sort of increase - would you stay or go?
</post>
<signature>

</signature>
<external_links>

</external_links>
<country>US</country>
<main_image>https://i.guim.co.uk/img/media/95398edb548772bbebd36e1f8cf9148e223b1e34/0_41_640_384/master/640.jpg?w=1200&amp;amp;h=630&amp;amp;q=55&amp;amp;auto=format&amp;amp;usm=12&amp;amp;fit=crop&amp;amp;crop=faces%2Centropy&amp;amp;bm=normal&amp;amp;ba=bottom%2Cleft&amp;amp;blend64=aHR0cHM6Ly91cGxvYWRzLmd1aW0uY28udWsvMjAxNi8wNS8yNS9vdmVybGF5LWxvZ28tMTIwMC05MF9vcHQucG5n&amp;amp;s=eae3730b9776293eb2cf452624ec4878</main_image>
</document>
