<?xml version="1.0" encoding="UTF-8"?>
<document>
<type>mainstream</type>
<forum>http://feeds.feedburner.com/TheBestNews</forum>
<forum_title>The Best News</forum_title>
<discussion_title>Αγρίνιο: Της την &quot;έπεσαν&quot; πέντε γυναίκες και της πήραν το πορτοφόλι</discussion_title>
<language>greek</language>
<gmt_offset></gmt_offset>
<topic_url>http://www.thebest.gr/news/index/viewStory/420794</topic_url>
<topic_text>
Αγρίνιο: Της την &quot;έπεσαν&quot; πέντε γυναίκες και της πήραν το πορτοφόλι Αλλά συνελήφθησαν 
Συνελήφθησαν χθες το μεσημέρι, στο Αγρίνιο, μετά από άμεση κινητοποίηση των Αστυνομικών της Ομάδας ΔΙ.ΑΣ της Διεύθυνσης Αστυνομίας Ακαρνανίας , πέντε ημεδαπές γυναίκες, ηλικίας 29, 24, 20, 18 και 18 ετών, διότι , σύμφωνα με την αστυνομία, ενεργώντας από κοινού, με την μέθοδο της απασχόλησης, αφαίρεσαν από 83χρονη ημεδαπή, το πορτοφόλι της που περιείχε το χρηματικό ποσό των εβδομήντα 70 ευρώ και διάφορα προσωπικά της έγγραφα.
</topic_text>
<spam_score>0.00</spam_score>
<post_num>1</post_num>
<post_id>post-1</post_id>
<post_url>http://www.thebest.gr/news/index/viewStory/420794</post_url>
<post_date>20161217</post_date>
<post_time>0830</post_time>
<username>info@thebest.gr ()</username>
<post>
Αγρίνιο: Της την &quot;έπεσαν&quot; πέντε γυναίκες και της πήραν το πορτοφόλι Αλλά συνελήφθησαν 
Συνελήφθησαν χθες το μεσημέρι, στο Αγρίνιο, μετά από άμεση κινητοποίηση των Αστυνομικών της Ομάδας ΔΙ.ΑΣ της Διεύθυνσης Αστυνομίας Ακαρνανίας , πέντε ημεδαπές γυναίκες, ηλικίας 29, 24, 20, 18 και 18 ετών, διότι , σύμφωνα με την αστυνομία, ενεργώντας από κοινού, με την μέθοδο της απασχόλησης, αφαίρεσαν από 83χρονη ημεδαπή, το πορτοφόλι της που περιείχε το χρηματικό ποσό των εβδομήντα 70 ευρώ και διάφορα προσωπικά της έγγραφα.
</post>
<signature>

</signature>
<external_links>

</external_links>
<country>GR</country>
<main_image>http://cdn.thebest.gr/media/images/original/dtygjfitan5854f78bbdb7f.jpg</main_image>
</document>
