<?xml version="1.0" encoding="UTF-8"?>
<document>
<type>mainstream</type>
<forum>http://www.lematin.ch/rss_ticker.html</forum>
<forum_title>Newsticker von Le Matin</forum_title>
<discussion_title>Des milliers de personnes attendent toujours à Alep</discussion_title>
<language>french</language>
<gmt_offset></gmt_offset>
<topic_url>http://www.lematin.ch/monde/milliers-personnes-attendent-toujours-alep/story/10084038</topic_url>
<topic_text>
Description de l&apos;erreur* Veuillez SVP entrez une adresse e-mail valide 
Des milliers de rebelles et de civils attendaient samedi, dans le froid et dans la faim, la reprise des évacuations des derniers quartiers rebelles d&apos;Alep, a constaté l&apos;AFP. Ces opérations ont été suspendues la veille par le régime de Bachar el-Assad. 
Un responsable rebelle a indiqué qu&apos;un accord pour la reprise des opérations avait été trouvé. Toutefois, aucune confirmation n&apos;a été donnée par le régime. 
Il resterait environ 40&apos;000 civils dans le réduit rebelle d&apos;Alep et de 1500 à 5000 combattants avec leurs familles, selon l&apos;émissaire de l&apos;ONU pour la Syrie Staffan de Mistura. 
Déjà 8500 évacuations 
Dans le quartier d&apos;Al-Amiriyah, encore tenu en partie par les insurgés, des milliers de personnes ont passé la nuit dans les ruines des immeubles alentours dans l&apos;attente d&apos;une possible reprise des opérations. Les habitants sont privés d&apos;eau potable et de nourriture et subsistent en mangeant des dattes. 
Ils ont dormi dans les rues ou dans les immeubles ravagés, à même le sol, devant supporter une température qui avoisinait les -6 degrés. S&apos;attendant à un départ imminent, un grand nombre d&apos;entre eux avaient en effet brûlé leurs possessions pour éviter qu&apos;elles ne tombent entre les mains du régime, a constaté l&apos;AFP. 
Mais l&apos;armée syrienne a suspendu vendredi les évacuations en accusant les rebelles de «ne pas respecter les conditions de l&apos;accord». Une source militaire a affirmé que les insurgés avaient «ouvert le feu et voulu sortir des armes moyennes et prendre des otages». 
Depuis jeudi, environ 8500 personnes, dont 3000 combattants, ont été évacuées vers des territoires sous contrôle rebelle à l&apos;ouest d&apos;Alep, selon l&apos;Observatoire syrien des droits de l&apos;Homme (OSDH). (ats/nxp) (Créé: 17.12.2016, 10h01)
</topic_text>
<spam_score>0.00</spam_score>
<post_num>1</post_num>
<post_id>post-1</post_id>
<post_url>http://www.lematin.ch/monde/milliers-personnes-attendent-toujours-alep/story/10084038</post_url>
<post_date>20161217</post_date>
<post_time>0755</post_time>
<username></username>
<post>
Description de l&apos;erreur* Veuillez SVP entrez une adresse e-mail valide 
Des milliers de rebelles et de civils attendaient samedi, dans le froid et dans la faim, la reprise des évacuations des derniers quartiers rebelles d&apos;Alep, a constaté l&apos;AFP. Ces opérations ont été suspendues la veille par le régime de Bachar el-Assad. 
Un responsable rebelle a indiqué qu&apos;un accord pour la reprise des opérations avait été trouvé. Toutefois, aucune confirmation n&apos;a été donnée par le régime. 
Il resterait environ 40&apos;000 civils dans le réduit rebelle d&apos;Alep et de 1500 à 5000 combattants avec leurs familles, selon l&apos;émissaire de l&apos;ONU pour la Syrie Staffan de Mistura. 
Déjà 8500 évacuations 
Dans le quartier d&apos;Al-Amiriyah, encore tenu en partie par les insurgés, des milliers de personnes ont passé la nuit dans les ruines des immeubles alentours dans l&apos;attente d&apos;une possible reprise des opérations. Les habitants sont privés d&apos;eau potable et de nourriture et subsistent en mangeant des dattes. 
Ils ont dormi dans les rues ou dans les immeubles ravagés, à même le sol, devant supporter une température qui avoisinait les -6 degrés. S&apos;attendant à un départ imminent, un grand nombre d&apos;entre eux avaient en effet brûlé leurs possessions pour éviter qu&apos;elles ne tombent entre les mains du régime, a constaté l&apos;AFP. 
Mais l&apos;armée syrienne a suspendu vendredi les évacuations en accusant les rebelles de «ne pas respecter les conditions de l&apos;accord». Une source militaire a affirmé que les insurgés avaient «ouvert le feu et voulu sortir des armes moyennes et prendre des otages». 
Depuis jeudi, environ 8500 personnes, dont 3000 combattants, ont été évacuées vers des territoires sous contrôle rebelle à l&apos;ouest d&apos;Alep, selon l&apos;Observatoire syrien des droits de l&apos;Homme (OSDH). (ats/nxp) (Créé: 17.12.2016, 10h01)
</post>
<signature>

</signature>
<external_links>

</external_links>
<country>CH</country>
<main_image>http://files.newsnetz.ch/story/1/0/0/10084038/teaserbreitgross.jpg</main_image>
</document>
