<?xml version="1.0" encoding="UTF-8"?>
<document>
<type>mainstream</type>
<forum>http://www.schwarzwaelder-bote.de/.rss.feed</forum>
<forum_title>Schwarzwälder Bote - Lokal</forum_title>
<discussion_title>Bad-Dürrheim: Balance muss gefunden werden</discussion_title>
<language>german</language>
<gmt_offset></gmt_offset>
<topic_url>http://www.schwarzwaelder-bote.de/inhalt.bad-duerrheim-balance-muss-gefunden-werden.fb842548-75bc-4ee2-b192-bd49497acf4e.html</topic_url>
<topic_text>
Bad-Dürrheim Balance muss gefunden werden Von Schwarzwälder-Bote 17.12.2016 - 03:00 Uhr &apos; 
(flo). Innerhalb der Liste für Bürgerbeteiligung und Umweltschutz (LBU) ist der Begriff Balance doppelt und dreifach unterstrichen. &quot;Wir müssen Balance halten, die Stadt als Wohnort und Ort der Gesundheit immer wieder in Balance bringen&quot;, formulierte LBU-Sprecher Wolfgang Kaiser in der Haushaltsrede. Die LBU wünscht sich weitere Einfamilienhäuser auf der Ostbaar, gleichwohl dürfe die Schaffung von Eigentums- und Mietwohnungen nicht vergessen werden. Mit Blick auf den recht hohen Altersdurchschnitt in Bad Dürrheim bringt die LBU kleine Betreuungseinrichtungen und Wohngemeinschaften für Senioren ins Spiel, insgesamt seien diese Konzepte derzeit deutlich nachgefragt. Kaiser: &quot;Auch unser Radwegenetz kann noch verbessert werden. In Bezug auf den öffentlichen Personennahverkehr erscheint mir ein elektrischer Bürgerbus interessant.&quot; Das Naturschutzgroßprojekt Baar sollte weiter unterstützt werden, den &quot;Bürgerlichen&quot; zufolge stehen die folgenden kommunalen Jahre unter der Prämisse &quot;Sparen und Gestalten&quot;. Laut LBU präsentierte sich die Gemeinde in Verhandlungen mit Investoren und in Sachen Stadtplanung nicht immer ausreichend selbstbewusst, mitunter habe man nicht agiert sondern lediglich reagiert. Zur aktuellen Steuerpolitik fragt Kaiser: &quot;Welche Steuer wird eigentlich sinnlos erhoben?&quot; Kaiser weiter: &quot;Ich möchte der Verwaltung für die präzisen Auskünfte zu allen Fragen danken. Im Gemeinderat ging es meist kollegial und fair zu. Gerade dieser Rat hier hat in den letzten Jahren gut balanciert, auch wenn man hin und wieder anderes hört.&quot; Artikel bewerten
</topic_text>
<spam_score>0.00</spam_score>
<post_num>1</post_num>
<post_id>post-1</post_id>
<post_url>http://www.schwarzwaelder-bote.de/inhalt.bad-duerrheim-balance-muss-gefunden-werden.fb842548-75bc-4ee2-b192-bd49497acf4e.html</post_url>
<post_date>20161217</post_date>
<post_time>0200</post_time>
<username></username>
<post>
Bad-Dürrheim Balance muss gefunden werden Von Schwarzwälder-Bote 17.12.2016 - 03:00 Uhr &apos; 
(flo). Innerhalb der Liste für Bürgerbeteiligung und Umweltschutz (LBU) ist der Begriff Balance doppelt und dreifach unterstrichen. &quot;Wir müssen Balance halten, die Stadt als Wohnort und Ort der Gesundheit immer wieder in Balance bringen&quot;, formulierte LBU-Sprecher Wolfgang Kaiser in der Haushaltsrede. Die LBU wünscht sich weitere Einfamilienhäuser auf der Ostbaar, gleichwohl dürfe die Schaffung von Eigentums- und Mietwohnungen nicht vergessen werden. Mit Blick auf den recht hohen Altersdurchschnitt in Bad Dürrheim bringt die LBU kleine Betreuungseinrichtungen und Wohngemeinschaften für Senioren ins Spiel, insgesamt seien diese Konzepte derzeit deutlich nachgefragt. Kaiser: &quot;Auch unser Radwegenetz kann noch verbessert werden. In Bezug auf den öffentlichen Personennahverkehr erscheint mir ein elektrischer Bürgerbus interessant.&quot; Das Naturschutzgroßprojekt Baar sollte weiter unterstützt werden, den &quot;Bürgerlichen&quot; zufolge stehen die folgenden kommunalen Jahre unter der Prämisse &quot;Sparen und Gestalten&quot;. Laut LBU präsentierte sich die Gemeinde in Verhandlungen mit Investoren und in Sachen Stadtplanung nicht immer ausreichend selbstbewusst, mitunter habe man nicht agiert sondern lediglich reagiert. Zur aktuellen Steuerpolitik fragt Kaiser: &quot;Welche Steuer wird eigentlich sinnlos erhoben?&quot; Kaiser weiter: &quot;Ich möchte der Verwaltung für die präzisen Auskünfte zu allen Fragen danken. Im Gemeinderat ging es meist kollegial und fair zu. Gerade dieser Rat hier hat in den letzten Jahren gut balanciert, auch wenn man hin und wieder anderes hört.&quot; Artikel bewerten
</post>
<signature>

</signature>
<external_links>

</external_links>
<country>DE</country>
<main_image>http://www.schwarzwaelder-bote.de/www/schwarzwaelder_bote/images/logo_social.jpg</main_image>
</document>
