<?xml version="1.0" encoding="UTF-8"?>
<document>
<type>mainstream</type>
<forum>http://www.ogunhaber.com/rss</forum>
<forum_title>OGUNHABER</forum_title>
<discussion_title>Kasım Süleymani katliam anlarında Halep&apos;teydi</discussion_title>
<language>turkish</language>
<gmt_offset></gmt_offset>
<topic_url>http://www.ogunhaber.com/dunya/kasim-suleymani-katliam-anlarinda-halepteydi-705920h.html</topic_url>
<topic_text>
Kasım Süleymani katliam anlarında Halep&apos;teydi Kasım Süleymani katliam anlarında Halep&apos;teydi 0 - + Suriye&apos;nin doğu Halep bölgesinde rejim yanlısı yabancı teröristlerin 14 sivili öldürdüğü katiam sırasında, İran&apos;ın dış operasyonlarından sorumlu komutanı Kasım Süleymani&apos;nin bölgede bulunduğu bildirildi. Haber: Anadolu Ajansı - İran&apos;da rejimin kontrolündeki medyada dün öğleden sonra, Devrim Muhafızları Ordusu&apos;nun yurt dışındaki askeri ve istihbari faaliyetlerini yürüten Kudüs Kuvvetleri&apos;nin Komutanı Tümgeneral Kasım Süleymani&apos;nin Halep&apos;te çekilen güncel fotoğrafları yayınlandı. Fotoğraflar, Muhafazakarlara yakınlığıyla bilinen fardanews.com ve alef.ir adlı haber siteleri ile Humeyni ailesine ait jamaran.ir olmak üzere birçok İran medya kuruluşunda yer buldu. Rejim yanlısı yabancı teröristlerin, kuşatmadakileri tahliye eden konvoya saldırdığı anların, Süleymani&apos;nin Halep&apos;te bulunduğu vakte denk gelmesi dikkati çekti. İranlı General Seyid Cevad&apos;ın komutasındaki teröristler, konvoydaki 14 sivili öldürmüştü. Yaklaşık 800 kişiyi 5 saat süreyle rehin alan teröristler, herkesin üzerindeki eşyaları alıp pek çok kişiyi darp ettikten sonra araçlara yeniden bindirmiş, kuşatma bölgesine geri göndermişti. Cevad&apos;ın, Suriye&apos;deki faaliyetlerini Tümgeneral Süleymani&apos;ye bağlı yürüttüğü biliniyor.
</topic_text>
<spam_score>0.00</spam_score>
<post_num>1</post_num>
<post_id>post-1</post_id>
<post_url>http://www.ogunhaber.com/dunya/kasim-suleymani-katliam-anlarinda-halepteydi-705920h.html</post_url>
<post_date>20161217</post_date>
<post_time>0855</post_time>
<username></username>
<post>
Kasım Süleymani katliam anlarında Halep&apos;teydi Kasım Süleymani katliam anlarında Halep&apos;teydi 0 - + Suriye&apos;nin doğu Halep bölgesinde rejim yanlısı yabancı teröristlerin 14 sivili öldürdüğü katiam sırasında, İran&apos;ın dış operasyonlarından sorumlu komutanı Kasım Süleymani&apos;nin bölgede bulunduğu bildirildi. Haber: Anadolu Ajansı - İran&apos;da rejimin kontrolündeki medyada dün öğleden sonra, Devrim Muhafızları Ordusu&apos;nun yurt dışındaki askeri ve istihbari faaliyetlerini yürüten Kudüs Kuvvetleri&apos;nin Komutanı Tümgeneral Kasım Süleymani&apos;nin Halep&apos;te çekilen güncel fotoğrafları yayınlandı. Fotoğraflar, Muhafazakarlara yakınlığıyla bilinen fardanews.com ve alef.ir adlı haber siteleri ile Humeyni ailesine ait jamaran.ir olmak üzere birçok İran medya kuruluşunda yer buldu. Rejim yanlısı yabancı teröristlerin, kuşatmadakileri tahliye eden konvoya saldırdığı anların, Süleymani&apos;nin Halep&apos;te bulunduğu vakte denk gelmesi dikkati çekti. İranlı General Seyid Cevad&apos;ın komutasındaki teröristler, konvoydaki 14 sivili öldürmüştü. Yaklaşık 800 kişiyi 5 saat süreyle rehin alan teröristler, herkesin üzerindeki eşyaları alıp pek çok kişiyi darp ettikten sonra araçlara yeniden bindirmiş, kuşatma bölgesine geri göndermişti. Cevad&apos;ın, Suriye&apos;deki faaliyetlerini Tümgeneral Süleymani&apos;ye bağlı yürüttüğü biliniyor.
</post>
<signature>

</signature>
<external_links>

</external_links>
<country>US</country>
<main_image>http://www.ogunhaber.com/assets/uploads/news/kasim_suleymani_katliam_anlarinda_halepteydi_1481964963_642.jpg</main_image>
</document>
