<?xml version="1.0" encoding="UTF-8"?>
<document>
<type>mainstream</type>
<forum>http://www.glamlatte.com/feed/</forum>
<forum_title>Glam Latte</forum_title>
<discussion_title>Save Water, Get Great Hair</discussion_title>
<language>english</language>
<gmt_offset></gmt_offset>
<topic_url>http://www.glamlatte.com/save-water-get-great-hair</topic_url>
<topic_text>
December 16, 2016 Save Water, Get Great Hair Saving water has become a pretty important topic here in California, a place where we love the sun, however, getting little rain means making conservation a priority. 
This conservation starts at home, where showers account for 17% of all household water usage! And if you have a lot of hair, like me, you know that on those days you need to wash your hair, those showers can definitely run a bit long. 
Information on SaveOurWater.com suggests that taking a 5 minute shower, instead of 10, saves 12-25 gallons of water per shower. To help, Pantene has come up with an innovative way to do it with their ShowerGlass Limited Edition. 
First, the packaging on its shapoos contains a five minute hour glass timer designed to help us time our showers so we can get out faster. In addition, the shampoo and conditioner formula has technology that works together to help wash hair within 5 minutes. The shampoo generates lather quickly upon contact and rinses out immediately, while the conditioner features fast-acting ingredients that spread easily across hair when wet and instantly rinse out, providing a silky, smooth feel. 
If you are someone who cares about the environment, or a California resident who wants to help save water, this product is a great way to do your part. And one of the best parts for me, is how much time I save when I was my hair. 
Pantene, The ShowerGlass Limited Edition is available at Vons stores across the LA area. XO,
</topic_text>
<spam_score>0.00</spam_score>
<post_num>1</post_num>
<post_id>post-1</post_id>
<post_url>http://www.glamlatte.com/save-water-get-great-hair</post_url>
<post_date>20161216</post_date>
<post_time>0800</post_time>
<username>GlamLatte</username>
<post>
December 16, 2016 Save Water, Get Great Hair Saving water has become a pretty important topic here in California, a place where we love the sun, however, getting little rain means making conservation a priority. 
This conservation starts at home, where showers account for 17% of all household water usage! And if you have a lot of hair, like me, you know that on those days you need to wash your hair, those showers can definitely run a bit long. 
Information on SaveOurWater.com suggests that taking a 5 minute shower, instead of 10, saves 12-25 gallons of water per shower. To help, Pantene has come up with an innovative way to do it with their ShowerGlass Limited Edition. 
First, the packaging on its shapoos contains a five minute hour glass timer designed to help us time our showers so we can get out faster. In addition, the shampoo and conditioner formula has technology that works together to help wash hair within 5 minutes. The shampoo generates lather quickly upon contact and rinses out immediately, while the conditioner features fast-acting ingredients that spread easily across hair when wet and instantly rinse out, providing a silky, smooth feel. 
If you are someone who cares about the environment, or a California resident who wants to help save water, this product is a great way to do your part. And one of the best parts for me, is how much time I save when I was my hair. 
Pantene, The ShowerGlass Limited Edition is available at Vons stores across the LA area. XO,
</post>
<signature>

</signature>
<external_links>

</external_links>
<country>US</country>
<main_image>http://www.glamlatte.com/wp-content/uploads/2016/12/Pantene-c-3-1.jpg</main_image>
</document>
