<?xml version="1.0" encoding="UTF-8"?>
<document>
<type>mainstream</type>
<forum>http://www.schwarzwaelder-bote.de/.rss.feed</forum>
<forum_title>Schwarzwälder Bote - Lokal</forum_title>
<discussion_title>Villingen-Schwenningen: Frühere Moste wird Wohnzimmer</discussion_title>
<language>german</language>
<gmt_offset></gmt_offset>
<topic_url>http://www.schwarzwaelder-bote.de/inhalt.villingen-schwenningen-fruehere-moste-wird-wohnzimmer.c8bdb89a-49af-4645-9f6a-412ea701398a.html</topic_url>
<topic_text>
Villingen-Schwenningen Frühere Moste wird Wohnzimmer Von Georg Kaletta 17.12.2016 - 02:31 Uhr &apos; 1 Bilder Video Advertorial Auf der jüngsten Sitzung besichtigte Ortsvorsteherin Gudrun Furtwängler mit ihrem Gremium den fortgeschrittenen Umbau der ehemaligen Moste. Foto: Kaletta Foto: Schwarzwälder-Bote 
Es lässt sich schon deutlich erahnen, was es werden soll: Die ehemaligen Rietheimer Moste wird zu einem gemütlichen, Wärme ausstrahlenden und barrierefreien Raum umgebaut. 
VS-Rietheim. Zuletzt wurde der sich im Rathaus befindliche Gebäudeteil vom Gemeindearbeiter genutzt, der nach dem Umbau des Milchhäusles mit seinen Gerätschaften dort einziehen konnte. Danach wurde überlegt, wie der leer stehende Raum genutzt werden könne und es entstand der Wunsch, daraus einen Raum zu schaffen, den Vereine für kleine Feste nutzen können, oder ihn auch für Versammlungen und Vorträge zur Verfügung zu haben. 
Ein Großteil der Umbauarbeiten wurde schon durchgeführt. Eine Akustikdecke ist eingebaut, elektrische Leitungen wurden gezogen, und der Estrich wurde verlegt. Anfang Januar werden die vom Ortschaftsrat ausgesuchten hellgrauen Steinplatten verlegt, dann folgen die Arbeiten des Elektrikers, der auch neue ­Deckenstrahler installieren wird, abschließend wird der Maler ans Werk gehen. Dieser hat zur Auswahl einige Farbtöne von hellem bis zu etwas kräftigerem Gelb an die noch kahle Wand aufgetragen, auf der jüngsten Sitzung wurden diese vom Ortschaftsrat begutachtet. 
Auf der Tagesordnung stand die Beratung über die Farbgestaltung der Wände, doch Ortsvorsteherin Gudrun Furtwängler bat ihr Gremium, in den nächsten Tagen in den Raum zu gehen, um die Farben bei Tageslicht anzuschauen und danach eine Entscheidung zu treffen. Schließlich soll die Wandfarbe gut mit den Farben der Steinplatten harmonieren. Die gesamten Kosten, so konnte die Ortsvorsteherin mitteilen, werden sich im geplanten Rahmen bewegen, veranschlagt wurde eine Summe zwischen 55 000 und 60 000 Euro. Artikel bewerten
</topic_text>
<spam_score>0.00</spam_score>
<post_num>1</post_num>
<post_id>post-1</post_id>
<post_url>http://www.schwarzwaelder-bote.de/inhalt.villingen-schwenningen-fruehere-moste-wird-wohnzimmer.c8bdb89a-49af-4645-9f6a-412ea701398a.html</post_url>
<post_date>20161217</post_date>
<post_time>0131</post_time>
<username></username>
<post>
Villingen-Schwenningen Frühere Moste wird Wohnzimmer Von Georg Kaletta 17.12.2016 - 02:31 Uhr &apos; 1 Bilder Video Advertorial Auf der jüngsten Sitzung besichtigte Ortsvorsteherin Gudrun Furtwängler mit ihrem Gremium den fortgeschrittenen Umbau der ehemaligen Moste. Foto: Kaletta Foto: Schwarzwälder-Bote 
Es lässt sich schon deutlich erahnen, was es werden soll: Die ehemaligen Rietheimer Moste wird zu einem gemütlichen, Wärme ausstrahlenden und barrierefreien Raum umgebaut. 
VS-Rietheim. Zuletzt wurde der sich im Rathaus befindliche Gebäudeteil vom Gemeindearbeiter genutzt, der nach dem Umbau des Milchhäusles mit seinen Gerätschaften dort einziehen konnte. Danach wurde überlegt, wie der leer stehende Raum genutzt werden könne und es entstand der Wunsch, daraus einen Raum zu schaffen, den Vereine für kleine Feste nutzen können, oder ihn auch für Versammlungen und Vorträge zur Verfügung zu haben. 
Ein Großteil der Umbauarbeiten wurde schon durchgeführt. Eine Akustikdecke ist eingebaut, elektrische Leitungen wurden gezogen, und der Estrich wurde verlegt. Anfang Januar werden die vom Ortschaftsrat ausgesuchten hellgrauen Steinplatten verlegt, dann folgen die Arbeiten des Elektrikers, der auch neue ­Deckenstrahler installieren wird, abschließend wird der Maler ans Werk gehen. Dieser hat zur Auswahl einige Farbtöne von hellem bis zu etwas kräftigerem Gelb an die noch kahle Wand aufgetragen, auf der jüngsten Sitzung wurden diese vom Ortschaftsrat begutachtet. 
Auf der Tagesordnung stand die Beratung über die Farbgestaltung der Wände, doch Ortsvorsteherin Gudrun Furtwängler bat ihr Gremium, in den nächsten Tagen in den Raum zu gehen, um die Farben bei Tageslicht anzuschauen und danach eine Entscheidung zu treffen. Schließlich soll die Wandfarbe gut mit den Farben der Steinplatten harmonieren. Die gesamten Kosten, so konnte die Ortsvorsteherin mitteilen, werden sich im geplanten Rahmen bewegen, veranschlagt wurde eine Summe zwischen 55 000 und 60 000 Euro. Artikel bewerten
</post>
<signature>

</signature>
<external_links>

</external_links>
<country>DE</country>
<main_image>http://www.schwarzwaelder-bote.de/media.facebook.60d81a95-465c-4363-a466-ee66e1bc8561.normalized.jpg</main_image>
</document>
