<?xml version="1.0" encoding="UTF-8"?>
<document>
<type>mainstream</type>
<forum>http://www.barryanddistrictnews.co.uk/leisure/entertainments/rss</forum>
<forum_title>Barry And District News | Entertainments</forum_title>
<discussion_title>Hear about Joe Calzaghe&apos;s legendary career at St David&apos;s Hall</discussion_title>
<language>english</language>
<gmt_offset></gmt_offset>
<topic_url>http://www.barryanddistrictnews.co.uk/leisure/entertainments/14973093.Hear_about_Joe_Calzaghe__39_s_legendary_career_at_St_David__39_s_Hall/</topic_url>
<topic_text>
Have you got a local story, picture or video you would like to send to us? Send it to us now for a chance to get published. Services Hear about Joe Calzaghe&apos;s legendary career at St David&apos;s Hall Joe Calzaghe 0 comments 
TICKETS for An Audience with Joe Calzaghe are one sale now for a rare opportunity to hear about the career of the undefeated Welsh boxer. 
Calzaghe will share anecdotes about his career which came to an end in 2008 with 46 wins, no losses and 32 knock-outs. 
Interviewing the man himself will be Darren Everest and Mike Crawshaw of The Overtones, and VIP ticket holders will have the chance to ask their own questions. 
Calzaghe made his professional debut on October 1, 1993, on the undercard of the Lennox Lewis versus Frank Bruno bout at Cardiff Arms Park. 
The 21-year-old rookie made short work of 23-fight veteran Paul Hanlon by knocking him out within the first round. 
From there, Calzaghe’s career took off and within four years he had defeated Chris Eubank via unanimous decision to win the vacant WBO Super Middleweight Title. 
Calzaghe went on to become the longest-reigning Super Middleweight world champion in history having held the belt for more than 10 years and 21 successful defences before moving up to Light Heavyweight. 
In September 2005, he literally defeated Kenyan boxer Evans Ashira one-handed after breaking his left hand in the third round. 
In March 2006, Calzaghe easily overcame bookmakers’ favourite Jeff Lacy before two homecoming bouts at the Millennium Stadium against Peter Manfredo Jr and Mikkel Kessler the following year. 
Calzaghe capped the year by being crowned the 2007 BBC Sports Personality of the Year. 
There was still time for two fights across the Atlantic when Calzaghe recovered from first round knockdowns in both bouts to beat Bernard Hopkins and Roy Jones Jr on points in Las Vegas and New York respectively. 
On February 5, 2009, Calzaghe announced his retirement and became one of only 11 world champions to hang up their gloves as an undefeated world title holder. Ricky Hatton labelled him “the best British fighter we’ve ever had”, whilst BoxRec rates him as the best Super Middleweight of all time. 
Joe Calzaghe will speak at St David&apos;s Hall, Cardiff on Saturday, March 11, 2017. 
Standard tickets cost from £22.50 to £29.50. 
There is a limited amount of VIP experience tickets for £65. 
Please note a ticket service charge of £3.95 per transaction will be charged and an optional 95p postage fee. 
To book your seats, please visit stdavidshallcardiff.co.uk or call the box office on 029 2087 8444.
</topic_text>
<spam_score>0.00</spam_score>
<post_num>1</post_num>
<post_id>post-1</post_id>
<post_url>http://www.barryanddistrictnews.co.uk/leisure/entertainments/14973093.Hear_about_Joe_Calzaghe__39_s_legendary_career_at_St_David__39_s_Hall/</post_url>
<post_date>20161217</post_date>
<post_time>0801</post_time>
<username></username>
<post>
Have you got a local story, picture or video you would like to send to us? Send it to us now for a chance to get published. Services Hear about Joe Calzaghe&apos;s legendary career at St David&apos;s Hall Joe Calzaghe 0 comments 
TICKETS for An Audience with Joe Calzaghe are one sale now for a rare opportunity to hear about the career of the undefeated Welsh boxer. 
Calzaghe will share anecdotes about his career which came to an end in 2008 with 46 wins, no losses and 32 knock-outs. 
Interviewing the man himself will be Darren Everest and Mike Crawshaw of The Overtones, and VIP ticket holders will have the chance to ask their own questions. 
Calzaghe made his professional debut on October 1, 1993, on the undercard of the Lennox Lewis versus Frank Bruno bout at Cardiff Arms Park. 
The 21-year-old rookie made short work of 23-fight veteran Paul Hanlon by knocking him out within the first round. 
From there, Calzaghe’s career took off and within four years he had defeated Chris Eubank via unanimous decision to win the vacant WBO Super Middleweight Title. 
Calzaghe went on to become the longest-reigning Super Middleweight world champion in history having held the belt for more than 10 years and 21 successful defences before moving up to Light Heavyweight. 
In September 2005, he literally defeated Kenyan boxer Evans Ashira one-handed after breaking his left hand in the third round. 
In March 2006, Calzaghe easily overcame bookmakers’ favourite Jeff Lacy before two homecoming bouts at the Millennium Stadium against Peter Manfredo Jr and Mikkel Kessler the following year. 
Calzaghe capped the year by being crowned the 2007 BBC Sports Personality of the Year. 
There was still time for two fights across the Atlantic when Calzaghe recovered from first round knockdowns in both bouts to beat Bernard Hopkins and Roy Jones Jr on points in Las Vegas and New York respectively. 
On February 5, 2009, Calzaghe announced his retirement and became one of only 11 world champions to hang up their gloves as an undefeated world title holder. Ricky Hatton labelled him “the best British fighter we’ve ever had”, whilst BoxRec rates him as the best Super Middleweight of all time. 
Joe Calzaghe will speak at St David&apos;s Hall, Cardiff on Saturday, March 11, 2017. 
Standard tickets cost from £22.50 to £29.50. 
There is a limited amount of VIP experience tickets for £65. 
Please note a ticket service charge of £3.95 per transaction will be charged and an optional 95p postage fee. 
To book your seats, please visit stdavidshallcardiff.co.uk or call the box office on 029 2087 8444.
</post>
<signature>

</signature>
<external_links>

</external_links>
<country>GB</country>
<main_image>http://www.barryanddistrictnews.co.uk/resources/images/5798961/</main_image>
</document>
