<?xml version="1.0" encoding="UTF-8"?>
<document>
<type>mainstream</type>
<forum>http://feeds.feedburner.com/TheBestNews</forum>
<forum_title>The Best News</forum_title>
<discussion_title>Αμφιλοχία: Έριξαν ναφθαλίνη σε σχολείο και προκάλεσαν φθορές</discussion_title>
<language>greek</language>
<gmt_offset></gmt_offset>
<topic_url>http://www.thebest.gr/news/index/viewStory/420795</topic_url>
<topic_text>
Αμφιλοχία: Έριξαν ναφθαλίνη σε σχολείο και προκάλεσαν φθορές Δεν έγιναν μαθήματα 
Σύμφωνα με την αστυνομία,από αστυνομικούς του Αστυνομικού Τμήματος Αμφιλοχίας σχηματίστηκε δικογραφία σε βάρος αγνώστων δραστών, οι οποίοι την 16/12//2016 τα ξημερώματα, εισήλθαν από ανασφάλιστο παράθυρο του πρώτου ορόφου σε σχολικό συγκρότημα της Αμφιλοχίας, προκάλεσαν φθορές και τοποθέτησαν ναφθαλίνη στους διαδρόμους του σχολείου, με αποτέλεσμα την μη διεξαγωγή των χθεσινών μαθημάτων. 
Σύλληψη για υποκλοπή μεταφορικού έργου 
Συνελήφθη, χθες (16-12-2016) το απόγευμα, στο 91ο χιλιόμετρο της Εθνικής Οδού Αντιρρίου –Ιωαννίνων, από αστυνομικούς του Τμήματος Τροχαίας Αγρινίου, ένας 62χρονος αυτοκινητιστής, διότι κατελήφθη να οδηγεί (ΤΑΞΙ) ιδιοκτησίας του και να μεταφέρει τρεις πελάτες, ξένους μεταξύ τους, από την Αττική στην Αιτωλοακαρνανία, υποκλέπτοντας το μεταφορικό έργο που έχει ανατεθεί σε άλλο φορέα και πραγματοποιώντας παράλληλα πολλαπλή μίσθωση. Το thebest.gr δεν υιοθετεί κατ&apos; ανάγκην, τα σχόλια των αναγνωστών και σε περιπτώσεις υβριστικών, χυδαίων και ανακριβών πληροφοριών θα τα διαγράφει. 
Δημοσιεύτηκε:
</topic_text>
<spam_score>0.00</spam_score>
<post_num>1</post_num>
<post_id>post-1</post_id>
<post_url>http://www.thebest.gr/news/index/viewStory/420795</post_url>
<post_date>20161217</post_date>
<post_time>0835</post_time>
<username>info@thebest.gr ()</username>
<post>
Αμφιλοχία: Έριξαν ναφθαλίνη σε σχολείο και προκάλεσαν φθορές Δεν έγιναν μαθήματα 
Σύμφωνα με την αστυνομία,από αστυνομικούς του Αστυνομικού Τμήματος Αμφιλοχίας σχηματίστηκε δικογραφία σε βάρος αγνώστων δραστών, οι οποίοι την 16/12//2016 τα ξημερώματα, εισήλθαν από ανασφάλιστο παράθυρο του πρώτου ορόφου σε σχολικό συγκρότημα της Αμφιλοχίας, προκάλεσαν φθορές και τοποθέτησαν ναφθαλίνη στους διαδρόμους του σχολείου, με αποτέλεσμα την μη διεξαγωγή των χθεσινών μαθημάτων. 
Σύλληψη για υποκλοπή μεταφορικού έργου 
Συνελήφθη, χθες (16-12-2016) το απόγευμα, στο 91ο χιλιόμετρο της Εθνικής Οδού Αντιρρίου –Ιωαννίνων, από αστυνομικούς του Τμήματος Τροχαίας Αγρινίου, ένας 62χρονος αυτοκινητιστής, διότι κατελήφθη να οδηγεί (ΤΑΞΙ) ιδιοκτησίας του και να μεταφέρει τρεις πελάτες, ξένους μεταξύ τους, από την Αττική στην Αιτωλοακαρνανία, υποκλέπτοντας το μεταφορικό έργο που έχει ανατεθεί σε άλλο φορέα και πραγματοποιώντας παράλληλα πολλαπλή μίσθωση. Το thebest.gr δεν υιοθετεί κατ&apos; ανάγκην, τα σχόλια των αναγνωστών και σε περιπτώσεις υβριστικών, χυδαίων και ανακριβών πληροφοριών θα τα διαγράφει. 
Δημοσιεύτηκε:
</post>
<signature>

</signature>
<external_links>

</external_links>
<country>GR</country>
<main_image>http://cdn.thebest.gr/media/images/original/txgfpwuzcx5854f8986cf33.jpg</main_image>
</document>
