<?xml version="1.0" encoding="UTF-8"?>
<document>
<type>mainstream</type>
<forum>http://www.framtidinord.no/?widgetName=polarisFeeds&amp;widgetId=6351127&amp;getXmlFeed=true</forum>
<forum_title>framtidinord RSS</forum_title>
<discussion_title>Uklar framtid for EM-helten Solberg</discussion_title>
<language>norwegian</language>
<gmt_offset></gmt_offset>
<topic_url>http://www.framtidinord.no/ntb/sport/2016/12/17/Uklar-framtid-for-EM-helten-Solberg-13945239.ece</topic_url>
<topic_text>
  Uklar framtid for EM-helten Solberg Silje Solberg glitret i mål da Norge tok seg til EM-finalen med seier over Frankrike. Foto: Vidar Ruud / NTB scanpix Uklar framtid for EM-helten Solberg Silje Solberg herjet vanvittig med de franske spillerne i EM-semifinalen fredag. Hun har fått en ny sportslig vår i Paris, men det er ikke sikkert hun blir der lenger enn til sommeren. sport Skrevet av (NTB) NTB-Espen Hartvig  14  31 
Med over 60 i redningsprosent i 20-16-kampen, var hun banens store gigant mot flere lagvenninner. 
Solberg ble vraket til OL-troppen, men var i Rio de Janeiro som reserve. Fredag spilte hun sin beste landskamp etter å ha kommet inn etter vel ti minutter. Mot slutten tok hun «alt». Dermed spiller Norge sin 19. mesterskapsfinale på 18 år. 
- Paris er en herlig by med mange muligheter, og det er jo helt annerledes fra Holstebro der alle kjente meg. Jeg kan gå i fred i Paris. Det setter jeg pris på innimellom, sier Solberg til NTB. Avgjørelse 
Kontrakten hennes er på to sesonger, men Solberg har en klausul som gjør at hun kan slutte i Issy Paris etter denne sesongen. 
- Jeg har frist til 1. mars med å bestemme meg, sier Solberg. 
80 prosent av kontraktene i klubben løper ut til sommeren, og det er helt uklart hvem som blir. De beste Issy-spillerne vil også veldig gjerne spille mesterliga. Det gjør de ikke denne sesongen. 
Solberg er en så ettertraktet vare at hun trolig kan velge på øverste hylle av klubber. 
Norge spiller EM-finale mot Nederland søndag. Der kan fort Solbergs makker, Kari Aalvik Grimsbø, bli sentral. Hun har godt grep på de nederlandske skytterne. 
(©NTB) {{item.title}} 
 
</topic_text>
<spam_score>0.00</spam_score>
<post_num>1</post_num>
<post_id>post-1</post_id>
<post_url>http://www.framtidinord.no/ntb/sport/2016/12/17/Uklar-framtid-for-EM-helten-Solberg-13945239.ece</post_url>
<post_date>20161217</post_date>
<post_time>0814</post_time>
<username></username>
<post>
  Uklar framtid for EM-helten Solberg Silje Solberg glitret i mål da Norge tok seg til EM-finalen med seier over Frankrike. Foto: Vidar Ruud / NTB scanpix Uklar framtid for EM-helten Solberg Silje Solberg herjet vanvittig med de franske spillerne i EM-semifinalen fredag. Hun har fått en ny sportslig vår i Paris, men det er ikke sikkert hun blir der lenger enn til sommeren. sport Skrevet av (NTB) NTB-Espen Hartvig  14  31 
Med over 60 i redningsprosent i 20-16-kampen, var hun banens store gigant mot flere lagvenninner. 
Solberg ble vraket til OL-troppen, men var i Rio de Janeiro som reserve. Fredag spilte hun sin beste landskamp etter å ha kommet inn etter vel ti minutter. Mot slutten tok hun «alt». Dermed spiller Norge sin 19. mesterskapsfinale på 18 år. 
- Paris er en herlig by med mange muligheter, og det er jo helt annerledes fra Holstebro der alle kjente meg. Jeg kan gå i fred i Paris. Det setter jeg pris på innimellom, sier Solberg til NTB. Avgjørelse 
Kontrakten hennes er på to sesonger, men Solberg har en klausul som gjør at hun kan slutte i Issy Paris etter denne sesongen. 
- Jeg har frist til 1. mars med å bestemme meg, sier Solberg. 
80 prosent av kontraktene i klubben løper ut til sommeren, og det er helt uklart hvem som blir. De beste Issy-spillerne vil også veldig gjerne spille mesterliga. Det gjør de ikke denne sesongen. 
Solberg er en så ettertraktet vare at hun trolig kan velge på øverste hylle av klubber. 
Norge spiller EM-finale mot Nederland søndag. Der kan fort Solbergs makker, Kari Aalvik Grimsbø, bli sentral. Hun har godt grep på de nederlandske skytterne. 
(©NTB) {{item.title}} 
 
</post>
<signature>

</signature>
<external_links>

</external_links>
<country>NO</country>
<main_image>http://www.framtidinord.no/incoming/article13945238.ece/vlwj4b/BINARY/w980/high_tb944e7b.jpg</main_image>
</document>
