<?xml version="1.0" encoding="UTF-8"?>
<document>
<type>mainstream</type>
<forum>http://www.dailymail.co.uk/sport/football/articles.rss</forum>
<forum_title>Football Articles | Mail Online</forum_title>
<discussion_title>Luis Suarez signs new Barcelona contract worth £230,000 a week</discussion_title>
<language>english</language>
<gmt_offset></gmt_offset>
<topic_url>http://www.dailymail.co.uk/sport/football/article-4040876/Luis-Suarez-signs-new-Barcelona-contract-worth-230-000-week.html</topic_url>
<topic_text>
Luis Suarez has signed a lucrative contract extension at Barcelona which will earn the striker a whopping £230,000 per week.
The Uruguayan, who has scored 97 goals and contributed 48 assists since joining Barca in 2014, is now tied to the Spanish giants until 2021.
Suarez signed his new deal at the Nou Camp on Friday. 
Luis Suarez gives a thumbs-up to the camera as he poses at the Nou Camp
Suarez shakes hands with Barcelona president Josep Maria Bartomeu





Suarez has agreed a Barcelona deal until 2021 with a buy-out clause of €200m (£167.5m)
The Barcelona attacker signed the extension in the club&apos;s offices on Friday




The forward, who joined from Liverpool in a £75million deal two and a half years ago, will be 34 when the contract expires. 
President Josep Maria Bartomeu, director Javier Bordas, CEO Oscar Grau, director of professional sport Albert Soler and technical secretary Robert Fernandez well all present at the signing. 
Barcelona have inserted a buy-out clause of £167.5m to fend off potential suitors for a player who has won eight trophies with the Catalans. 

SUAREZ AT BARCA Joined: July 16, 2014 
Fee: £75million from Liverpool 
Appearances: 116 
Goals: 97 
Assists: 48 
Honours: La Liga (2), Copa del Rey (2), Champions League, Spanish Super Cup, European Super Cup, FIFA Club World Cup 
&apos;I am feeling overjoyed about being where I want to be. I feel very happy,&apos; Suarez said. 
&apos;It was the decision that we all wanted, both the club and me, we have a great relationship. 
&apos;Any player would want to end their career at a club where they feel comfortable. We&apos;ll have to see, but I will never lose either my ambition or my enthusiasm&apos;. 
The news means Barca have now tied down two of their prolific MSN strike triumvirate to fresh deals after Neymar penned a contract extension of his own earlier this year. 
Club officials will now sit down with Lionel Messi&apos;s father Jorge and hope that the prospect of playing for another four years with Neymar and Suarez will ensure that he agrees a new contract as well. 
Suarez has scored 97 goals in 116 games for the club since joining from Liverpool for £75m
</topic_text>
<spam_score>0.00</spam_score>
<post_num>6</post_num>
<post_id>post-6</post_id>
<post_url>http://www.dailymail.co.uk/sport/football/article-4040876/Luis-Suarez-signs-new-Barcelona-contract-worth-230-000-week.html#164201368</post_url>
<post_date>20161216</post_date>
<post_time>1433</post_time>
<username>Vik</username>
<post>
And yet Sanchez wants 250 at arsenal.... No arsenal fans I&apos;m not on your side, let me finish.. Suarez knows he will win honours there while leaving with a bigger name once his time is up.. Sanchez is weighing out how well he can do financially while slowly disappearing on the world scale as being known as a world wide superstar... No one can say he wouldn&apos;t have a bigger name in world football if he was playing for say byern or Juve
</post>
<signature>

</signature>
<external_links>

</external_links>
<country>GB</country>
<main_image>http://i.dailymail.co.uk/i/pix/2016/12/16/13/3B70EE7100000578-0-image-a-22_1481894506995.jpg</main_image>
</document>
