<?xml version="1.0" encoding="UTF-8"?>
<document>
<type>mainstream</type>
<forum>http://www.rtrs.tv/vijesti/rss.php</forum>
<forum_title>РТРС :: RSS</forum_title>
<discussion_title>Пуповац: Хајка на Србе мора да стане</discussion_title>
<language>serbian</language>
<gmt_offset></gmt_offset>
<topic_url>http://www.rtrs.tv/vijesti/vijest.php?id=235027</topic_url>
<topic_text>
17/12/2016 | 09:19   Пуповац: Хајка на Србе мора да стане Предсједник СНВ Милорад Пуповац изразио је очекивање да ће се кампања Аутохтоне хрватске странке права зауставити и да се такве групе и странке не толеришу. Милорад Пуповац Фото: РТРС 
Пуповац је поручио да је крајње вријеме да се сигурност и мир гарантују антифашистима и борцима за достојанство жртава у Јасеновцу. 
Он је за београдске Новости рекао да је СНВ информисао надлежне у Хрватској о претњама Аутохтоне хрватске странке права, која је за данас заказала протесте испред просторија његове странке. 
- То представља озбиљну пријетњу за наш рад и безбједност - истакао је Пуповац, додавши да је јуче разговарао са шефом дипломатије Давором Ивом Штиром и обавијестио га о озбиљним тешкоћама са којима се суочава он и његова странка. 
Предсједник СНВ очекује да &quot;реагују сви који желе да заштите Устав Хрватске, вриједности Европе, као што су антифашизам, заштита жртава злочиначких режима и мањинских права&quot;. 
Пуповац се посљедњих дана нашао на мети снажне екстремистичке кампање због тога што је критиковао постављање табле са усташким симболима у Јасеновцу. 
Кад је ријеч о уцјењивачком односу Загреба према Србији на њеном путу ка ЕУ, Пуповац указује да &quot;рампа Србији није добра ни за међудржавне односе, ни за хрватску мањину у Србији&quot;. 
- Сва отворена питања треба рјешавати договорима, а не блокадама. Важно је да лидери Хрватске и Србије што прије сједну и почну да разговарају - закључио је Пуповац. 
Извор: Танјуг
</topic_text>
<spam_score>0.00</spam_score>
<post_num>1</post_num>
<post_id>post-1</post_id>
<post_url>http://www.rtrs.tv/vijesti/vijest.php?id=235027</post_url>
<post_date>20161217</post_date>
<post_time>0819</post_time>
<username></username>
<post>
17/12/2016 | 09:19   Пуповац: Хајка на Србе мора да стане Предсједник СНВ Милорад Пуповац изразио је очекивање да ће се кампања Аутохтоне хрватске странке права зауставити и да се такве групе и странке не толеришу. Милорад Пуповац Фото: РТРС 
Пуповац је поручио да је крајње вријеме да се сигурност и мир гарантују антифашистима и борцима за достојанство жртава у Јасеновцу. 
Он је за београдске Новости рекао да је СНВ информисао надлежне у Хрватској о претњама Аутохтоне хрватске странке права, која је за данас заказала протесте испред просторија његове странке. 
- То представља озбиљну пријетњу за наш рад и безбједност - истакао је Пуповац, додавши да је јуче разговарао са шефом дипломатије Давором Ивом Штиром и обавијестио га о озбиљним тешкоћама са којима се суочава он и његова странка. 
Предсједник СНВ очекује да &quot;реагују сви који желе да заштите Устав Хрватске, вриједности Европе, као што су антифашизам, заштита жртава злочиначких режима и мањинских права&quot;. 
Пуповац се посљедњих дана нашао на мети снажне екстремистичке кампање због тога што је критиковао постављање табле са усташким симболима у Јасеновцу. 
Кад је ријеч о уцјењивачком односу Загреба према Србији на њеном путу ка ЕУ, Пуповац указује да &quot;рампа Србији није добра ни за међудржавне односе, ни за хрватску мањину у Србији&quot;. 
- Сва отворена питања треба рјешавати договорима, а не блокадама. Важно је да лидери Хрватске и Србије што прије сједну и почну да разговарају - закључио је Пуповац. 
Извор: Танјуг
</post>
<signature>

</signature>
<external_links>

</external_links>
<country>TV</country>
<main_image>../_FOTO/nwz/0715/071563.jpg</main_image>
</document>
