<?xml version="1.0" encoding="UTF-8"?>
<document>
<type>mainstream</type>
<forum>http://www.kwwl.com/category/128862/news?clienttype=rss</forum>
<forum_title>kwwl.com - NEWS</forum_title>
<discussion_title>Car bomb kills 13 Turkish commandos, army says</discussion_title>
<language>english</language>
<gmt_offset></gmt_offset>
<topic_url>http://www.kwwl.com/story/34078148/car-bomb-kills-13-turkish-commandos-army-says</topic_url>
<topic_text>
Car bomb kills 13 Turkish commandos, army says Posted: Updated: Saturday,   By DOMINQUE SOGUELAssociated Press 
ISTANBUL (AP) - Thirteen Turkish troops were killed and 48 others wounded in a car bomb attack in the central Anatolian province of Kayseri on Saturday morning, the Turkish military reported. 
In a statement, the Turkish armed forces said the car bomb attack went off at 8:45 am and targeted on-leave military personnel from the Kayseri Commando Brigade. 
The wounded were rushed to hospitals in the region. The army said civilians may have also been casualties of the &quot;treacherous attack.&quot; 
State-run Anadolu Agency said the car bomb went off at an entrance gate of Erciyes University, hitting a public transportation bus that included on-leave soldiers among its passengers. 
Speaking about the Kayseri explosion, Vice Prime Minister Veysi Kaynak said in remarks broadcast on NTV that &quot;treacherous factions&quot; had taken aim at commandos from the Kayseri Airforce Brigade, who had been &quot;training exclusively for the safety of our people.&quot; 
Turkey&apos;s prime ministry office imposed a temporary blackout on coverage of the explosion and urged media from to refrain from publishing anything that may cause &quot;fear in the public, panic and disorder and which may serve the aims of terrorist organizations.&quot; 
Turkey is facing renewed conflict with Kurdish rebels in the southeast and has suffered a string of suicide and car bombing attacks this year. 
The blast comes a week after a car bomb struck riot police posted outside a soccer stadium in Istanbul following a match. That attack killed 44 people, mostly police officers, and wounded scores others. Kurdish militants claimed the Istanbul attack. 
Turkey is a member of NATO and partner in the U.S.-led coalition against the Islamic State group, which has been blamed for multiple attacks in Turkey. 
___ 
Ayse Wieting, Bulut Emiroglu and Neyran Elden in Istanbul also contributed reporting.  
</topic_text>
<spam_score>0.00</spam_score>
<post_num>1</post_num>
<post_id>post-1</post_id>
<post_url>http://www.kwwl.com/story/34078148/car-bomb-kills-13-turkish-commandos-army-says</post_url>
<post_date>20161217</post_date>
<post_time>0858</post_time>
<username></username>
<post>
Car bomb kills 13 Turkish commandos, army says Posted: Updated: Saturday,   By DOMINQUE SOGUELAssociated Press 
ISTANBUL (AP) - Thirteen Turkish troops were killed and 48 others wounded in a car bomb attack in the central Anatolian province of Kayseri on Saturday morning, the Turkish military reported. 
In a statement, the Turkish armed forces said the car bomb attack went off at 8:45 am and targeted on-leave military personnel from the Kayseri Commando Brigade. 
The wounded were rushed to hospitals in the region. The army said civilians may have also been casualties of the &quot;treacherous attack.&quot; 
State-run Anadolu Agency said the car bomb went off at an entrance gate of Erciyes University, hitting a public transportation bus that included on-leave soldiers among its passengers. 
Speaking about the Kayseri explosion, Vice Prime Minister Veysi Kaynak said in remarks broadcast on NTV that &quot;treacherous factions&quot; had taken aim at commandos from the Kayseri Airforce Brigade, who had been &quot;training exclusively for the safety of our people.&quot; 
Turkey&apos;s prime ministry office imposed a temporary blackout on coverage of the explosion and urged media from to refrain from publishing anything that may cause &quot;fear in the public, panic and disorder and which may serve the aims of terrorist organizations.&quot; 
Turkey is facing renewed conflict with Kurdish rebels in the southeast and has suffered a string of suicide and car bombing attacks this year. 
The blast comes a week after a car bomb struck riot police posted outside a soccer stadium in Istanbul following a match. That attack killed 44 people, mostly police officers, and wounded scores others. Kurdish militants claimed the Istanbul attack. 
Turkey is a member of NATO and partner in the U.S.-led coalition against the Islamic State group, which has been blamed for multiple attacks in Turkey. 
___ 
Ayse Wieting, Bulut Emiroglu and Neyran Elden in Istanbul also contributed reporting.  
</post>
<signature>

</signature>
<external_links>

</external_links>
<country>US</country>
<main_image></main_image>
</document>
