<?xml version="1.0" encoding="UTF-8"?>
<document>
<type>mainstream</type>
<forum>http://www.hirstart.hu/site/rss.php?pid=8&amp;id=236</forum>
<forum_title>Hírstart RSS - Partnerdoboz (pid=8) | urbanlegends.hu</forum_title>
<discussion_title>Egyszerű a spermium minőségén javítani</discussion_title>
<language>hungarian</language>
<gmt_offset></gmt_offset>
<topic_url>http://www.hirstart.hu/hk/20161217_egyszeru_a_spermium_minosegen_javitani</topic_url>
<topic_text>
Női NetCafe Ma 10:00 Egészség + Egy nemrégiben a Reproduction című kiadványban megjelent kutatásban a különböző testmozgások a spermiumok általános minőségére gyakorolt hatását vizsgálták. Az eredmények szerint csupán pár hónapnyi aktívabb életmód már szignifikáns javulást okoz. Vital Tegnap 08:30 Életmód + Egy nemrégiben a Reproduction című kiadványban megjelent kutatásban a különböző testmozgások a spermiumok általános minőségére gyakorolt hatását vizsgálták. Az eredmények szerint csupán pár hónapnyi aktívabb életmód már szignifikáns javulást okoz.
</topic_text>
<spam_score>0.00</spam_score>
<post_num>1</post_num>
<post_id>post-1</post_id>
<post_url>http://www.hirstart.hu/hk/20161217_egyszeru_a_spermium_minosegen_javitani</post_url>
<post_date>20161217</post_date>
<post_time>0443</post_time>
<username>Babaszoba</username>
<post>
Női NetCafe Ma 10:00 Egészség + Egy nemrégiben a Reproduction című kiadványban megjelent kutatásban a különböző testmozgások a spermiumok általános minőségére gyakorolt hatását vizsgálták. Az eredmények szerint csupán pár hónapnyi aktívabb életmód már szignifikáns javulást okoz. Vital Tegnap 08:30 Életmód + Egy nemrégiben a Reproduction című kiadványban megjelent kutatásban a különböző testmozgások a spermiumok általános minőségére gyakorolt hatását vizsgálták. Az eredmények szerint csupán pár hónapnyi aktívabb életmód már szignifikáns javulást okoz.
</post>
<signature>

</signature>
<external_links>

</external_links>
<country>HU</country>
<main_image>http://farm6.static.flickr.com/5521/31223272642_5358fe94cd_z.jpg</main_image>
</document>
