<?xml version="1.0" encoding="UTF-8"?>
<document>
<type>mainstream</type>
<forum>http://vesti.mk/rss/miks</forum>
<forum_title>VESTI.MK - Микс</forum_title>
<discussion_title>ЗулуБет: Предлог типови за денес (17.12) (Тип)</discussion_title>
<language>macedonian</language>
<gmt_offset></gmt_offset>
<topic_url>http://vesti.mk/news/11369735/zulubet-predlog-tipovi-za-denes-17-12</topic_url>
<topic_text>
vesti.mk пренесува информации од наведените извории нема одговорност за содржината на информациите Copyright © 2013 vesti.mk
</topic_text>
<spam_score>0.00</spam_score>
<post_num>1</post_num>
<post_id>post-1</post_id>
<post_url>http://vesti.mk/news/11369735/zulubet-predlog-tipovi-za-denes-17-12</post_url>
<post_date>20161217</post_date>
<post_time>0835</post_time>
<username></username>
<post>
vesti.mk пренесува информации од наведените извории нема одговорност за содржината на информациите Copyright © 2013 vesti.mk
</post>
<signature>

</signature>
<external_links>

</external_links>
<country>MK</country>
<main_image>http://tip.com.mk/wp-content/uploads/2016/12/123.png</main_image>
</document>
