<?xml version="1.0" encoding="UTF-8"?>
<document>
<type>mainstream</type>
<forum>http://www.dailymail.co.uk/sport/football/articles.rss</forum>
<forum_title>Football Articles | Mail Online</forum_title>
<discussion_title>Europe not on Bournemouth manager Eddie Howe&apos;s mind as he prepares to host south coast rivals Southampton</discussion_title>
<language>english</language>
<gmt_offset></gmt_offset>
<topic_url>http://www.dailymail.co.uk/sport/football/article-4040982/Europe-not-Bournemouth-manager-Eddie-Howe-s-mind-prepares-host-south-coast-rivals-Southampton.html</topic_url>
<topic_text>
Manager Eddie Howe will not waste any energy thinking about whether he can take Bournemouth into contention for Europe and is only focused on how to beat Southampton on Sunday. 
The Cherries defeated champions Leicester 1-0 at the Vitality Stadium on Tuesday night, which was a third win in five Premier League games and leaves them in 10th place. 
Victory over the Saints this weekend would see them not only leapfrog their south-coast rivals, but also move Bournemouth within striking distance of the top six. 
Bournemouth manager Eddie Howe is focused on beating Southampton at the Vitality Stadium
The Cherries have shown resilience, fight and team spirit this season on the south coast
Howe, though, is determined to keep everyone grounded, having seen how far the club have come in a short space of time. 
&apos;We are back to 10th now and the motivation for us is to try to keep moving up the league,&apos; the Bournemouth boss said at a press conference. 
&apos;The challenge for me is to improve the team and I have made that very clear all year, our target was to improve on last season. 
&apos;I haven&apos;t for a second thought about Europe, just about Southampton because we are trying to win this game.&apos; 
Marc Pugh celebrates scoring the only goal as Bournemouth beat Leicester during the week
Nathan Ake has taken huge strides forward as a player during his loan spell with Bournemouth
If the football&apos;s on, it&apos;s on Live tables Fixtures Scores Premier League Premier League Championship League One League Two Scottish Premiership Scottish Div 1 Scottish Div 2 Scottish Div 3 Ligue 1 Serie A La Liga Bundesliga More tables More fixtures More scores Howe added: &apos;If you can put two or three results together, it can transform your season, but in both ways, so we are mindful of that.&apos; 
Last season was the first time the two clubs, some 32 miles apart, have met in the top flight, with each winning their respective home games 2-0. 
Howe spent most of his playing career with the Cherries when they were battling at the other end of the English football structure. 
The Cherries boss believes first and foremost focus should be on delivering another three crucial Premier League points rather than securing any local bragging rights. 
&apos;It means a lot, because it is a Premier League game first and foremost - we know the importance of the league, every game is massive, then you add in the factor it is against Southampton, who are a club close to us,&apos; said Howe. 
&apos;We know the importance of it to the supporters and everyone at the club, but also to our league position, which means everything to us and we are looking to enhance that.&apos; 
Howe is aware of how quickly fortunes can turn around in a highly competitive Premier League
Callum Wilson was taken off against Leicester but he is available for selection on Sunday
Howe added: &apos;The more games we have between us, the rivalry will develop. 
&apos;It is a new thing, we have not been in the Premier League very long and sometimes it takes a bit of time to form those connections. 
&apos;Last year there were two contrasting games against them, with great atmospheres.&apos; 
Bournemouth expect to have forward Callum Wilson available on Sunday after he was taken off towards the end of the Leicester game, where he was a second-half substitute. 
Howe said: &apos;Callum had a little bit of blurred vision after the game, so we need to get that checked, but I think he has been given the all clear.&apos;
</topic_text>
<spam_score>0.00</spam_score>
<post_num>1</post_num>
<post_id>post-1</post_id>
<post_url>http://www.dailymail.co.uk/sport/football/article-4040982/Europe-not-Bournemouth-manager-Eddie-Howe-s-mind-prepares-host-south-coast-rivals-Southampton.html</post_url>
<post_date>20161216</post_date>
<post_time>1340</post_time>
<username>Press Association</username>
<post>
Manager Eddie Howe will not waste any energy thinking about whether he can take Bournemouth into contention for Europe and is only focused on how to beat Southampton on Sunday. 
The Cherries defeated champions Leicester 1-0 at the Vitality Stadium on Tuesday night, which was a third win in five Premier League games and leaves them in 10th place. 
Victory over the Saints this weekend would see them not only leapfrog their south-coast rivals, but also move Bournemouth within striking distance of the top six. 
Bournemouth manager Eddie Howe is focused on beating Southampton at the Vitality Stadium
The Cherries have shown resilience, fight and team spirit this season on the south coast
Howe, though, is determined to keep everyone grounded, having seen how far the club have come in a short space of time. 
&apos;We are back to 10th now and the motivation for us is to try to keep moving up the league,&apos; the Bournemouth boss said at a press conference. 
&apos;The challenge for me is to improve the team and I have made that very clear all year, our target was to improve on last season. 
&apos;I haven&apos;t for a second thought about Europe, just about Southampton because we are trying to win this game.&apos; 
Marc Pugh celebrates scoring the only goal as Bournemouth beat Leicester during the week
Nathan Ake has taken huge strides forward as a player during his loan spell with Bournemouth
If the football&apos;s on, it&apos;s on Live tables Fixtures Scores Premier League Premier League Championship League One League Two Scottish Premiership Scottish Div 1 Scottish Div 2 Scottish Div 3 Ligue 1 Serie A La Liga Bundesliga More tables More fixtures More scores Howe added: &apos;If you can put two or three results together, it can transform your season, but in both ways, so we are mindful of that.&apos; 
Last season was the first time the two clubs, some 32 miles apart, have met in the top flight, with each winning their respective home games 2-0. 
Howe spent most of his playing career with the Cherries when they were battling at the other end of the English football structure. 
The Cherries boss believes first and foremost focus should be on delivering another three crucial Premier League points rather than securing any local bragging rights. 
&apos;It means a lot, because it is a Premier League game first and foremost - we know the importance of the league, every game is massive, then you add in the factor it is against Southampton, who are a club close to us,&apos; said Howe. 
&apos;We know the importance of it to the supporters and everyone at the club, but also to our league position, which means everything to us and we are looking to enhance that.&apos; 
Howe is aware of how quickly fortunes can turn around in a highly competitive Premier League
Callum Wilson was taken off against Leicester but he is available for selection on Sunday
Howe added: &apos;The more games we have between us, the rivalry will develop. 
&apos;It is a new thing, we have not been in the Premier League very long and sometimes it takes a bit of time to form those connections. 
&apos;Last year there were two contrasting games against them, with great atmospheres.&apos; 
Bournemouth expect to have forward Callum Wilson available on Sunday after he was taken off towards the end of the Leicester game, where he was a second-half substitute. 
Howe said: &apos;Callum had a little bit of blurred vision after the game, so we need to get that checked, but I think he has been given the all clear.&apos;
</post>
<signature>

</signature>
<external_links>

</external_links>
<country>GB</country>
<main_image>http://i.dailymail.co.uk/i/pix/2016/12/16/13/3B3EF99A00000578-0-image-a-196_1481893919705.jpg</main_image>
</document>
