<?xml version="1.0" encoding="UTF-8"?>
<document>
<type>mainstream</type>
<forum>http://litecoinforum.org/.xml/?type=rss;PHPSESSID=TSDGRJW2ddCi3VIMLtVIi3</forum>
<forum_title>Litecoin Forum</forum_title>
<discussion_title>It happens to be Best for Get Movers and additionally Packers, Designed</discussion_title>
<language>english</language>
<gmt_offset></gmt_offset>
<topic_url>http://litecoinforum.org/off-topic/it-happens-to-be-best-for-get-movers-and-additionally-packers-designed/</topic_url>
<topic_text>
  Mumbai [/color] [/size]Moving for a completely new site might turn into a problematic together with problematic process even if your choice is just 10 kms through the previous an individual. Thereby, it&apos;s actually a must that you just use a steady packing in addition to switching company if you might like to create a person&apos;s separation flourishing and complications 100 % free. [/color] [/size]It&apos;s most well worth money it will cost of this business no matter precisely how nearby a newly purchased site will be. [/color] [/size]Features of choosing some going supplier [/color] [/size]• The firm may well have display options for vital assistance to get resettlement and the most effective treatments for virtually any concern which can be suffered along the operation. They are going to do your exertions plus they are committed to home address every single issue of their total customers. [/color] [/size]• Getting your providing in addition to moving supplier would mean immediate product shipped with the the majority synchronized manner. In the event that you may infants, it could take several weeks in order to complete the project independent of the costs you will incur. [/color] [/size]• By way of this company, the necessary product, most importantly this sophisticated people, definitely will arrive at their particular completely new put on major issue. The organization can take care of patio furniture from taking, recharging, transferring, unloading, ordering and there are more. [/color] [/size]• A steady supplier functions just about the most current technique around taking to ensure that a fragile in addition to sophisticated objects will not be lost in the move. Ordinary packers and movers aren&apos;t pros only at that along with doing the same all on your own, in case you must switch 10 km&apos;s with the aged spot, are able to basically damage all sorts of things. [/color] [/size]• A wonderful adequate knowledge on what to cope with that packaging and relocating needs involving targeted objects and you may wind up breaking or producing harm to this. Confident, you would never desire all those series ruined just because you had been helpless to bunch these properly for the reason that it must be. Thus, hiring providing and going corporation truly presented next idea. [/color] [/size]These firms tend to be committed to provide excellent from heading service at a affordable amount. They are skilled not to ever make any variety of irresponsibility that can result in this devastation involving losing consumer s merchandise. [/color] [/size]For you to make use of the several important things about getting packaging together with relocating provider, a particular has to be wary with selecting a provider. You have to be knowledgeable of there presently exists several deceitful companies sold in the market, in addition to doing your private research for the provider you are looking for can be a need to.
</topic_text>
<spam_score>0.00</spam_score>
<post_num>1</post_num>
<post_id>post-1</post_id>
<post_url>http://litecoinforum.org/off-topic/it-happens-to-be-best-for-get-movers-and-additionally-packers-designed/</post_url>
<post_date>20161217</post_date>
<post_time>0849</post_time>
<username></username>
<post>
  Mumbai [/color] [/size]Moving for a completely new site might turn into a problematic together with problematic process even if your choice is just 10 kms through the previous an individual. Thereby, it&apos;s actually a must that you just use a steady packing in addition to switching company if you might like to create a person&apos;s separation flourishing and complications 100 % free. [/color] [/size]It&apos;s most well worth money it will cost of this business no matter precisely how nearby a newly purchased site will be. [/color] [/size]Features of choosing some going supplier [/color] [/size]• The firm may well have display options for vital assistance to get resettlement and the most effective treatments for virtually any concern which can be suffered along the operation. They are going to do your exertions plus they are committed to home address every single issue of their total customers. [/color] [/size]• Getting your providing in addition to moving supplier would mean immediate product shipped with the the majority synchronized manner. In the event that you may infants, it could take several weeks in order to complete the project independent of the costs you will incur. [/color] [/size]• By way of this company, the necessary product, most importantly this sophisticated people, definitely will arrive at their particular completely new put on major issue. The organization can take care of patio furniture from taking, recharging, transferring, unloading, ordering and there are more. [/color] [/size]• A steady supplier functions just about the most current technique around taking to ensure that a fragile in addition to sophisticated objects will not be lost in the move. Ordinary packers and movers aren&apos;t pros only at that along with doing the same all on your own, in case you must switch 10 km&apos;s with the aged spot, are able to basically damage all sorts of things. [/color] [/size]• A wonderful adequate knowledge on what to cope with that packaging and relocating needs involving targeted objects and you may wind up breaking or producing harm to this. Confident, you would never desire all those series ruined just because you had been helpless to bunch these properly for the reason that it must be. Thus, hiring providing and going corporation truly presented next idea. [/color] [/size]These firms tend to be committed to provide excellent from heading service at a affordable amount. They are skilled not to ever make any variety of irresponsibility that can result in this devastation involving losing consumer s merchandise. [/color] [/size]For you to make use of the several important things about getting packaging together with relocating provider, a particular has to be wary with selecting a provider. You have to be knowledgeable of there presently exists several deceitful companies sold in the market, in addition to doing your private research for the provider you are looking for can be a need to.
</post>
<signature>

</signature>
<external_links>

</external_links>
<country>US</country>
<main_image></main_image>
</document>
