<?xml version="1.0" encoding="UTF-8"?>
<document>
<type>mainstream</type>
<forum>http://www.albacetecapital.com/feed</forum>
<forum_title>Albacete Capital</forum_title>
<discussion_title>El Ángel de Daniel: El espectacular Belén de La Asunción</discussion_title>
<language>spanish</language>
<gmt_offset></gmt_offset>
<topic_url>http://www.albacetecapital.com/el-angel-de-daniel-el-espectacular-belen-de-la-asuncion/</topic_url>
<topic_text>
El Ángel de Daniel: El espectacular Belén de La Asunción 17   
El Belenista, Alejandro García Moreno es el autor de uno de los primeros Belenes que ya se pueden ver en la ciudad, y que además está dentro de la Ruta de Belenes de la Diputación. Ubicado en el Centro de La Asunción, ocupa un espacio de 55 metros cuadrados del patio de dicho centro. Se puede visitar hasta el 5 de enero y se compone de 12 escenas. La peculiaridad para el visitante es que mientras ocurren los pasajes bíblicos, el Ángel Daniel se pasea por las escenas acompañando a los niños jugando y a los comerciantes. El espectador puede seguir la escena de la mano de este ángel. La composición tiene 400 figuras, que además mantiene las proporciones y composición, tanto dentro de las escenas como en el Belén en su totalidad. Compártelo:
</topic_text>
<spam_score>0.00</spam_score>
<post_num>1</post_num>
<post_id>post-1</post_id>
<post_url>http://www.albacetecapital.com/el-angel-de-daniel-el-espectacular-belen-de-la-asuncion/</post_url>
<post_date>20161217</post_date>
<post_time>0903</post_time>
<username>albacetecapital</username>
<post>
El Ángel de Daniel: El espectacular Belén de La Asunción 17   
El Belenista, Alejandro García Moreno es el autor de uno de los primeros Belenes que ya se pueden ver en la ciudad, y que además está dentro de la Ruta de Belenes de la Diputación. Ubicado en el Centro de La Asunción, ocupa un espacio de 55 metros cuadrados del patio de dicho centro. Se puede visitar hasta el 5 de enero y se compone de 12 escenas. La peculiaridad para el visitante es que mientras ocurren los pasajes bíblicos, el Ángel Daniel se pasea por las escenas acompañando a los niños jugando y a los comerciantes. El espectador puede seguir la escena de la mano de este ángel. La composición tiene 400 figuras, que además mantiene las proporciones y composición, tanto dentro de las escenas como en el Belén en su totalidad. Compártelo:
</post>
<signature>

</signature>
<external_links>

</external_links>
<country>US</country>
<main_image>http://www.albacetecapital.com/wp-content/uploads/2016/12/belen-diputación-2.jpg</main_image>
</document>
