<?xml version="1.0" encoding="UTF-8"?>
<document>
<type>mainstream</type>
<forum>http://www.capitalbay.news/feed/index.rss</forum>
<forum_title>CapitalBay</forum_title>
<discussion_title>Shocking moment University of Oklahoma football star Joe Mixon punches female student in the face</discussion_title>
<language>english</language>
<gmt_offset></gmt_offset>
<topic_url>http://www.capitalbay.news/news/odd-news/1103785-shocking-moment-university-of-oklahoma-football-star-joe-mixon-punches-female-student-in-the-face.html</topic_url>
<topic_text>
Video of football star Joe Mixon punching a female student has been released In video, Amelia Molitor and Mixon are seen in a restaurant during 2014 incident Molitor pushed Mixon in the chest and slaps him before he lunges at her He then punches her in the face causing her to hit a table and fall to the floor 
The shocking video of University of Oklahoma (OU) star Joe Mixon punching a female student was released by his lawyers on Friday. 
In the video, the student Amelia Molitor and Mixon, 20, appear to argue during the 2014 altercation that left her with a broken jaw. 
Molitor, now 22, is seen pushing Mixon, who then lunged at her before she slapped him. 
Mixon, who is the running back for the Oklahoma Sooners, is then seen punching her in the face at a restaurant near campus, causing her to hit her head against the table and fall to the floor. 
The shocking video of University of Oklahoma (OU) star Joe Mixon punching a female student was released by his lawyers on Friday 
In the video, the student Amelia Molitor and Mixon, 20, appear to argue during the 2014 altercation that left her with a broken jaw. Molitor, now 22, is seen pushing Mixon (pictured) 
Mixon then lunged at her before she slapped him. The incident took place at a restaurant near the university&apos;s campus 
The football star was charged with misdemeanor assault for the attack, and entered a plea. 
He was ordered to one year on probation, 100 hours of community service and behavioral counseling. 
Earlier this month, Oklahoma&apos;s Supreme Court ruled it had to be released, despite pleas from Molitor&apos;s lawyers who asked the judge not to publicly release the video of the incident. The Oklahoma Association of Broadcasters had been challenging the city&apos;s decision to not release video that shows the July 2014 incident that led to Mixon&apos;s suspension from the football team for that season, The Oklahoman reported. 
The Oklahoma Supreme Court ruled in the association&apos;s favor on Tuesday. 
Attorneys for Molitor asked a judge Thursday to suppress the release of the surveillance video, arguing that the video alone wouldn&apos;t tell the full story. 
The star running back for the Oklahoma Sooners is then seen punching her in the face at a restaurant near campus, causing her to hit her head against the table and fall to the floor 
Earlier this month, Oklahoma&apos;s Supreme Court ruled the video had to be released, despite pleas from Molitor&apos;s lawyers who asked the judge not to publicly release the video of the incident. Molitor suffered a broken jaw following the 2014 incident 
Molitor also has pending civil suits against Mixon. After she was hit in the face, Molitor fell to the floor and was helped up by witnesses 
Molitor also has pending civil suits against Mixon. 
&apos;Unfortunately, if the single video of the punch is released now and to the media, the court of public opinion will receive and review evidence before a jury does,&apos; her attorneys said. 
&apos;Not only could this undermine the integrity of the ongoing federal civil cases, it would also be an incomplete presentation of evidence, 
&apos;We have always believed that no young woman would want a video of herself being victimized used for media sensationalism and viewer ratings.&apos; 
After the attack, Molitor had her jaw wired shut, temporarily lived off a liquid diet and for six months had no feeling on the left side of her face. 
Mixon entered an Alford plea in October 2014, allowing him to maintain innocence. 
He also apologized last month to Molitor, his teammates, coaches and fans, saying he &apos;reacted poorly&apos;. Mixon (left) entered an Alford plea in October 2014, allowing him to maintain innocence. He also apologized last month to Molitor (right), his teammates, coaches and fans, saying he &apos;reacted poorly&apos; 
After Mixon&apos;s suspension for the 2014 season, he returned to the field in 2015 and has also played this season 
The university issued a statement on Friday night shortly after the video was released. &apos;Mr. Mixon has apologized for his actions and the university hopes that it is an indication that he has learned from his mistakes&apos; 
&apos;Joe has apologized for the way he reacted that night,&apos; Mixon&apos;s attorney said. 
&apos;He has served the punishments handed down by the court and the university. 
&apos;If copies of the surveillance video are now to be released to the media, he hopes that this release will help put this matter to rest.&apos; 
After Mixon&apos;s suspension for the 2014 season, he returned to the field in 2015 and has also played this season. 
The university issued a statement on Friday night shortly after the video was released. 
&apos;Mr. Mixon has apologized for his actions and the university hopes that it is an indication that he has learned from his mistakes.&apos; 
Mixon will start in the Sugar Bowl on January 2 when his team takes on Auburn in what is expected to be his last game at the university before he enters the NFL draft.   42 minutes ago
</topic_text>
<spam_score>0.00</spam_score>
<post_num>1</post_num>
<post_id>post-1</post_id>
<post_url>http://www.capitalbay.news/news/odd-news/1103785-shocking-moment-university-of-oklahoma-football-star-joe-mixon-punches-female-student-in-the-face.html</post_url>
<post_date>20161217</post_date>
<post_time>0819</post_time>
<username></username>
<post>
Video of football star Joe Mixon punching a female student has been released In video, Amelia Molitor and Mixon are seen in a restaurant during 2014 incident Molitor pushed Mixon in the chest and slaps him before he lunges at her He then punches her in the face causing her to hit a table and fall to the floor 
The shocking video of University of Oklahoma (OU) star Joe Mixon punching a female student was released by his lawyers on Friday. 
In the video, the student Amelia Molitor and Mixon, 20, appear to argue during the 2014 altercation that left her with a broken jaw. 
Molitor, now 22, is seen pushing Mixon, who then lunged at her before she slapped him. 
Mixon, who is the running back for the Oklahoma Sooners, is then seen punching her in the face at a restaurant near campus, causing her to hit her head against the table and fall to the floor. 
The shocking video of University of Oklahoma (OU) star Joe Mixon punching a female student was released by his lawyers on Friday 
In the video, the student Amelia Molitor and Mixon, 20, appear to argue during the 2014 altercation that left her with a broken jaw. Molitor, now 22, is seen pushing Mixon (pictured) 
Mixon then lunged at her before she slapped him. The incident took place at a restaurant near the university&apos;s campus 
The football star was charged with misdemeanor assault for the attack, and entered a plea. 
He was ordered to one year on probation, 100 hours of community service and behavioral counseling. 
Earlier this month, Oklahoma&apos;s Supreme Court ruled it had to be released, despite pleas from Molitor&apos;s lawyers who asked the judge not to publicly release the video of the incident. The Oklahoma Association of Broadcasters had been challenging the city&apos;s decision to not release video that shows the July 2014 incident that led to Mixon&apos;s suspension from the football team for that season, The Oklahoman reported. 
The Oklahoma Supreme Court ruled in the association&apos;s favor on Tuesday. 
Attorneys for Molitor asked a judge Thursday to suppress the release of the surveillance video, arguing that the video alone wouldn&apos;t tell the full story. 
The star running back for the Oklahoma Sooners is then seen punching her in the face at a restaurant near campus, causing her to hit her head against the table and fall to the floor 
Earlier this month, Oklahoma&apos;s Supreme Court ruled the video had to be released, despite pleas from Molitor&apos;s lawyers who asked the judge not to publicly release the video of the incident. Molitor suffered a broken jaw following the 2014 incident 
Molitor also has pending civil suits against Mixon. After she was hit in the face, Molitor fell to the floor and was helped up by witnesses 
Molitor also has pending civil suits against Mixon. 
&apos;Unfortunately, if the single video of the punch is released now and to the media, the court of public opinion will receive and review evidence before a jury does,&apos; her attorneys said. 
&apos;Not only could this undermine the integrity of the ongoing federal civil cases, it would also be an incomplete presentation of evidence, 
&apos;We have always believed that no young woman would want a video of herself being victimized used for media sensationalism and viewer ratings.&apos; 
After the attack, Molitor had her jaw wired shut, temporarily lived off a liquid diet and for six months had no feeling on the left side of her face. 
Mixon entered an Alford plea in October 2014, allowing him to maintain innocence. 
He also apologized last month to Molitor, his teammates, coaches and fans, saying he &apos;reacted poorly&apos;. Mixon (left) entered an Alford plea in October 2014, allowing him to maintain innocence. He also apologized last month to Molitor (right), his teammates, coaches and fans, saying he &apos;reacted poorly&apos; 
After Mixon&apos;s suspension for the 2014 season, he returned to the field in 2015 and has also played this season 
The university issued a statement on Friday night shortly after the video was released. &apos;Mr. Mixon has apologized for his actions and the university hopes that it is an indication that he has learned from his mistakes&apos; 
&apos;Joe has apologized for the way he reacted that night,&apos; Mixon&apos;s attorney said. 
&apos;He has served the punishments handed down by the court and the university. 
&apos;If copies of the surveillance video are now to be released to the media, he hopes that this release will help put this matter to rest.&apos; 
After Mixon&apos;s suspension for the 2014 season, he returned to the field in 2015 and has also played this season. 
The university issued a statement on Friday night shortly after the video was released. 
&apos;Mr. Mixon has apologized for his actions and the university hopes that it is an indication that he has learned from his mistakes.&apos; 
Mixon will start in the Sugar Bowl on January 2 when his team takes on Auburn in what is expected to be his last game at the university before he enters the NFL draft.   42 minutes ago
</post>
<signature>

</signature>
<external_links>

</external_links>
<country>US</country>
<main_image>http://www.capitalbay.news/thumbnail.php?file=mixon_847626090.png&amp;size=article_large</main_image>
</document>
