<?xml version="1.0" encoding="UTF-8"?>
<document>
<type>mainstream</type>
<forum>http://mattapoisett.wickedlocal.com/news?template=rss&amp;mime=xml</forum>
<forum_title>News - Wicked Local Mattapoisett</forum_title>
<discussion_title>State Troopers locate missing diamond ring along Route 495 in Wareham</discussion_title>
<language>english</language>
<gmt_offset></gmt_offset>
<topic_url>http://mattapoisett.wickedlocal.com/news/20161216/state-troopers-locate-missing-diamond-ring-along-route-495-in-wareham/1</topic_url>
<topic_text>
State Troopers locate missing diamond ring along Route 495 in Wareham   5:35 PM Dec 16, 2016 at 5:35 PM By Paul Gately 
WAREHAM - This is a veritable needle-in-a-haystack story. 
Massachusetts State Police on Dec. 8 received a midday call about two elderly individuals, perhaps in distress, walking along the breakdown lane of Route 495 between Exits 1 and 4 in Wareham. 
A trooper on patrol was dispatched to the area, located the couple, and learned that they were searching along the highway - with metal detectors - for a lost diamond ring, one with special family significance. 
A second trooper on road duty arrived on the scene and the search widened. Not your typical road-duty task. But a challenge. Put simply, they came across the missing ring and retrieved it at the busy highway&apos;s three-mile mark after about an hour&apos;s search. A happy ending all around. 
State Police identified the troopers as Jonathan O&apos;Loughlin and Kurt Bourdon. Both are assigned to the Bourne State Police Barracks. 
&quot;The ring was a wedding ring and included the wedding ring of the woman&apos;s mother, who is deceased,&quot; Massachusetts State Police Lt. James Plath, Bourne Barracks commander, said. &quot;It had been lost the day before. The couple have been married 46 years so that makes it even more memorable and satisfying. 
&quot;I was pleased and really happy that the troopers took the extra time and effort to find the ring and make everything right,&quot; Plath added.
</topic_text>
<spam_score>0.00</spam_score>
<post_num>1</post_num>
<post_id>post-1</post_id>
<post_url>http://mattapoisett.wickedlocal.com/news/20161216/state-troopers-locate-missing-diamond-ring-along-route-495-in-wareham/1</post_url>
<post_date>20161216</post_date>
<post_time>2235</post_time>
<username>Paul Gately</username>
<post>
State Troopers locate missing diamond ring along Route 495 in Wareham   5:35 PM Dec 16, 2016 at 5:35 PM By Paul Gately 
WAREHAM - This is a veritable needle-in-a-haystack story. 
Massachusetts State Police on Dec. 8 received a midday call about two elderly individuals, perhaps in distress, walking along the breakdown lane of Route 495 between Exits 1 and 4 in Wareham. 
A trooper on patrol was dispatched to the area, located the couple, and learned that they were searching along the highway - with metal detectors - for a lost diamond ring, one with special family significance. 
A second trooper on road duty arrived on the scene and the search widened. Not your typical road-duty task. But a challenge. Put simply, they came across the missing ring and retrieved it at the busy highway&apos;s three-mile mark after about an hour&apos;s search. A happy ending all around. 
State Police identified the troopers as Jonathan O&apos;Loughlin and Kurt Bourdon. Both are assigned to the Bourne State Police Barracks. 
&quot;The ring was a wedding ring and included the wedding ring of the woman&apos;s mother, who is deceased,&quot; Massachusetts State Police Lt. James Plath, Bourne Barracks commander, said. &quot;It had been lost the day before. The couple have been married 46 years so that makes it even more memorable and satisfying. 
&quot;I was pleased and really happy that the troopers took the extra time and effort to find the ring and make everything right,&quot; Plath added.
</post>
<signature>

</signature>
<external_links>

</external_links>
<country>US</country>
<main_image>http://mattapoisett.wickedlocal.com/storyimage/WL/20161216/NEWS/161217500/AR/0/AR-161217500.jpg</main_image>
</document>
