<?xml version="1.0" encoding="UTF-8"?>
<document>
<type>mainstream</type>
<forum>http://anibis.ch//fr/sport-loisirs--30/rssexport.aspx</forum>
<forum_title>Petites annonces Sport - Loisirs</forum_title>
<discussion_title>Pour un super cadeau de Noel - Orbitrek 4 en 1 neuf</discussion_title>
<language>french</language>
<gmt_offset></gmt_offset>
<topic_url>http://www.anibis.ch/fr/sport-loisirs--30/pour-un-super-cadeau-de-noel-orbitrek-4-en-1-neuf--15286698.aspx</topic_url>
<topic_text>
Pour un super cadeau de Noel - Orbitrek 4 en 1 neuf Fermer Pour un super cadeau de Noel - Orbitrek 4 en 1 neuf CHF 149.– Type d’annonce J’offre … Actualisé 17.12.2016 Description 
Lors d&apos;un exercice d&apos;endurance visant à brûler des calories ou à maintenir votre condition physique, l’Orbitrek 4 en 1 sera votre partenaire idéal. Le mode cross elliptique simule les mouvements liés à la marche et au jogging, tout en ménageant les articulations. Grâce aux contre-mouvements rythmiques synchronisés de l&apos;appareil, les bras sont également entraînés, le corps entier est donc en mouvement. 
Mais aussi :
</topic_text>
<spam_score>0.00</spam_score>
<post_num>1</post_num>
<post_id>post-1</post_id>
<post_url>http://www.anibis.ch/fr/sport-loisirs--30/pour-un-super-cadeau-de-noel-orbitrek-4-en-1-neuf--15286698.aspx</post_url>
<post_date>20161217</post_date>
<post_time>0851</post_time>
<username></username>
<post>
Pour un super cadeau de Noel - Orbitrek 4 en 1 neuf Fermer Pour un super cadeau de Noel - Orbitrek 4 en 1 neuf CHF 149.– Type d’annonce J’offre … Actualisé 17.12.2016 Description 
Lors d&apos;un exercice d&apos;endurance visant à brûler des calories ou à maintenir votre condition physique, l’Orbitrek 4 en 1 sera votre partenaire idéal. Le mode cross elliptique simule les mouvements liés à la marche et au jogging, tout en ménageant les articulations. Grâce aux contre-mouvements rythmiques synchronisés de l&apos;appareil, les bras sont également entraînés, le corps entier est donc en mouvement. 
Mais aussi :
</post>
<signature>

</signature>
<external_links>

</external_links>
<country>CH</country>
<main_image>https://can01.anibis.ch/Indoor-Cycling-Pour-un-super-cadeau-de-Noel---Orbitrek-4-en-1-neu/?1024x768/3/50/anibis/698/286/015/2DQFFb7cNEWCBHj_-PO1WQ_1.jpg</main_image>
</document>
