<?xml version="1.0" encoding="UTF-8"?>
<document>
<type>mainstream</type>
<forum>http://www.framtidinord.no/?widgetName=polarisFeeds&amp;widgetId=6351127&amp;getXmlFeed=true</forum>
<forum_title>framtidinord RSS</forum_title>
<discussion_title>Bevisstløs person funnet på Sagene</discussion_title>
<language>norwegian</language>
<gmt_offset></gmt_offset>
<topic_url>http://www.framtidinord.no/ntb/innenriks/2016/12/17/Bevisstl%C3%B8s-person-funnet-p%C3%A5-Sagene-13945254.ece</topic_url>
<topic_text>
  Bevisstløs person funnet på Sagene Illustrasjonsfoto. Foto: Gorm Kallestad / NTB scanpix Bevisstløs person funnet på Sagene Oslo (NTB): En person er funnet bevisstløs på bakken i Gjøvikgata i Oslo. Vitner melder om mulig slåssing på stedet. innenriks  20  36 
– Vi har funnet en bevisstløs person på stedet. Vitner forteller at det muligens har vært slåssing i forkant og så to personer løpe fra stedet, sier operasjonsleder Steinar Hausvik i Oslo politidistrikt til NTB. 
– To personer er observert løpende fra stedet. Nummer en iført mørkeblå jakke og rød hette, nummer to hadde på seg lys bukse. Begge to er mørke i huden, melder politiet på Twitter. 
Politi og ambulanse er på stedet. Hendelsen ble meldt inn klokken 8.45 lørdag morgen. (©NTB) Mer å lese på Framtid i Nord: {{item.title}} 
 
</topic_text>
<spam_score>0.00</spam_score>
<post_num>1</post_num>
<post_id>post-1</post_id>
<post_url>http://www.framtidinord.no/ntb/innenriks/2016/12/17/Bevisstl%C3%B8s-person-funnet-p%C3%A5-Sagene-13945254.ece</post_url>
<post_date>20161217</post_date>
<post_time>0820</post_time>
<username></username>
<post>
  Bevisstløs person funnet på Sagene Illustrasjonsfoto. Foto: Gorm Kallestad / NTB scanpix Bevisstløs person funnet på Sagene Oslo (NTB): En person er funnet bevisstløs på bakken i Gjøvikgata i Oslo. Vitner melder om mulig slåssing på stedet. innenriks  20  36 
– Vi har funnet en bevisstløs person på stedet. Vitner forteller at det muligens har vært slåssing i forkant og så to personer løpe fra stedet, sier operasjonsleder Steinar Hausvik i Oslo politidistrikt til NTB. 
– To personer er observert løpende fra stedet. Nummer en iført mørkeblå jakke og rød hette, nummer to hadde på seg lys bukse. Begge to er mørke i huden, melder politiet på Twitter. 
Politi og ambulanse er på stedet. Hendelsen ble meldt inn klokken 8.45 lørdag morgen. (©NTB) Mer å lese på Framtid i Nord: {{item.title}} 
 
</post>
<signature>

</signature>
<external_links>

</external_links>
<country>NO</country>
<main_image>http://www.framtidinord.no/incoming/article13733808.ece/aud4e4/BINARY/w980/high_tb73a39d.jpg</main_image>
</document>
