<?xml version="1.0" encoding="UTF-8"?>
<document>
<type>mainstream</type>
<forum>http://www.dailymail.co.uk/sport/football/articles.rss</forum>
<forum_title>Football Articles | Mail Online</forum_title>
<discussion_title>Real Madrid star Luka Modric admits he doesn&apos;t like FIFA&apos;s video assistant referee</discussion_title>
<language>english</language>
<gmt_offset></gmt_offset>
<topic_url>http://www.dailymail.co.uk/sport/football/article-4040390/Real-Madrid-star-Luka-Modric-insists-don-t-like-video-assistant-referee-adds-creates-lot-confusion.html</topic_url>
<topic_text>
Real Madrid playmaker Luka Modric has criticised FIFA&apos;s introduction of the touchline Video Assistant Referee (VAR) system for the Club World Cup in Japan.
Zinedine Zidane&apos;s side beat Club America 2-0 on Thursday and the technology was used towards the end of the game.
It caused plenty of confusion during Real&apos;s win after Cristiano Ronaldo&apos;s goal was first ruled out by Paraguayan referee Enrique Caceres.
Luka Modric played the full 90 minutes as Real Madrid beat Club America 2-0 on Thursday
FIFA&apos;s new video assistant referee was used to check for offside after a Cristiano Ronaldo goal
A stadium screen shows the VAR review, but many were confused by the new system
Referee Viktor Kassai also used the VAR in the match between Kashima Antlers and Atletico Nacional, but goalkeeper Franco Armani reacts with bemusement at the decision (right)
However, Caceres then checked to see if Ronaldo&apos;s goal was offside by looking at the video replay - with play having already been restarted - before confirming the goal stood.
After the match, Modric spoke at news conference, in which he said that he doesn&apos;t expect the use of technology to continue. 
&apos;I don&apos;t know what to say,&apos; the Croatian international said. &apos;It is something new. To be honest, I don&apos;t like it. It creates a lot of confusion. 
&apos;We had a meeting with referees the other day. I did not listen too much as I don&apos;t expect it continue. For me it is not what football is about. We will see what happens. The first sensation for me is not good.&apos; 
Goals from Karim Benzema and Ronaldo gave Real victory in the semi-final and Modric says his team-mates are very satisfied with the result. 
&apos;It is a very important win for us, we are happy with the result, and our play,&apos; Modric said. &apos;We were a bit weak in the first 25 minutes, which was normal after the long journey. 
&apos;But when we picked up our tempo we played well, made many chances, and scored two goals. Now the most important thing is we are in another final.&apos; 
Cristiano Ronaldo celebrates scoring Real&apos;s second goal, which was allowed to stand by VAR
However, after consulting with the video referee on Thursday, Ronaldo&apos;s goal stood

Video technology was first used in a FIFA game during Wednesday&apos;s first semi-final between Kashima Antlers and Atletico Nacional. 
And football history was made when a penalty was awarded with the help of video replays for the first time. 
Referee Viktor Kassai consulted a TV monitor pitchside to make his decision during the clash between Kashima Antlers and Atletico Nacional. 
Kashima defender Daigo Nishi was fouled inside the box by Atletico forward Orlando Berrio in the 31st minute of the encounter, an incident initially missed by the officials. 
However, Kassai was alerted to the possibility of a penalty through the video assistant referee system. 
After spending 10 seconds reviewing the replays, Kassai pointed to the penalty spot from his touchline position on the halfway line and dragged play back, much to the bemusement of the Atletico players.
</topic_text>
<spam_score>0.00</spam_score>
<post_num>1</post_num>
<post_id>post-1</post_id>
<post_url>http://www.dailymail.co.uk/sport/football/article-4040390/Real-Madrid-star-Luka-Modric-insists-don-t-like-video-assistant-referee-adds-creates-lot-confusion.html</post_url>
<post_date>20161216</post_date>
<post_time>1129</post_time>
<username>Jonathan Spencer For Mailonline</username>
<post>
Real Madrid playmaker Luka Modric has criticised FIFA&apos;s introduction of the touchline Video Assistant Referee (VAR) system for the Club World Cup in Japan.
Zinedine Zidane&apos;s side beat Club America 2-0 on Thursday and the technology was used towards the end of the game.
It caused plenty of confusion during Real&apos;s win after Cristiano Ronaldo&apos;s goal was first ruled out by Paraguayan referee Enrique Caceres.
Luka Modric played the full 90 minutes as Real Madrid beat Club America 2-0 on Thursday
FIFA&apos;s new video assistant referee was used to check for offside after a Cristiano Ronaldo goal
A stadium screen shows the VAR review, but many were confused by the new system
Referee Viktor Kassai also used the VAR in the match between Kashima Antlers and Atletico Nacional, but goalkeeper Franco Armani reacts with bemusement at the decision (right)
However, Caceres then checked to see if Ronaldo&apos;s goal was offside by looking at the video replay - with play having already been restarted - before confirming the goal stood.
After the match, Modric spoke at news conference, in which he said that he doesn&apos;t expect the use of technology to continue. 
&apos;I don&apos;t know what to say,&apos; the Croatian international said. &apos;It is something new. To be honest, I don&apos;t like it. It creates a lot of confusion. 
&apos;We had a meeting with referees the other day. I did not listen too much as I don&apos;t expect it continue. For me it is not what football is about. We will see what happens. The first sensation for me is not good.&apos; 
Goals from Karim Benzema and Ronaldo gave Real victory in the semi-final and Modric says his team-mates are very satisfied with the result. 
&apos;It is a very important win for us, we are happy with the result, and our play,&apos; Modric said. &apos;We were a bit weak in the first 25 minutes, which was normal after the long journey. 
&apos;But when we picked up our tempo we played well, made many chances, and scored two goals. Now the most important thing is we are in another final.&apos; 
Cristiano Ronaldo celebrates scoring Real&apos;s second goal, which was allowed to stand by VAR
However, after consulting with the video referee on Thursday, Ronaldo&apos;s goal stood

Video technology was first used in a FIFA game during Wednesday&apos;s first semi-final between Kashima Antlers and Atletico Nacional. 
And football history was made when a penalty was awarded with the help of video replays for the first time. 
Referee Viktor Kassai consulted a TV monitor pitchside to make his decision during the clash between Kashima Antlers and Atletico Nacional. 
Kashima defender Daigo Nishi was fouled inside the box by Atletico forward Orlando Berrio in the 31st minute of the encounter, an incident initially missed by the officials. 
However, Kassai was alerted to the possibility of a penalty through the video assistant referee system. 
After spending 10 seconds reviewing the replays, Kassai pointed to the penalty spot from his touchline position on the halfway line and dragged play back, much to the bemusement of the Atletico players.
</post>
<signature>

</signature>
<external_links>

</external_links>
<country>GB</country>
<main_image>http://i.dailymail.co.uk/i/pix/2016/12/16/11/3B6A53B200000578-0-image-a-26_1481886343371.jpg</main_image>
</document>
