<?xml version="1.0" encoding="UTF-8"?>
<document>
<type>mainstream</type>
<forum>http://www.albacetecapital.com/feed</forum>
<forum_title>Albacete Capital</forum_title>
<discussion_title>Alerta, el último disco de Julieta 21 sitúa el pop albaceteño en el panorama nacional</discussion_title>
<language>spanish</language>
<gmt_offset></gmt_offset>
<topic_url>http://www.albacetecapital.com/alerta-el-ultimo-disco-de-julieta-21-situa-el-pop-albaceteno-en-el-panorama-nacional/</topic_url>
<topic_text>
Alerta, el último disco de Julieta 21 sitúa el pop albaceteño en el panorama nacional 17   
“¿Complicado de competir? Complicado es competir contra “Hombres mujeres y viceversa”, pero contra el reggaetón, No.” 
Es el tercer trabajo de este grupo de origen Albaceteño. Detrás del nombre del grupo hay una historia de desamor y una fecha. Sin embargo, Julieta 21, recuerda al nick de un usuario, y es precisamente por eso que su música llama a la interacción con el espectador. 
Su vocalista es José Pérez prepara la gira de su tercer trabajo, dado a conocer al público recientemente. Su nombre es “Alerta”, y su LP, “Me están buscando”. precisamente explica que “Estamos preparando la gira a partir de Febrero, y nos llevará por toda la geografía. Podemos confirmar que nos llevará al Sonorama (Aranda del Duero) y para el Granada Sound”, dos cintas confirmada pero muchas más en proyecto, de hecho explica que tienen prevista una fecha en Albacete, aún pendiente de confirmar “pero será entre Febrero o Marzo, y será un concierto que afrontaré con mucho cariño ya que soy de aquí, y con muchas ganas de presentar en la capital”. “Bueno, soy de Almansa pero tengo mucha vinculación con Albacete”, aclara la voz de Julieta 21. 
Qué encontrará 
El vocalista de Julieta 21 comenta explica que “este disco que es Alerta, tiene una energía que estábamos persiguiendo”. Los seguidores del grupo encontrarán algo un tanto distinto, “veníamos de dos discos más tranquilos y queríamos darle una vuelta de tuerca y conseguir una producción más enérgica: Todo ello para poder llevarlo a los escenarios y que la gente se lo pasara bien y fuera un concierto divertido” y comenta que la idea es disfrutar “y hacer un disco también para el directo”. 
José Pérez explica que el LP, “Me están buscando”, representa el espíritu del disco y confirma que es una poco más acelerado, pero añade “el disco entero es un viaje sonoro, son diez cortes con momentos de energía pero también hay momentos de relajación”. “Quiero recomendárselo a todos, y si les gusta, que vengan a compartirlo con nosotros en los conciertos”. 
El pop nacional 
“Creo que el estado de la música en este momento es muy buena”, comenta José Pérez, quién además defiende como excesivo el 21 por ciento de IVA a la cultura. Explica que en esos márgenes se pueden desarrollar muchos proyectos, y no entiende que la cultura en otros países tenga impuestos más bajos. Sobre la situación del consumidor comenta, preguntado específicamente por el interés de la gente joven por reggaeton, “Hay muy buenas bandas de música latina de mucha calidad”, y continúa argumentado “pero el reggaeton lo veo más como algo generacional”. Y se pregunta “¿Complicado de competir? Complicado es competir contra “Hombres mujeres y viceversa”, pero contra el reggaetón, No.”
</topic_text>
<spam_score>0.00</spam_score>
<post_num>1</post_num>
<post_id>post-1</post_id>
<post_url>http://www.albacetecapital.com/alerta-el-ultimo-disco-de-julieta-21-situa-el-pop-albaceteno-en-el-panorama-nacional/</post_url>
<post_date>20161217</post_date>
<post_time>0851</post_time>
<username>albacetecapital</username>
<post>
Alerta, el último disco de Julieta 21 sitúa el pop albaceteño en el panorama nacional 17   
“¿Complicado de competir? Complicado es competir contra “Hombres mujeres y viceversa”, pero contra el reggaetón, No.” 
Es el tercer trabajo de este grupo de origen Albaceteño. Detrás del nombre del grupo hay una historia de desamor y una fecha. Sin embargo, Julieta 21, recuerda al nick de un usuario, y es precisamente por eso que su música llama a la interacción con el espectador. 
Su vocalista es José Pérez prepara la gira de su tercer trabajo, dado a conocer al público recientemente. Su nombre es “Alerta”, y su LP, “Me están buscando”. precisamente explica que “Estamos preparando la gira a partir de Febrero, y nos llevará por toda la geografía. Podemos confirmar que nos llevará al Sonorama (Aranda del Duero) y para el Granada Sound”, dos cintas confirmada pero muchas más en proyecto, de hecho explica que tienen prevista una fecha en Albacete, aún pendiente de confirmar “pero será entre Febrero o Marzo, y será un concierto que afrontaré con mucho cariño ya que soy de aquí, y con muchas ganas de presentar en la capital”. “Bueno, soy de Almansa pero tengo mucha vinculación con Albacete”, aclara la voz de Julieta 21. 
Qué encontrará 
El vocalista de Julieta 21 comenta explica que “este disco que es Alerta, tiene una energía que estábamos persiguiendo”. Los seguidores del grupo encontrarán algo un tanto distinto, “veníamos de dos discos más tranquilos y queríamos darle una vuelta de tuerca y conseguir una producción más enérgica: Todo ello para poder llevarlo a los escenarios y que la gente se lo pasara bien y fuera un concierto divertido” y comenta que la idea es disfrutar “y hacer un disco también para el directo”. 
José Pérez explica que el LP, “Me están buscando”, representa el espíritu del disco y confirma que es una poco más acelerado, pero añade “el disco entero es un viaje sonoro, son diez cortes con momentos de energía pero también hay momentos de relajación”. “Quiero recomendárselo a todos, y si les gusta, que vengan a compartirlo con nosotros en los conciertos”. 
El pop nacional 
“Creo que el estado de la música en este momento es muy buena”, comenta José Pérez, quién además defiende como excesivo el 21 por ciento de IVA a la cultura. Explica que en esos márgenes se pueden desarrollar muchos proyectos, y no entiende que la cultura en otros países tenga impuestos más bajos. Sobre la situación del consumidor comenta, preguntado específicamente por el interés de la gente joven por reggaeton, “Hay muy buenas bandas de música latina de mucha calidad”, y continúa argumentado “pero el reggaeton lo veo más como algo generacional”. Y se pregunta “¿Complicado de competir? Complicado es competir contra “Hombres mujeres y viceversa”, pero contra el reggaetón, No.”
</post>
<signature>

</signature>
<external_links>

</external_links>
<country>US</country>
<main_image>http://www.albacetecapital.com/wp-content/uploads/2016/12/julieta-21-4.jpg</main_image>
</document>
