<?xml version="1.0" encoding="UTF-8"?>
<document>
<type>mainstream</type>
<forum>http://24chasa.bg/RSS.asp</forum>
<forum_title>Новини от 24chasa.bg</forum_title>
<discussion_title>Нинова имала лични мотиви да ограничи мандатите на депутатите</discussion_title>
<language>bulgarian</language>
<gmt_offset></gmt_offset>
<topic_url>https://www.24chasa.bg/novini/article/5942061</topic_url>
<topic_text>
Uber пусна джипове Volvo XC90 без шофьори в Сан Франциско (видео) Нинова имала лични мотиви да ограничи мандатите на депутатите https://www.24chasa.bg/novini/article/5942061 Нинова имала лични мотиви да ограничи мандатите на депутатите Нинова имала лични мотиви да ограничи мандатите на депутатите Виктор Иванов www.24chasa.bg 0; Корнелия Нинова Снимка : Архив 
Парламентарната група на БСП има нужда от обновявване, но зад предложението за ограничаване на депутатските мандати се крият лични мотиви. Така Янаки Стоилов, един от най-дългогодишните депутати на БСП коментира предложението на лидерката Корнелия Нинова да ограничи мандатите в парламента на три. 
След малко започва пленум на БСП, който да разгледа предложенията на Нинова за промени в партията, които след това да се гласуват на конгрес. 
В БСП има класова борба и хора, които при разрушаването на мавзолея стояха до Костов и Бакърджиев, коментира пък Георги Божинов, който също ще бъде засегнат от промените на Нинова. Думите му, които след това Божинов каза, че са шега, бяха насочети към соцлидерката, която бе заместник министър в правителството на Иван Костов.Хората на Костов искат да ни съкратят мандатите, а на Борисов да ни ги удължат, продължи да се майтапи с Нинова Божинов.
</topic_text>
<spam_score>0.00</spam_score>
<post_num>1</post_num>
<post_id>post-1</post_id>
<post_url>https://www.24chasa.bg/novini/article/5942061</post_url>
<post_date>20161217</post_date>
<post_time>0912</post_time>
<username></username>
<post>
Uber пусна джипове Volvo XC90 без шофьори в Сан Франциско (видео) Нинова имала лични мотиви да ограничи мандатите на депутатите https://www.24chasa.bg/novini/article/5942061 Нинова имала лични мотиви да ограничи мандатите на депутатите Нинова имала лични мотиви да ограничи мандатите на депутатите Виктор Иванов www.24chasa.bg 0; Корнелия Нинова Снимка : Архив 
Парламентарната група на БСП има нужда от обновявване, но зад предложението за ограничаване на депутатските мандати се крият лични мотиви. Така Янаки Стоилов, един от най-дългогодишните депутати на БСП коментира предложението на лидерката Корнелия Нинова да ограничи мандатите в парламента на три. 
След малко започва пленум на БСП, който да разгледа предложенията на Нинова за промени в партията, които след това да се гласуват на конгрес. 
В БСП има класова борба и хора, които при разрушаването на мавзолея стояха до Костов и Бакърджиев, коментира пък Георги Божинов, който също ще бъде засегнат от промените на Нинова. Думите му, които след това Божинов каза, че са шега, бяха насочети към соцлидерката, която бе заместник министър в правителството на Иван Костов.Хората на Костов искат да ни съкратят мандатите, а на Борисов да ни ги удължат, продължи да се майтапи с Нинова Божинов.
</post>
<signature>

</signature>
<external_links>

</external_links>
<country>BG</country>
<main_image>https://cache2.24chasa.bg/Images/Cache/062/Image_5942062_126.jpg</main_image>
</document>
