<?xml version="1.0" encoding="UTF-8"?>
<document>
<type>mainstream</type>
<forum>http://wavenewspapers.com/feed</forum>
<forum_title>Wave Newspapers</forum_title>
<discussion_title>BOOK CORNER: Teenaged female slayer battles vampires, darkness</discussion_title>
<language>english</language>
<gmt_offset></gmt_offset>
<topic_url>http://wavenewspapers.com/book-corner-teenaged-female-slayer-battles-vampires-darkness/</topic_url>
<topic_text>
Don Wanlass 
The Vampire Hunter’s Academy is the Light’s best-kept secret in the war against the Darkness. The school trains the best of the best. 
These future guardians defend humanity against evil and protect the huntress. Sanaya Scott, the most powerful slayer born in this millennium, has been admitted to the academy. 
She is unlike any other slayer and her abilities are developing so quickly, not even the Guardians can keep up. As a street-smart and independent teenager, Sanaya has to balance average teenage woes and her destiny to combat Evil. As relationships are tested and academy leadership changes, will Sanaya be able to defeat the Darkness? 
The answer can be found in the urban fantasy “The Vampire Hunter’s Academy: The Darkness” by Delizhia Jenkins. The author was inspired to write the book after noticing few people of color represented in vampire slayer roles. In each of her books, readers can identify with a strong, female person of color. Delizhia Jenkins 
“I have read many books that were absolutely amazing, but none of the characters resonated with me … until I was introduced to [author] L.A. Banks,” she said. Jenkins dedicates this first book to Banks and recalls how the author’s books sparked her interest in paranormal romance and urban fantasy. Jenkins soon found out she could identify with the main character’s experiences. 
With this first installment in the series, Jenkins hopes readers will “gain a real connection to the character and that the storylines will be carried with them long after the series ends.” 
Jenkins lives in Paramount and has recently completed the second book in The Vampire Hunter Academy series. She’s currently working on the third installment. To learn more about the author visit her website septembershope.wixsite.com/vhacademy. 
“The Vampire Hunter’s Academy: The Darkness” is available for $10 on Amazon.com.
</topic_text>
<spam_score>0.00</spam_score>
<post_num>1</post_num>
<post_id>post-1</post_id>
<post_url>http://wavenewspapers.com/book-corner-teenaged-female-slayer-battles-vampires-darkness/</post_url>
<post_date>20161216</post_date>
<post_time>2315</post_time>
<username>Marissa Wells, Contributing Writer</username>
<post>
Don Wanlass 
The Vampire Hunter’s Academy is the Light’s best-kept secret in the war against the Darkness. The school trains the best of the best. 
These future guardians defend humanity against evil and protect the huntress. Sanaya Scott, the most powerful slayer born in this millennium, has been admitted to the academy. 
She is unlike any other slayer and her abilities are developing so quickly, not even the Guardians can keep up. As a street-smart and independent teenager, Sanaya has to balance average teenage woes and her destiny to combat Evil. As relationships are tested and academy leadership changes, will Sanaya be able to defeat the Darkness? 
The answer can be found in the urban fantasy “The Vampire Hunter’s Academy: The Darkness” by Delizhia Jenkins. The author was inspired to write the book after noticing few people of color represented in vampire slayer roles. In each of her books, readers can identify with a strong, female person of color. Delizhia Jenkins 
“I have read many books that were absolutely amazing, but none of the characters resonated with me … until I was introduced to [author] L.A. Banks,” she said. Jenkins dedicates this first book to Banks and recalls how the author’s books sparked her interest in paranormal romance and urban fantasy. Jenkins soon found out she could identify with the main character’s experiences. 
With this first installment in the series, Jenkins hopes readers will “gain a real connection to the character and that the storylines will be carried with them long after the series ends.” 
Jenkins lives in Paramount and has recently completed the second book in The Vampire Hunter Academy series. She’s currently working on the third installment. To learn more about the author visit her website septembershope.wixsite.com/vhacademy. 
“The Vampire Hunter’s Academy: The Darkness” is available for $10 on Amazon.com.
</post>
<signature>

</signature>
<external_links>

</external_links>
<country>US</country>
<main_image>http://wavenewspapers.com/wp-content/uploads/2016/12/Book-Corner-Vampire-Academy-Book-Cover.jpg</main_image>
</document>
