<?xml version="1.0" encoding="UTF-8"?>
<document>
<type>mainstream</type>
<forum>http://www.libya-today.com/feed/</forum>
<forum_title>LIBYA TODAY</forum_title>
<discussion_title>Police break up blockade of Poland’s parliament – Irish Times</discussion_title>
<language>english</language>
<gmt_offset></gmt_offset>
<topic_url>http://www.libya-today.com/police-break-up-blockade-of-polands-parliament-irish-times/</topic_url>
<topic_text>
Police break up blockade of Poland&apos;s parliament Irish TimesPolice forcefully broke up a blockade of the Polish parliament by protesters who said the ruling party violated the constitution by illegally passing the budget for next year. The passage sparked the biggest political stand-off in years and the …
</topic_text>
<spam_score>0.00</spam_score>
<post_num>1</post_num>
<post_id>post-1</post_id>
<post_url>http://www.libya-today.com/police-break-up-blockade-of-polands-parliament-irish-times/</post_url>
<post_date>20161217</post_date>
<post_time>0820</post_time>
<username>Editor-In-Chief</username>
<post>
Police break up blockade of Poland&apos;s parliament Irish TimesPolice forcefully broke up a blockade of the Polish parliament by protesters who said the ruling party violated the constitution by illegally passing the budget for next year. The passage sparked the biggest political stand-off in years and the …
</post>
<signature>

</signature>
<external_links>

</external_links>
<country>US</country>
<main_image>http://www.libya-today.com/wp-content/plugins/all-in-one-seo-pack-pro/images/default-user-image.png</main_image>
</document>
