<?xml version="1.0" encoding="UTF-8"?>
<document>
<type>mainstream</type>
<forum>http://www.krone.at/Nachrichten/rss.html</forum>
<forum_title>Krone.at - Nachrichten</forum_title>
<discussion_title>Türkei: 13 Tote bei Anschlag in der Stadt Kayseri</discussion_title>
<language>german</language>
<gmt_offset></gmt_offset>
<topic_url>http://www.krone.at/welt/tuerkei-13-tote-bei-anschlag-in-der-stadt-kayseri-explosion-neben-bus-story-544644</topic_url>
<topic_text>
Erciyes- Universität ereignet. Der Sender NTV zeigte Bilder von dem auf einer Seite zerstörten Bus. Eine Autobombe sei in der Nähe eines öffentlichen Busses explodiert, berichteten mehrere Fernsehsender. Die Industriestadt Kayseri liegt weit entfernt von den Kurdengebieten im Südosten der Türkei und gilt normalerweise als ruhig.
</topic_text>
<spam_score>0.00</spam_score>
<post_num>1</post_num>
<post_id>post-1</post_id>
<post_url>http://www.krone.at/welt/tuerkei-13-tote-bei-anschlag-in-der-stadt-kayseri-explosion-neben-bus-story-544644</post_url>
<post_date>20161217</post_date>
<post_time>0749</post_time>
<username></username>
<post>
Erciyes- Universität ereignet. Der Sender NTV zeigte Bilder von dem auf einer Seite zerstörten Bus. Eine Autobombe sei in der Nähe eines öffentlichen Busses explodiert, berichteten mehrere Fernsehsender. Die Industriestadt Kayseri liegt weit entfernt von den Kurdengebieten im Südosten der Türkei und gilt normalerweise als ruhig.
</post>
<signature>

</signature>
<external_links>

</external_links>
<country>AT</country>
<main_image>http://imgl.krone.at/Bilder/2016/12/17/Tuerkei-13-Tote-bei-Anschlag-in-der-Stadt-Kayseri-Explosion-neben-Bus-story-544644_630x356px_6db236416052533ec90993df28646ac1__anschlag-kayseri-s_1260_jpg.jpg</main_image>
</document>
