<?xml version="1.0" encoding="UTF-8"?>
<document>
<type>mainstream</type>
<forum>http://www.ooyuz.com/newsanalysis?term=joint commission</forum>
<forum_title>joint commission News Results and Analysis |OOYUZ</forum_title>
<discussion_title>EU leaders make defence ties a priority</discussion_title>
<language>english</language>
<gmt_offset>-6</gmt_offset>
<topic_url>http://www.ooyuz.com/geturl?aid=14275904</topic_url>
<topic_text>
EU leaders are looking to boost security and defence co-operation as they try to tackle crises in Europe&apos;s neighbourhood. They are reacting to the destruction of Aleppo, migrant pressure from Africa and Ukraine&apos;s conflict with Russia. &quot;We are facing multiple crises, with fires in every corner, and not just in Europe&apos;s corners,&quot; EU Commission President Jean-Claude Juncker said. One such corner is Turkey, struggling with 2.7 million Syrian refugees. Since March the numbers of migrants coming ashor.. Advertisement
</topic_text>
<spam_score>0.00</spam_score>
<post_num>1</post_num>
<post_id>post-1</post_id>
<post_url>http://www.ooyuz.com/geturl?aid=14275904</post_url>
<post_date>20161215</post_date>
<post_time>0715</post_time>
<username>BBC News</username>
<post>
EU leaders are looking to boost security and defence co-operation as they try to tackle crises in Europe&apos;s neighbourhood. They are reacting to the destruction of Aleppo, migrant pressure from Africa and Ukraine&apos;s conflict with Russia. &quot;We are facing multiple crises, with fires in every corner, and not just in Europe&apos;s corners,&quot; EU Commission President Jean-Claude Juncker said. One such corner is Turkey, struggling with 2.7 million Syrian refugees. Since March the numbers of migrants coming ashor.. Advertisement
</post>
<signature>

</signature>
<external_links>

</external_links>
<country>US</country>
<main_image></main_image>
</document>
