<?xml version="1.0" encoding="UTF-8"?>
<document>
<type>mainstream</type>
<forum>http://kurier.at/xml/feed</forum>
<forum_title>kurier.at - KURIER</forum_title>
<discussion_title>Explosion durch Autobombe in türkischer Stadt Kayseri</discussion_title>
<language>german</language>
<gmt_offset></gmt_offset>
<topic_url>https://kurier.at/politik/ausland/explosion-durch-autobombe-in-tuerkischer-stadt-kayseri/236.291.815</topic_url>
<topic_text>
Bei einem Anschlag in der zentraltürkischen Stadt Kayseri sind am Samstag nach Angaben der Armee mindestens 13 Soldaten getötet worden. Zudem habe es 48 Verletzte gegeben. Laut der Nachrichtenagentur Anadolu detonierte eine Autobombe neben einem Bus, in dem Soldaten unterwegs waren.
Foto: AP Der Bus habe Zivilisten und Soldaten außer Dienstes transportiert. Der Bus sei laut Dogan hinter einem mit Sprengstoff beladenen Auto gefahren. Die Explosion habe sich gegenüber der Erciyes-Universität ereignet.
Die Industriestadt Kayseri liegt weit entfernt von den Kurdengebieten im Südosten der Türkei und gilt normalerweise als ruhig.
Eine Woche nach verheerendem Anschlag in Istanbul Erst vor einer Woche war die Türkei von einem schweren Attentat erschüttert worden. Bei dem Doppelanschlag in Istanbul, das sich gegen die Polizei richtete, wurden 44 Menschen getötet. Zu der Tat bekannten sich die Freiheitsfalken Kurdistans, eine radikale Splittergruppe der verbotenen Arbeiterpartei Kurdistans (PKK). Als Reaktion nahmen die türkischen Behörden mehr als 200 Politiker der prokurdischen Partei HDP fest.
Foto: REUTERS/STRINGER Seit der erneuten Eskalation des Konflikts zwischen den Kurden und der türkischen Regierung im Sommer 2015 lehnt Ankara jeden Dialog mit der HDP ab. Sie betrachtet die Oppositionspartei als politischen Arm der PKK. Präsident Recep Tayyip Erdogan bezeichnet ihre Politiker regelmäßig als &quot;Terroristen&quot;. In den vergangenen Monaten weitete die Regierung ihr Vorgehen gegen die HDP und ihren regionalen Ableger, die DBP, aus.
</topic_text>
<spam_score>0.00</spam_score>
<post_num>2</post_num>
<post_id>post-2</post_id>
<post_url>https://kurier.at/politik/ausland/explosion-durch-autobombe-in-tuerkischer-stadt-kayseri/236.291.815</post_url>
<post_date>20161217</post_date>
<post_time></post_time>
<username>Christof SCHWENNINGER</username>
<post>
Wer tut so etwas, und warum?
</post>
<signature>

</signature>
<external_links>

</external_links>
<country>AT</country>
<main_image>https://images.kurier.at/46-88899075.jpg/236.298.288</main_image>
</document>
