<?xml version="1.0" encoding="UTF-8"?>
<document>
<type>mainstream</type>
<forum>http://feeds.feedburner.com/TheBestNews</forum>
<forum_title>The Best News</forum_title>
<discussion_title>Μπάσκετ: Ο Προμηθέας έχει επικίνδυνη αποστολή κόντρα στην Κύμη</discussion_title>
<language>greek</language>
<gmt_offset></gmt_offset>
<topic_url>http://www.thebest.gr/news/index/viewStory/420791</topic_url>
<topic_text>
Μπάσκετ: Ο Προμηθέας έχει επικίνδυνη αποστολή κόντρα στην Κύμη Για το μεγάλο πρωτάθλημα 
Επικίνδυνη αποστολή έχει σήμερα (17.00) ο Προμηθέας, ο οποίος αγωνίζεται με αντίπαλο την Κύμη στο «κλειστό» της Κανήθου, στο πλαίσιο της 11 ης αγωνιστικής της Basket League. Το έργο της πατρινής ομάδας είναι εξ αρχής δύσκολο. 
Ωστόσο έγινε ακόμη πιο δύσκολο, καθώς ο προπονητής του Προμηθέα, Νίκος Βετούλας δεν θα έχει στη διάθεσή του τους τραυματίες Μοχάμεντ Φαγιέ και Ζήση Σαρικόπουλο, ενώ μικρό πρόβλημα (τράβηγμα) αντιμετωπίζει και ο Μίροσλαβ Τόντιτς. 
Ο Προμηθέας ταξίδεψε από την Παρασκευή στην Χαλκίδα και στην αποστολή συμπεριλήφθηκε και ο νεαρός σέντερ του Προμηθέα 2014, Παναγιώτης Βύρλας. 
Οι άλλοι παίκτες που θα είναι διαθέσιμοι είναι οι Γκίκας, Κλαρκ, Μουρ, Κρόμα, Γιαννικόπουλος, Τσάμης, Πέττας, Γράβας, Γερομιχαλός, Τόντιτς και Ντίκερσον. 
Ν. ΒΕΤΟΥΛΑΣ: «ΘΑ ΕΞΑΝΤΛΗΣΟΥΜΕ ΤΙΣ ΠΙΘΑΝΟΤΗΤΕΣ ΠΟΥ ΜΑΣ ΑΝΑΛΟΓΟΥΝ…» 
«Είναι ένα πολύ δύσκολο παιχνίδι. Εμείς προερχόμαστε από δυο ήττες στην παράταση στα παιχνίδια με Ρέθυμνο και ΠΑΟΚ και θέλουμε να επιστρέψουμε στα νικηφόρα αποτελέσματα», δήλωσε ο Νίκος Βετούλας και πρόσθεσε: «Πάμε στην Κάνηθο για να παλέψουμε. Έχουμε προβλήματα τραυματισμών, όμως όλοι όσοι παίξουμε, θα παίξουμε για τη νίκη. Εχω εμπιστοσύνη στα παιδιά. Θα εξαντλήσουμε όλες τις πιθανότητες που μας αναλογούν για το θετικό αποτέλεσμα». 
* Οι Τάσος Μάνος (Αττικής), Στέφανος Μαγκλογιάννης (Αττικής) και Αργύρης Καλδίρης (Αττικής) θα διευθύνουν το Σαββατιάτικο παιχνίδι του Προμηθέα με την Κύμη. 
ΔΙΑΒΑΣΤΕ ΕΠΙΣΗΣ
</topic_text>
<spam_score>0.00</spam_score>
<post_num>1</post_num>
<post_id>post-1</post_id>
<post_url>http://www.thebest.gr/news/index/viewStory/420791</post_url>
<post_date>20161217</post_date>
<post_time>0830</post_time>
<username>info@thebest.gr ()</username>
<post>
Μπάσκετ: Ο Προμηθέας έχει επικίνδυνη αποστολή κόντρα στην Κύμη Για το μεγάλο πρωτάθλημα 
Επικίνδυνη αποστολή έχει σήμερα (17.00) ο Προμηθέας, ο οποίος αγωνίζεται με αντίπαλο την Κύμη στο «κλειστό» της Κανήθου, στο πλαίσιο της 11 ης αγωνιστικής της Basket League. Το έργο της πατρινής ομάδας είναι εξ αρχής δύσκολο. 
Ωστόσο έγινε ακόμη πιο δύσκολο, καθώς ο προπονητής του Προμηθέα, Νίκος Βετούλας δεν θα έχει στη διάθεσή του τους τραυματίες Μοχάμεντ Φαγιέ και Ζήση Σαρικόπουλο, ενώ μικρό πρόβλημα (τράβηγμα) αντιμετωπίζει και ο Μίροσλαβ Τόντιτς. 
Ο Προμηθέας ταξίδεψε από την Παρασκευή στην Χαλκίδα και στην αποστολή συμπεριλήφθηκε και ο νεαρός σέντερ του Προμηθέα 2014, Παναγιώτης Βύρλας. 
Οι άλλοι παίκτες που θα είναι διαθέσιμοι είναι οι Γκίκας, Κλαρκ, Μουρ, Κρόμα, Γιαννικόπουλος, Τσάμης, Πέττας, Γράβας, Γερομιχαλός, Τόντιτς και Ντίκερσον. 
Ν. ΒΕΤΟΥΛΑΣ: «ΘΑ ΕΞΑΝΤΛΗΣΟΥΜΕ ΤΙΣ ΠΙΘΑΝΟΤΗΤΕΣ ΠΟΥ ΜΑΣ ΑΝΑΛΟΓΟΥΝ…» 
«Είναι ένα πολύ δύσκολο παιχνίδι. Εμείς προερχόμαστε από δυο ήττες στην παράταση στα παιχνίδια με Ρέθυμνο και ΠΑΟΚ και θέλουμε να επιστρέψουμε στα νικηφόρα αποτελέσματα», δήλωσε ο Νίκος Βετούλας και πρόσθεσε: «Πάμε στην Κάνηθο για να παλέψουμε. Έχουμε προβλήματα τραυματισμών, όμως όλοι όσοι παίξουμε, θα παίξουμε για τη νίκη. Εχω εμπιστοσύνη στα παιδιά. Θα εξαντλήσουμε όλες τις πιθανότητες που μας αναλογούν για το θετικό αποτέλεσμα». 
* Οι Τάσος Μάνος (Αττικής), Στέφανος Μαγκλογιάννης (Αττικής) και Αργύρης Καλδίρης (Αττικής) θα διευθύνουν το Σαββατιάτικο παιχνίδι του Προμηθέα με την Κύμη. 
ΔΙΑΒΑΣΤΕ ΕΠΙΣΗΣ
</post>
<signature>

</signature>
<external_links>

</external_links>
<country>GR</country>
<main_image>http://cdn.thebest.gr/media/images/original/wwoaknbrtj5854f32039460.jpg</main_image>
</document>
