<?xml version="1.0" encoding="UTF-8"?>
<document>
<type>mainstream</type>
<forum>http://www.majorspoilers.com/comments/feed/</forum>
<forum_title>Comments for Major Spoilers</forum_title>
<discussion_title>Comment on Major Spoilers Question of the Day: Change Is Bad Edition by Slappy</discussion_title>
<language>english</language>
<gmt_offset></gmt_offset>
<topic_url>http://majorspoilers.com/2016/12/16/major-spoilers-question-day-change-bad-edition/</topic_url>
<topic_text>
Matthew Peterson Matthew Peterson 2016-12-16 
Sometimes it’s tough to be a fan. To be fair, there’s a lot of moments in comics, movies and such that make me want to leap up and slap the taste out of people’s mouths, but there is also a lot of unwarranted negativity in fandom. Then again, it is incredibly frustrating to try to figure out the timelines of Cyclops’ and Marvel Girl’s romance or which back story actually applies to the Trill race on ‘Star Trek’, but it’s nothing compared to the mid-season actor change on ‘Bewitched’ for sheer ‘Change is bad.’ And don’t even get me started on whether or not vampires in ‘Buffy The Vampire Slayer’ need to breathe or not, leading us to today’s alternate-reality query… 
The MS-QOTD (pronounced, as always, “misquoted”) still doesn’t know how many kids Blanche had on ‘The Golden Girls’, asking: What alterations to your favorite pop culture most made you think that change is bad? Share this:
</topic_text>
<spam_score>0.00</spam_score>
<post_num>1</post_num>
<post_id>post-1</post_id>
<post_url>http://majorspoilers.com/2016/12/16/major-spoilers-question-day-change-bad-edition/</post_url>
<post_date>20161217</post_date>
<post_time>0131</post_time>
<username>Slappy</username>
<post>
Matthew Peterson Matthew Peterson 2016-12-16 
Sometimes it’s tough to be a fan. To be fair, there’s a lot of moments in comics, movies and such that make me want to leap up and slap the taste out of people’s mouths, but there is also a lot of unwarranted negativity in fandom. Then again, it is incredibly frustrating to try to figure out the timelines of Cyclops’ and Marvel Girl’s romance or which back story actually applies to the Trill race on ‘Star Trek’, but it’s nothing compared to the mid-season actor change on ‘Bewitched’ for sheer ‘Change is bad.’ And don’t even get me started on whether or not vampires in ‘Buffy The Vampire Slayer’ need to breathe or not, leading us to today’s alternate-reality query… 
The MS-QOTD (pronounced, as always, “misquoted”) still doesn’t know how many kids Blanche had on ‘The Golden Girls’, asking: What alterations to your favorite pop culture most made you think that change is bad? Share this:
</post>
<signature>

</signature>
<external_links>

</external_links>
<country></country>
<main_image>http://majorspoilers.com/wp-content/uploads/2016/12/QOTD-9.jpg</main_image>
</document>
