<?xml version="1.0" encoding="UTF-8"?>
<document>
<type>mainstream</type>
<forum>http://wavenewspapers.com/feed</forum>
<forum_title>Wave Newspapers</forum_title>
<discussion_title>LAUSD students receive free library cards in new program</discussion_title>
<language>english</language>
<gmt_offset></gmt_offset>
<topic_url>http://wavenewspapers.com/lausd-students-receive-free-library-cards-in-new-program/</topic_url>
<topic_text>
Twitter Facebook Pinterest Google+ Search LAUSD students receive free library cards in new program December 16, 2016 Written by: Wave Wire Services Mayor Eric Garcetti visits with students at Virginia Road Elementary School Dec. 7 when students were given free library cards that can be used at all Los Angeles Public Libraries. The cards will be distributed to every Los Angeles Unified School District student over the next three years. (Courtesy photo) permalink 
Tagged under: Don Wanlass 
LOS ANGELES — Fifth-grade students at Virginia Road Elementary School were given free library cards Dec. 7 to mark the beginning of a Los Angeles Public Library effort to provide the cards to every Los Angeles Unified School District student over the next three years. 
Mayor Eric Garcetti, LAUSD Superintendent Michelle King and Board of Education President Steve Zimmer joined city Librarian John Szabo to distribute “Student Success” library cards to the students, beginning the Student Success partnership between the district and the library. 
About 58,000 of the cards have already been mailed to kindergarten students throughout the district and to all students at Virginia Road Elementary, Audubon Middle and Dorsey High schools. The program will eventually distribute about 655,000 cards to LAUSD students. 
Library officials said the Student Success program will provide library cards to students, allowing them to check up as many as three books at a time — with no fees charged if the students fail to return the books on time. Once the books are returned, they will be able to check out additional titles. 
Using the cards, students will also be able to access services through the Los Angeles Public Library’s website. The site offers services such as reading recommendations, access to downloadable e-books and online homework help, with tutors available to work with students online. 
The site also includes links to science projects for kids, and SAT and ACT test-preparation help. 
Students across the city rely on their neighborhood branch libraries as an extension of their academics — taking advantage of services such as our tutoring and coding workshops,” Szabo said. “By exposing even more young people to the tremendous print and online resources we have available, we hope to spark a lifelong relationship with the library.”
</topic_text>
<spam_score>0.00</spam_score>
<post_num>1</post_num>
<post_id>post-1</post_id>
<post_url>http://wavenewspapers.com/lausd-students-receive-free-library-cards-in-new-program/</post_url>
<post_date>20161217</post_date>
<post_time>0050</post_time>
<username>Wave Wire Services</username>
<post>
Twitter Facebook Pinterest Google+ Search LAUSD students receive free library cards in new program December 16, 2016 Written by: Wave Wire Services Mayor Eric Garcetti visits with students at Virginia Road Elementary School Dec. 7 when students were given free library cards that can be used at all Los Angeles Public Libraries. The cards will be distributed to every Los Angeles Unified School District student over the next three years. (Courtesy photo) permalink 
Tagged under: Don Wanlass 
LOS ANGELES — Fifth-grade students at Virginia Road Elementary School were given free library cards Dec. 7 to mark the beginning of a Los Angeles Public Library effort to provide the cards to every Los Angeles Unified School District student over the next three years. 
Mayor Eric Garcetti, LAUSD Superintendent Michelle King and Board of Education President Steve Zimmer joined city Librarian John Szabo to distribute “Student Success” library cards to the students, beginning the Student Success partnership between the district and the library. 
About 58,000 of the cards have already been mailed to kindergarten students throughout the district and to all students at Virginia Road Elementary, Audubon Middle and Dorsey High schools. The program will eventually distribute about 655,000 cards to LAUSD students. 
Library officials said the Student Success program will provide library cards to students, allowing them to check up as many as three books at a time — with no fees charged if the students fail to return the books on time. Once the books are returned, they will be able to check out additional titles. 
Using the cards, students will also be able to access services through the Los Angeles Public Library’s website. The site offers services such as reading recommendations, access to downloadable e-books and online homework help, with tutors available to work with students online. 
The site also includes links to science projects for kids, and SAT and ACT test-preparation help. 
Students across the city rely on their neighborhood branch libraries as an extension of their academics — taking advantage of services such as our tutoring and coding workshops,” Szabo said. “By exposing even more young people to the tremendous print and online resources we have available, we hope to spark a lifelong relationship with the library.”
</post>
<signature>

</signature>
<external_links>

</external_links>
<country>US</country>
<main_image>http://wavenewspapers.com/wp-content/uploads/2016/12/Student-Library-Card.jpg</main_image>
</document>
