<?xml version="1.0" encoding="UTF-8"?>
<document>
<type>mainstream</type>
<forum>http://timesofindia.indiatimes.com/rssfeeds/7098551.cms</forum>
<forum_title>NRI - The Times of India</forum_title>
<discussion_title>Indian pleads guilty for H-1B visa fraud in US</discussion_title>
<language>english</language>
<gmt_offset></gmt_offset>
<topic_url>http://timesofindia.indiatimes.com/nri/indian-pleads-guilty-for-h-1b-visa-fraud-in-us/articleshow/56033506.cms</topic_url>
<topic_text>
Indian pleads guilty for H-1B visa fraud in US PTI | Dec 17, 2016, 01.41 PM IST WASHINGTON: A 32-year-old Indian-origin immigration manager for an IT company has pleaded guilty for committing H-1B visa fraud in the US. Hari Karne, who hails from Hyderabad, faces a maximum potential penalty of five years in prison and a US $250,000 fine if convicted. According to federal prosecutors, Karne&apos;s conspirators recruited foreign workers with purported IT expertise who sought work in the US. The conspirators then sponsored the foreign workers&apos; H-1B visas with the stated purpose of working for SCM Data, a US- based company, and MMC Systems&apos; clients throughout the US. When submitting the visa paperwork to US Citizenship and Immigration Services, the conspirators represented that the foreign workers had full-time positions and were paid an annual salary, as required to secure the H-1B visas. &quot;Contrary to these representations and in violation of the H-1B programme, the conspirators paid the foreign workers only when they were placed at a third-party client who entered into a contract with SCM Data or MMC Systems,&quot; the Department of Justice said in a press release. &quot;The conspirators told the foreign workers who were not currently working that if they wanted to maintain their H-1B visa status, they would need to come up with what their gross wages would be in cash and give it to SCM Data and MMC Systems so the companies could issue payroll checks to the foreign workers. &quot;Karne, who was a US immigration manager with SCM Private Limited in India, which had service agreements with SCM Data and MMC Systems, admitted that he advised foreign workers to pay SCM Data and MMC Systems in cash the approximate amount they were supposed to be paid by the companies in order to generate false payroll records,&quot; federal prosecutors alleged. Karne further admitted that in February and March 2015, in response to a US Department of Labour audit, he assisted SCM Data and MMC Systems in the preparation of false leave slips for foreign workers that were submitted to the US Department of Labour&apos;s to conceal the fact that the foreign workers were not paid during those time periods as required by federal law. Stay updated on the go with Times of India News App. Click here to download it for your device. RELATED
</topic_text>
<spam_score>0.00</spam_score>
<post_num>1</post_num>
<post_id>post-1</post_id>
<post_url>http://timesofindia.indiatimes.com/nri/indian-pleads-guilty-for-h-1b-visa-fraud-in-us/articleshow/56033506.cms</post_url>
<post_date>20161217</post_date>
<post_time>0811</post_time>
<username></username>
<post>
Indian pleads guilty for H-1B visa fraud in US PTI | Dec 17, 2016, 01.41 PM IST WASHINGTON: A 32-year-old Indian-origin immigration manager for an IT company has pleaded guilty for committing H-1B visa fraud in the US. Hari Karne, who hails from Hyderabad, faces a maximum potential penalty of five years in prison and a US $250,000 fine if convicted. According to federal prosecutors, Karne&apos;s conspirators recruited foreign workers with purported IT expertise who sought work in the US. The conspirators then sponsored the foreign workers&apos; H-1B visas with the stated purpose of working for SCM Data, a US- based company, and MMC Systems&apos; clients throughout the US. When submitting the visa paperwork to US Citizenship and Immigration Services, the conspirators represented that the foreign workers had full-time positions and were paid an annual salary, as required to secure the H-1B visas. &quot;Contrary to these representations and in violation of the H-1B programme, the conspirators paid the foreign workers only when they were placed at a third-party client who entered into a contract with SCM Data or MMC Systems,&quot; the Department of Justice said in a press release. &quot;The conspirators told the foreign workers who were not currently working that if they wanted to maintain their H-1B visa status, they would need to come up with what their gross wages would be in cash and give it to SCM Data and MMC Systems so the companies could issue payroll checks to the foreign workers. &quot;Karne, who was a US immigration manager with SCM Private Limited in India, which had service agreements with SCM Data and MMC Systems, admitted that he advised foreign workers to pay SCM Data and MMC Systems in cash the approximate amount they were supposed to be paid by the companies in order to generate false payroll records,&quot; federal prosecutors alleged. Karne further admitted that in February and March 2015, in response to a US Department of Labour audit, he assisted SCM Data and MMC Systems in the preparation of false leave slips for foreign workers that were submitted to the US Department of Labour&apos;s to conceal the fact that the foreign workers were not paid during those time periods as required by federal law. Stay updated on the go with Times of India News App. Click here to download it for your device. RELATED
</post>
<signature>

</signature>
<external_links>

</external_links>
<country>IN</country>
<main_image>http://timesofindia.indiatimes.com/photo/56033495.cms</main_image>
</document>
