<?xml version="1.0" encoding="UTF-8"?>
<document>
<type>mainstream</type>
<forum>http://www.ogunhaber.com/rss</forum>
<forum_title>OGUNHABER</forum_title>
<discussion_title>&quot;Sarıkamış&apos;ta asker soğuk kış şartlarına yenildi&quot;</discussion_title>
<language>turkish</language>
<gmt_offset></gmt_offset>
<topic_url>http://www.ogunhaber.com/genel/sarikamista-asker-soguk-kis-sartlarina-yenildi-705921h.html</topic_url>
<topic_text>
&quot;Sarıkamış&apos;ta asker soğuk kış şartlarına yenildi&quot; &quot;Sarıkamış&apos;ta asker soğuk kış şartlarına yenildi&quot; 0 - + - Tarihçi ve yazar Bilgin: - &quot;Asker yarım metre karda ve soğuk havada yürüyordu. Ayaklarında çarık vardı. Yanlarında yeterli yiyecek yoktu&quot; - &quot;Ruslar, esir alınan 31. Tümen Yardımcısı Nihat Bey&apos;in üzerinde buldukları evraklardan planı öğrendi. Tren yoluyla taşıdıkları birlikleriyle bir gecede askerlerimizin karşısına çıktı. Hafız Hakkı Paşa, askerleriyle kısa yoldan Allahu Ekber Dağları&apos;nı aşmak isterken 11. Kolordu&apos;nun yüzde 90&apos;ı burada şehit düştü&quot; Haber: Anadolu Ajansı - 
İSTANBUL (AA) - Tarihçi ve yazar İsmail Bilgin, Sarıkamış Harekatı&apos;nda askerlerin soğuk kış şartlarına yenildiğini belirterek, &quot;Asker yarım metre karda ve soğuk havada yürüyordu. Ayaklarında çarık vardı. Yanlarında yeterli yiyecek yoktu.&quot; ifadesini kullandı. 
Bağcılar Belediyesinden yapılan açıklamaya göre, belediye ile Türkiye Gençlik Vakfı tarafından M. Akif Ersoy Kültür Merkezinde &quot;Sarıkamış Harekatı&quot; başlıklı anma programı düzenlendi. 
İsmail Bilgin, burada yaptığı konuşmada, Osmanlı&apos;nın 1914&apos;te Balkanları kaybettiğini ve elinde Anadolu ile Arabistan yarımadası bulunduğuna değinerek, İttifak Güçleri Almanya, Avusturya ve Macaristan İmparatorluğu ile İtilaf Güçleri İngiltere, Fransa ve Rusya arasında sömürge kazanma mücadelesi yaşandığını anlattı. 
I. Dünya Savaşı&apos;nın başlamasının ardından Osmanlı&apos;nın İtilaf Güçleri&apos;nin iş birliğini reddetmesi üzerine 2 Ağustos 1914&apos;te İttifak Güçleri ile gizli anlaşma yapıldığını dile getirerek, şunları kaydetti: 
&quot;300 milyon Müslümanın ayaklanması düşünüldü. Ancak, İtilaf Güçleri denize hakimdi. Osmanlı&apos;nın, doğuda Ruslara karşı bir cephe açması planlanmıştı. O yıllarda, 93 Harbi sonrası tazminat karşılığı Kars, Ardahan ve Batum, Rusların eline geçmiş ve Sarıkamış Harekatı bu şartlarla başlamıştı.&quot; 
Bilgin, Rus filosunun İstanbul&apos;dan Erzurum&apos;daki kışlaya mühimmat, kıyafet ve yiyecek götüren Hilal-i Ahmer, Bezmi Alem ve Mithat Paşa vapurlarını batırdığını ve bu nedenle sıkıntı yaşandığını belirterek, &quot;Toplanma yeri olan Erzurum&apos;a yiyecek ve giyecek ulaştırılamadı. Güneyden gelen askerlerin ayağında çarık ve yazlık mintan vardı. Erzurum&apos;da o kadar çok asker vardı ki, askeri tesisler yeterli gelmedi. Köylüler evini açtı, ahırda kaldı.&quot; bilgisini verdi. 
Enver Paşa&apos;nın Erzurum&apos;da İzzet Paşa ile görüştüğünü anlatan Bilgin, konuşmasını şöyle sürdürdü: 
&quot;Harekata karşı çıkan İzzet Paşa bu harekatın, orduyu ölüme sürükleyeceği uyarısında bulundu. Bunun üzerine Enver Paşa onu görevden alarak 3. Ordu komutanlığını üstlendi. Vali Tahsin Paşa&apos;nın çağrısıyla Erzurum halkı elindeki unu ve buğdayı birliklere taşıdı. Asker ve halk, tifüs salgınıyla da büyük kayıp verdi. Sarıkamış Harekatında 11. Kolordu Rusları oyalarken, 9. Kolordunun Karga Pazarı üzerinden Sarıkamış&apos;a inmesi planlandı. Asker yarım metre karda ve soğuk havada yürüyordu. Ayaklarında çarık vardı. Yanlarında yeterli yiyecek yoktu. Sarıkamış&apos;a yaklaşıldığında 9. Kolordu taarruza geçti. Rusların karşı koymasına rağmen Sarıkamış&apos;ın üst mahallelerine girildi. Ancak Hakkı Paşa, en önde girmek istediği için önüne kattığı Ruslarla Kars&apos;a kadar ilerledi. Oysa, 9. Kolordu ile birleşmesi gerekiyordu. Askerimiz 27 Aralık’ta üst mahallelere girdi, ancak 10. Kolordu ile buluşulamadı. Ruslar, esir alınan 31. Tümen Yardımcısı Nihat Bey&apos;in üzerinde buldukları evraklardan planı öğrendi. Tren yoluyla taşıdıkları birlikleriyle bir gecede askerlerimizin karşısına çıktı. Hafız Hakkı Paşa, askerleriyle kısa yoldan Allahuekber Dağları&apos;nı aşmak isterken 11. Kolordu&apos;nun yüzde 90&apos;ı burada şehit düştü. Sarıkamış&apos;ta askerimiz soğuk kış şartlarına yenildi.&quot; 
Yenilgi sonrası Rusların sancağı ele geçirdiklerini, donarak şehit düşen binlerce askerin cesedinin nisan ayı sonrası karların erimesiyle ortaya çıktığını aktaran Bilgin, yenilgilerden de ders çıkarılması gerektiğini sözlerine ekledi.
</topic_text>
<spam_score>0.00</spam_score>
<post_num>1</post_num>
<post_id>post-1</post_id>
<post_url>http://www.ogunhaber.com/genel/sarikamista-asker-soguk-kis-sartlarina-yenildi-705921h.html</post_url>
<post_date>20161217</post_date>
<post_time>0855</post_time>
<username></username>
<post>
&quot;Sarıkamış&apos;ta asker soğuk kış şartlarına yenildi&quot; &quot;Sarıkamış&apos;ta asker soğuk kış şartlarına yenildi&quot; 0 - + - Tarihçi ve yazar Bilgin: - &quot;Asker yarım metre karda ve soğuk havada yürüyordu. Ayaklarında çarık vardı. Yanlarında yeterli yiyecek yoktu&quot; - &quot;Ruslar, esir alınan 31. Tümen Yardımcısı Nihat Bey&apos;in üzerinde buldukları evraklardan planı öğrendi. Tren yoluyla taşıdıkları birlikleriyle bir gecede askerlerimizin karşısına çıktı. Hafız Hakkı Paşa, askerleriyle kısa yoldan Allahu Ekber Dağları&apos;nı aşmak isterken 11. Kolordu&apos;nun yüzde 90&apos;ı burada şehit düştü&quot; Haber: Anadolu Ajansı - 
İSTANBUL (AA) - Tarihçi ve yazar İsmail Bilgin, Sarıkamış Harekatı&apos;nda askerlerin soğuk kış şartlarına yenildiğini belirterek, &quot;Asker yarım metre karda ve soğuk havada yürüyordu. Ayaklarında çarık vardı. Yanlarında yeterli yiyecek yoktu.&quot; ifadesini kullandı. 
Bağcılar Belediyesinden yapılan açıklamaya göre, belediye ile Türkiye Gençlik Vakfı tarafından M. Akif Ersoy Kültür Merkezinde &quot;Sarıkamış Harekatı&quot; başlıklı anma programı düzenlendi. 
İsmail Bilgin, burada yaptığı konuşmada, Osmanlı&apos;nın 1914&apos;te Balkanları kaybettiğini ve elinde Anadolu ile Arabistan yarımadası bulunduğuna değinerek, İttifak Güçleri Almanya, Avusturya ve Macaristan İmparatorluğu ile İtilaf Güçleri İngiltere, Fransa ve Rusya arasında sömürge kazanma mücadelesi yaşandığını anlattı. 
I. Dünya Savaşı&apos;nın başlamasının ardından Osmanlı&apos;nın İtilaf Güçleri&apos;nin iş birliğini reddetmesi üzerine 2 Ağustos 1914&apos;te İttifak Güçleri ile gizli anlaşma yapıldığını dile getirerek, şunları kaydetti: 
&quot;300 milyon Müslümanın ayaklanması düşünüldü. Ancak, İtilaf Güçleri denize hakimdi. Osmanlı&apos;nın, doğuda Ruslara karşı bir cephe açması planlanmıştı. O yıllarda, 93 Harbi sonrası tazminat karşılığı Kars, Ardahan ve Batum, Rusların eline geçmiş ve Sarıkamış Harekatı bu şartlarla başlamıştı.&quot; 
Bilgin, Rus filosunun İstanbul&apos;dan Erzurum&apos;daki kışlaya mühimmat, kıyafet ve yiyecek götüren Hilal-i Ahmer, Bezmi Alem ve Mithat Paşa vapurlarını batırdığını ve bu nedenle sıkıntı yaşandığını belirterek, &quot;Toplanma yeri olan Erzurum&apos;a yiyecek ve giyecek ulaştırılamadı. Güneyden gelen askerlerin ayağında çarık ve yazlık mintan vardı. Erzurum&apos;da o kadar çok asker vardı ki, askeri tesisler yeterli gelmedi. Köylüler evini açtı, ahırda kaldı.&quot; bilgisini verdi. 
Enver Paşa&apos;nın Erzurum&apos;da İzzet Paşa ile görüştüğünü anlatan Bilgin, konuşmasını şöyle sürdürdü: 
&quot;Harekata karşı çıkan İzzet Paşa bu harekatın, orduyu ölüme sürükleyeceği uyarısında bulundu. Bunun üzerine Enver Paşa onu görevden alarak 3. Ordu komutanlığını üstlendi. Vali Tahsin Paşa&apos;nın çağrısıyla Erzurum halkı elindeki unu ve buğdayı birliklere taşıdı. Asker ve halk, tifüs salgınıyla da büyük kayıp verdi. Sarıkamış Harekatında 11. Kolordu Rusları oyalarken, 9. Kolordunun Karga Pazarı üzerinden Sarıkamış&apos;a inmesi planlandı. Asker yarım metre karda ve soğuk havada yürüyordu. Ayaklarında çarık vardı. Yanlarında yeterli yiyecek yoktu. Sarıkamış&apos;a yaklaşıldığında 9. Kolordu taarruza geçti. Rusların karşı koymasına rağmen Sarıkamış&apos;ın üst mahallelerine girildi. Ancak Hakkı Paşa, en önde girmek istediği için önüne kattığı Ruslarla Kars&apos;a kadar ilerledi. Oysa, 9. Kolordu ile birleşmesi gerekiyordu. Askerimiz 27 Aralık’ta üst mahallelere girdi, ancak 10. Kolordu ile buluşulamadı. Ruslar, esir alınan 31. Tümen Yardımcısı Nihat Bey&apos;in üzerinde buldukları evraklardan planı öğrendi. Tren yoluyla taşıdıkları birlikleriyle bir gecede askerlerimizin karşısına çıktı. Hafız Hakkı Paşa, askerleriyle kısa yoldan Allahuekber Dağları&apos;nı aşmak isterken 11. Kolordu&apos;nun yüzde 90&apos;ı burada şehit düştü. Sarıkamış&apos;ta askerimiz soğuk kış şartlarına yenildi.&quot; 
Yenilgi sonrası Rusların sancağı ele geçirdiklerini, donarak şehit düşen binlerce askerin cesedinin nisan ayı sonrası karların erimesiyle ortaya çıktığını aktaran Bilgin, yenilgilerden de ders çıkarılması gerektiğini sözlerine ekledi.
</post>
<signature>

</signature>
<external_links>

</external_links>
<country>US</country>
<main_image>http://www.ogunhaber.com/assets/uploads/news/.jpg</main_image>
</document>
