<?xml version="1.0" encoding="UTF-8"?>
<document>
<type>mainstream</type>
<forum>http://sportsport.ba/rss/ostalo</forum>
<forum_title>SportSport.ba</forum_title>
<discussion_title>Houston u transu: Harden i društvo oborili NBA rekord</discussion_title>
<language>croatian</language>
<gmt_offset></gmt_offset>
<topic_url>http://sportsport.ba/ino_kosarka/houston-u-transu-harden-i-drustvo-oborili-nba-rekord/217966</topic_url>
<topic_text>
Luda noć u NBA ligi Houston u transu: Harden i društvo oborili NBA rekord Piše: M. Volaš Facebook Košarkaši Houstona sinoć su ostvarili ubjedljivu pobjedu na svom terenu protiv New Orleansa (122:100), a usput su došli i do rekorda. 
Rocketsi su postavili novi rekord po broju ubačenih trojki na jednom meču - 24, te tako nadmašili sopstveni učinak iz 2013. godine. 
Harden i društvo imali su čak 61 pokušaj van linije 7.24, a prednjačio je Eric Gordon sa sedam ubačenih trojki. 
&apos;Brada&apos; je upisao jednu manje, dok je Trevor Ariza zabilježio pet.
</topic_text>
<spam_score>0.00</spam_score>
<post_num>1</post_num>
<post_id>post-1</post_id>
<post_url>http://sportsport.ba/ino_kosarka/houston-u-transu-harden-i-drustvo-oborili-nba-rekord/217966</post_url>
<post_date>20161217</post_date>
<post_time>0901</post_time>
<username>M. Volaš</username>
<post>
Luda noć u NBA ligi Houston u transu: Harden i društvo oborili NBA rekord Piše: M. Volaš Facebook Košarkaši Houstona sinoć su ostvarili ubjedljivu pobjedu na svom terenu protiv New Orleansa (122:100), a usput su došli i do rekorda. 
Rocketsi su postavili novi rekord po broju ubačenih trojki na jednom meču - 24, te tako nadmašili sopstveni učinak iz 2013. godine. 
Harden i društvo imali su čak 61 pokušaj van linije 7.24, a prednjačio je Eric Gordon sa sedam ubačenih trojki. 
&apos;Brada&apos; je upisao jednu manje, dok je Trevor Ariza zabilježio pet.
</post>
<signature>

</signature>
<external_links>

</external_links>
<country>BA</country>
<main_image>http://sportsport.ba/assets/pictures/article/966/houston_u_transu_harden_i_drustvo_oborili_nba_rekord_100134_217966_big.jpg</main_image>
</document>
