<?xml version="1.0" encoding="UTF-8"?>
<document>
<type>mainstream</type>
<forum>http://malayalam.oneindia.in/rss/malayalam-news-fb.xml</forum>
<forum_title>Oneindia.in - thatsMalayalam News</forum_title>
<discussion_title>മോദിയുടെ അടുത്ത പണി! എല്ലാം ഡിജിറ്റലിലേക്ക്,അക്കൗണ്ടുകള്‍ ആധാറുമായി ബന്ധിപ്പിക്കുന്നു</discussion_title>
<language>malayalam</language>
<gmt_offset></gmt_offset>
<topic_url>http://malayalam.oneindia.com/news/india/government-to-link-all-savings-accounts-to-aadhaar-160933.html</topic_url>
<topic_text>
ഇന്ത്യ » മോദിയുടെ അടുത്ത പണി! എല്ലാം ഡിജിറ്റലിലേക്ക്,അക്കൗണ്ടുകള്‍ ആധാറുമായി ബന്ധിപ്പിക്കുന്നു മോദിയുടെ അടുത്ത പണി! എല്ലാം ഡിജിറ്റലിലേക്ക്,അക്കൗണ്ടുകള്‍ ആധാറുമായി ബന്ധിപ്പിക്കുന്നു പണരഹിത സമ്പദ് വ്യവസ്ഥയെന്ന ലക്ഷ്യത്തിനായി സര്‍ക്കാര്‍ ആധാര്‍ നമ്പറുകള്‍ ബാങ്ക് അക്കൗണ്ടുമായി ബന്ധിപ്പിക്കുന്നു. ഗ്രാമീണ മേഖലകളില്‍ ഡിജിറ്റ്ല്‍ ഇടപാടുകള്‍ പ്രോത്സാഹിപ്പിക്കുന്നതിനാണ് നീക്കം. Published : By: Gowthamy   
ദില്ലി: നോട്ട് നിരോധനത്തിനു പിന്നാലെ പണരഹിത സമ്പദ് വ്യവസ്ഥ എന്ന ലക്ഷ്യത്തിനായി പ്രധാനമന്ത്രി നരേന്ദ്രമോദി പണി തുടങ്ങി. എല്ലാ സേവിങ്സ് അക്കൗണ്ടുകളും ആധാറുമായി ബന്ധിപ്പിക്കാന്‍ തീരുമാനം. പണരഹിത സമ്പദ് വ്യവസ്ഥ സാധ്യമാക്കുന്നതിന്റെ ആദ്യ ചുവടുവയ്പ്പാണിത്. 
സേവിങ്സ് അക്കൗണ്ടുകള്‍ ആധാറുമായി ബന്ധിപ്പിക്കുന്ന തീരുമാനത്തിന് മോദി അംഗീകാരം നല്‍കിയെന്നാണ് സൂചനകള്‍. ഇതിനായി അരുണ്‍ ജെയ്റ്റ്‌ലിയെയും രവിശങ്കര്‍ പ്രസാദിനെയും ചുമതലപ്പെടുത്തിയെന്നാണ് വിവരങ്ങള്‍. 
നോട്ട് നിരോധനത്തിനു പിന്നാലെ രാജ്യത്ത് നോട്ട് ക്ഷാമം വര്‍ധിച്ചിരിക്കുകയാണ്. ഇതിനെ തുടര്‍ന്നാണ് പണരഹിത സമ്പദ് വ്യവസ്ഥയ്ക്ക് ആഹ്വാനം ചെയ്ത് മോദി രംഗത്തെത്തിയത്. വെളളിയാഴ്ച നടന്ന പാര്‍ലമെന്ററി പാര്‍ട്ടി യോഗത്തില്‍ പണരഹിത സമ്പദ് വ്യവസ്ഥ പ്രോത്സാഹിപ്പിക്കുന്നതിനായി എംപിമാര്‍ ജനങ്ങളെ ബോധവത്കരണം നടത്തണമെന്ന് മോദി ആവശ്യപ്പെട്ടിരുന്നു. അക്കൗണ്ടുകള്‍ ആധാറുമായി ബന്ധിപ്പിക്കുന്നു 
ഡിജിറ്റല്‍ പണമിടപാടുകള്‍ ഗ്രാമീണര്‍ക്കും സാധ്യമാക്കുന്നതിനു വേണ്ടിയാണ് അക്കൗണ്ടുകള്‍ ആധാറുമായി ബന്ധിപ്പിക്കുന്നത്. എല്ലാ അക്കൗണ്ടുകളും ആധാറുമായി ബന്ധിപ്പിക്കാനാണ് തീരുമാനം. 
മൊബൈല്‍ പോലുമില്ലാത്തവര്‍ക്കും സൗകര്യം 
അക്കൗണ്ടുകള്‍ ആധാറുമായി ബന്ധിപ്പിക്കുന്നതിലൂടെ മൊബൈല്‍ പോലുമില്ലാത്തവര്‍ക്കും ഡിജിറ്റല്‍ പണമിടപാട് സാധ്യമാക്കുന്നതിന് കഴിയുമെന്നാണ് വിവരങ്ങള്‍. സാധാരണക്കാരെ ഡിജിറ്റല്‍ ഇടപാടിന്റെ ഭാഗമാക്കുന്നതിനാണ് ഈ നീക്കം. ചുമതല ജെയ്റ്റ്‌ലിക്ക് 
അക്കൗണ്ടുകള്‍ ആധാറുമായി ബന്ധിപ്പിക്കാനുള്ള നീക്കങ്ങള്‍ക്ക് മോദി അംഗീകാരം നല്‍കിയിട്ടുണ്ട്. ധനമന്ത്രി അരുണ്‍ ജെയ്റ്റ്‌ലിക്കും വിവര സാങ്കേതിക മന്ത്രി രവിശങ്കര്‍ പ്രസാദിനുമാണ് ഇതിന്റെ ചുമതല. ആധാറുമായി ബന്ധിപ്പിക്കപ്പെട്ടത് 40 കോടി അക്കൗണ്ടുകള്‍ 
രാജ്യത്ത് ഏതാണ്ട് 112 കോടി അക്കൗണ്ടുകളാണ് ഉളളത്. ഇതില്‍ 40 കോടി അക്കൗണ്ടികള്‍ മാത്രമാണ് ആധാറുമായി ബന്ധിപ്പിച്ചിരിക്കുന്നത്. അതിനാല്‍ അക്കൗണ്ടുകള്‍ ആധാറുമായി ബന്ധിപ്പിക്കുന്ന നടപടി വേഗത്തിലാക്കുമെന്നാണ് സൂചന. ഡിജിറ്റല്‍ ഇടപാടുകള്‍ വേഗത്തിലാക്കും 
മൊബൈല്‍ പോലുമില്ലാത്തവര്‍ക്ക് ഡിജിറ്റല്‍ ഇടപാടുകള്‍ വേഗത്തിലാക്കുന്നതിന് വേണ്ടി ഇത് സഹായിക്കുമെന്നാണ് വിവരങ്ങള്‍. ഇടപാടുകള്‍ നടത്തുന്നതിനായി ആധാര്‍ ബയോമെട്രിക് ലിങ്കിലൂടെ അക്കൗണ്ടില്‍ ലോഗിന്‍ ചെയ്താല്‍ മതിയാകും. ഇതിന് പ്രത്യേക സജീകരണങ്ങള്‍ ഒരുക്കാന്‍ ആര്‍ബിഐ തീരുമാനിച്ചിട്ടുണ്ട് ലക്ഷ്യം ഗ്രാമീണ മേഖലകള്‍ 
ഗ്രാമീണ മേഖലകളും ഡിജിറ്റല്‍ സാങ്കേതിക വിദ്യയുടെ ഭാഗമാക്കുന്നതിനു വേണ്ടിയാണ് ഇത്തരമൊരു നീക്കം. ഇതിനായി ബാങ്കുകളുമായി രവിശങ്കര്‍ പ്രസാദ് ചര്‍ച്ച നടത്തി. ഹെല്‍പ്പ്‌ലൈന്‍ നമ്പറും ഇതിനായി ആരംഭിക്കാനാണ് തീരുമാനം. 
Read more about:
</topic_text>
<spam_score>0.00</spam_score>
<post_num>1</post_num>
<post_id>post-1</post_id>
<post_url>http://malayalam.oneindia.com/news/india/government-to-link-all-savings-accounts-to-aadhaar-160933.html</post_url>
<post_date>20161217</post_date>
<post_time>0449</post_time>
<username></username>
<post>
ഇന്ത്യ » മോദിയുടെ അടുത്ത പണി! എല്ലാം ഡിജിറ്റലിലേക്ക്,അക്കൗണ്ടുകള്‍ ആധാറുമായി ബന്ധിപ്പിക്കുന്നു മോദിയുടെ അടുത്ത പണി! എല്ലാം ഡിജിറ്റലിലേക്ക്,അക്കൗണ്ടുകള്‍ ആധാറുമായി ബന്ധിപ്പിക്കുന്നു പണരഹിത സമ്പദ് വ്യവസ്ഥയെന്ന ലക്ഷ്യത്തിനായി സര്‍ക്കാര്‍ ആധാര്‍ നമ്പറുകള്‍ ബാങ്ക് അക്കൗണ്ടുമായി ബന്ധിപ്പിക്കുന്നു. ഗ്രാമീണ മേഖലകളില്‍ ഡിജിറ്റ്ല്‍ ഇടപാടുകള്‍ പ്രോത്സാഹിപ്പിക്കുന്നതിനാണ് നീക്കം. Published : By: Gowthamy   
ദില്ലി: നോട്ട് നിരോധനത്തിനു പിന്നാലെ പണരഹിത സമ്പദ് വ്യവസ്ഥ എന്ന ലക്ഷ്യത്തിനായി പ്രധാനമന്ത്രി നരേന്ദ്രമോദി പണി തുടങ്ങി. എല്ലാ സേവിങ്സ് അക്കൗണ്ടുകളും ആധാറുമായി ബന്ധിപ്പിക്കാന്‍ തീരുമാനം. പണരഹിത സമ്പദ് വ്യവസ്ഥ സാധ്യമാക്കുന്നതിന്റെ ആദ്യ ചുവടുവയ്പ്പാണിത്. 
സേവിങ്സ് അക്കൗണ്ടുകള്‍ ആധാറുമായി ബന്ധിപ്പിക്കുന്ന തീരുമാനത്തിന് മോദി അംഗീകാരം നല്‍കിയെന്നാണ് സൂചനകള്‍. ഇതിനായി അരുണ്‍ ജെയ്റ്റ്‌ലിയെയും രവിശങ്കര്‍ പ്രസാദിനെയും ചുമതലപ്പെടുത്തിയെന്നാണ് വിവരങ്ങള്‍. 
നോട്ട് നിരോധനത്തിനു പിന്നാലെ രാജ്യത്ത് നോട്ട് ക്ഷാമം വര്‍ധിച്ചിരിക്കുകയാണ്. ഇതിനെ തുടര്‍ന്നാണ് പണരഹിത സമ്പദ് വ്യവസ്ഥയ്ക്ക് ആഹ്വാനം ചെയ്ത് മോദി രംഗത്തെത്തിയത്. വെളളിയാഴ്ച നടന്ന പാര്‍ലമെന്ററി പാര്‍ട്ടി യോഗത്തില്‍ പണരഹിത സമ്പദ് വ്യവസ്ഥ പ്രോത്സാഹിപ്പിക്കുന്നതിനായി എംപിമാര്‍ ജനങ്ങളെ ബോധവത്കരണം നടത്തണമെന്ന് മോദി ആവശ്യപ്പെട്ടിരുന്നു. അക്കൗണ്ടുകള്‍ ആധാറുമായി ബന്ധിപ്പിക്കുന്നു 
ഡിജിറ്റല്‍ പണമിടപാടുകള്‍ ഗ്രാമീണര്‍ക്കും സാധ്യമാക്കുന്നതിനു വേണ്ടിയാണ് അക്കൗണ്ടുകള്‍ ആധാറുമായി ബന്ധിപ്പിക്കുന്നത്. എല്ലാ അക്കൗണ്ടുകളും ആധാറുമായി ബന്ധിപ്പിക്കാനാണ് തീരുമാനം. 
മൊബൈല്‍ പോലുമില്ലാത്തവര്‍ക്കും സൗകര്യം 
അക്കൗണ്ടുകള്‍ ആധാറുമായി ബന്ധിപ്പിക്കുന്നതിലൂടെ മൊബൈല്‍ പോലുമില്ലാത്തവര്‍ക്കും ഡിജിറ്റല്‍ പണമിടപാട് സാധ്യമാക്കുന്നതിന് കഴിയുമെന്നാണ് വിവരങ്ങള്‍. സാധാരണക്കാരെ ഡിജിറ്റല്‍ ഇടപാടിന്റെ ഭാഗമാക്കുന്നതിനാണ് ഈ നീക്കം. ചുമതല ജെയ്റ്റ്‌ലിക്ക് 
അക്കൗണ്ടുകള്‍ ആധാറുമായി ബന്ധിപ്പിക്കാനുള്ള നീക്കങ്ങള്‍ക്ക് മോദി അംഗീകാരം നല്‍കിയിട്ടുണ്ട്. ധനമന്ത്രി അരുണ്‍ ജെയ്റ്റ്‌ലിക്കും വിവര സാങ്കേതിക മന്ത്രി രവിശങ്കര്‍ പ്രസാദിനുമാണ് ഇതിന്റെ ചുമതല. ആധാറുമായി ബന്ധിപ്പിക്കപ്പെട്ടത് 40 കോടി അക്കൗണ്ടുകള്‍ 
രാജ്യത്ത് ഏതാണ്ട് 112 കോടി അക്കൗണ്ടുകളാണ് ഉളളത്. ഇതില്‍ 40 കോടി അക്കൗണ്ടികള്‍ മാത്രമാണ് ആധാറുമായി ബന്ധിപ്പിച്ചിരിക്കുന്നത്. അതിനാല്‍ അക്കൗണ്ടുകള്‍ ആധാറുമായി ബന്ധിപ്പിക്കുന്ന നടപടി വേഗത്തിലാക്കുമെന്നാണ് സൂചന. ഡിജിറ്റല്‍ ഇടപാടുകള്‍ വേഗത്തിലാക്കും 
മൊബൈല്‍ പോലുമില്ലാത്തവര്‍ക്ക് ഡിജിറ്റല്‍ ഇടപാടുകള്‍ വേഗത്തിലാക്കുന്നതിന് വേണ്ടി ഇത് സഹായിക്കുമെന്നാണ് വിവരങ്ങള്‍. ഇടപാടുകള്‍ നടത്തുന്നതിനായി ആധാര്‍ ബയോമെട്രിക് ലിങ്കിലൂടെ അക്കൗണ്ടില്‍ ലോഗിന്‍ ചെയ്താല്‍ മതിയാകും. ഇതിന് പ്രത്യേക സജീകരണങ്ങള്‍ ഒരുക്കാന്‍ ആര്‍ബിഐ തീരുമാനിച്ചിട്ടുണ്ട് ലക്ഷ്യം ഗ്രാമീണ മേഖലകള്‍ 
ഗ്രാമീണ മേഖലകളും ഡിജിറ്റല്‍ സാങ്കേതിക വിദ്യയുടെ ഭാഗമാക്കുന്നതിനു വേണ്ടിയാണ് ഇത്തരമൊരു നീക്കം. ഇതിനായി ബാങ്കുകളുമായി രവിശങ്കര്‍ പ്രസാദ് ചര്‍ച്ച നടത്തി. ഹെല്‍പ്പ്‌ലൈന്‍ നമ്പറും ഇതിനായി ആരംഭിക്കാനാണ് തീരുമാനം. 
Read more about:
</post>
<signature>

</signature>
<external_links>

</external_links>
<country>IN</country>
<main_image>http://malayalam-cdn.oneindia.com/img/2016/12/adhar-17-1481950141.jpg</main_image>
</document>
