<?xml version="1.0" encoding="UTF-8"?>
<document>
<type>mainstream</type>
<forum>http://www.schwarzwaelder-bote.de/.rss.feed</forum>
<forum_title>Schwarzwälder Bote - Lokal</forum_title>
<discussion_title>Bad-Dürrheim: Wichtig: Prüfung der Alternative</discussion_title>
<language>german</language>
<gmt_offset></gmt_offset>
<topic_url>http://www.schwarzwaelder-bote.de/inhalt.bad-duerrheim-wichtig-pruefung-der-alternative.01d8abfc-ed77-49b0-8246-db3acb2960ff.html</topic_url>
<topic_text>
Bad-Dürrheim Wichtig: Prüfung der Alternative Von Schwarzwälder-Bote 17.12.2016 - 03:00 Uhr &apos; 
(flo). Die Freien Wähler bezeichnen die Steueranhebungen insgesamt als &quot;unbedingt erforderlich, damit auch künftige Haushaltspläne den gesetzlichen Forderungen standhalten&quot;. Mit dem Grundsteuerhebesatz B sei jedoch ein absoluter Spitzenplatz im Land erreicht worden, hier sieht man keinerlei künftigen Spielraum mehr. Fraktionssprecher Klaus Götz unterstrich in seiner Haushaltsrede die solide Haushaltspolitik der vergangenen Jahre, so könne die drängende Maßnahme des Kindergartenneubaus im Haushaltsplan 2017 ohne Kreditaufnahme bewältigt werden. Etwas aus dem Blickfeld geraten sei die zumindest mittelfristig erforderliche Sanierung des Daches der Salinensporthalle, hier könne jederzeit ein kurzfristiger Handlungsbedarf entstehen. Zudem sei der Zustand der Oskar-Grießhaber-Halle nicht gerade gut. Götz: &quot;Auch wenn es nun in Sachen Minara zu einer Verzögerung der Zeitschiene kommt, sehen wir die Prüfung der alternativen Baukastenlösung als wichtig an – immerhin könnte es bei einer optimalen Planung zu einer weiteren Kosteneinsparung von einer Millionen Euro kommen.&quot; Für die &quot;Freien&quot; hat die Sanierung der Hochemminger Ortsmitte ebenso Priorität wie die Sanierung der Gemeindeverbindungsstraße Hochemmingen-Mühlhausen bis zur Gemarkungsgrenze. Götz weiter: &quot;Auch das Thema Schweinezucht wird uns 2017 weiter beschäftigen. Wie nicht anders zu erwarten war, muss sich der Plan der Prüfung in einem Normenkontrollverfahren unterziehen. Energisch sollten wir dem Vorwurf der Verhinderungsplanung widersprechen.&quot; Artikel bewerten
</topic_text>
<spam_score>0.00</spam_score>
<post_num>1</post_num>
<post_id>post-1</post_id>
<post_url>http://www.schwarzwaelder-bote.de/inhalt.bad-duerrheim-wichtig-pruefung-der-alternative.01d8abfc-ed77-49b0-8246-db3acb2960ff.html</post_url>
<post_date>20161217</post_date>
<post_time>0200</post_time>
<username></username>
<post>
Bad-Dürrheim Wichtig: Prüfung der Alternative Von Schwarzwälder-Bote 17.12.2016 - 03:00 Uhr &apos; 
(flo). Die Freien Wähler bezeichnen die Steueranhebungen insgesamt als &quot;unbedingt erforderlich, damit auch künftige Haushaltspläne den gesetzlichen Forderungen standhalten&quot;. Mit dem Grundsteuerhebesatz B sei jedoch ein absoluter Spitzenplatz im Land erreicht worden, hier sieht man keinerlei künftigen Spielraum mehr. Fraktionssprecher Klaus Götz unterstrich in seiner Haushaltsrede die solide Haushaltspolitik der vergangenen Jahre, so könne die drängende Maßnahme des Kindergartenneubaus im Haushaltsplan 2017 ohne Kreditaufnahme bewältigt werden. Etwas aus dem Blickfeld geraten sei die zumindest mittelfristig erforderliche Sanierung des Daches der Salinensporthalle, hier könne jederzeit ein kurzfristiger Handlungsbedarf entstehen. Zudem sei der Zustand der Oskar-Grießhaber-Halle nicht gerade gut. Götz: &quot;Auch wenn es nun in Sachen Minara zu einer Verzögerung der Zeitschiene kommt, sehen wir die Prüfung der alternativen Baukastenlösung als wichtig an – immerhin könnte es bei einer optimalen Planung zu einer weiteren Kosteneinsparung von einer Millionen Euro kommen.&quot; Für die &quot;Freien&quot; hat die Sanierung der Hochemminger Ortsmitte ebenso Priorität wie die Sanierung der Gemeindeverbindungsstraße Hochemmingen-Mühlhausen bis zur Gemarkungsgrenze. Götz weiter: &quot;Auch das Thema Schweinezucht wird uns 2017 weiter beschäftigen. Wie nicht anders zu erwarten war, muss sich der Plan der Prüfung in einem Normenkontrollverfahren unterziehen. Energisch sollten wir dem Vorwurf der Verhinderungsplanung widersprechen.&quot; Artikel bewerten
</post>
<signature>

</signature>
<external_links>

</external_links>
<country>DE</country>
<main_image>http://www.schwarzwaelder-bote.de/www/schwarzwaelder_bote/images/logo_social.jpg</main_image>
</document>
