<?xml version="1.0" encoding="UTF-8"?>
<document>
<type>mainstream</type>
<forum>http://vesti.mk/rss/miks</forum>
<forum_title>VESTI.MK - Микс</forum_title>
<discussion_title>ВитиБет: Предлог типови за денес (17.12) (Тип)</discussion_title>
<language>macedonian</language>
<gmt_offset></gmt_offset>
<topic_url>http://vesti.mk/news/11369772/vitibet-predlog-tipovi-za-denes-17-12</topic_url>
<topic_text>
пред еден час - Тип - Спорт Celtic – Dundee 1 Goztepespor – Mersin 1 Hapoel Raanana – Hapoel Beer Sheva 2 Montana – Ludogorets 2 AEL – Doxa ... ВитиБет: Предлог тикет на колото (16-19.12) пред еден ден - Тип - Спорт Tottenham – Burnley 1 Celtic – Dundee 1 Goztepesport – Mersin 1 Club Brugge – Kortrijk 1 Anderlecht – Eupen 1 Darmstadt – B. се вчитува...
</topic_text>
<spam_score>0.00</spam_score>
<post_num>1</post_num>
<post_id>post-1</post_id>
<post_url>http://vesti.mk/news/11369772/vitibet-predlog-tipovi-za-denes-17-12</post_url>
<post_date>20161217</post_date>
<post_time>0840</post_time>
<username></username>
<post>
пред еден час - Тип - Спорт Celtic – Dundee 1 Goztepespor – Mersin 1 Hapoel Raanana – Hapoel Beer Sheva 2 Montana – Ludogorets 2 AEL – Doxa ... ВитиБет: Предлог тикет на колото (16-19.12) пред еден ден - Тип - Спорт Tottenham – Burnley 1 Celtic – Dundee 1 Goztepesport – Mersin 1 Club Brugge – Kortrijk 1 Anderlecht – Eupen 1 Darmstadt – B. се вчитува...
</post>
<signature>

</signature>
<external_links>

</external_links>
<country>MK</country>
<main_image>http://tip.com.mk/wp-content/uploads/2016/08/Untitled-39.png</main_image>
</document>
