<?xml version="1.0" encoding="UTF-8"?>
<document>
<type>mainstream</type>
<forum>http://mattapoisett.wickedlocal.com/news?template=rss&amp;mime=xml</forum>
<forum_title>News - Wicked Local Mattapoisett</forum_title>
<discussion_title>Police officer and state trooper exam announced</discussion_title>
<language>english</language>
<gmt_offset></gmt_offset>
<topic_url>http://mattapoisett.wickedlocal.com/news/20161216/police-officer-and-state-trooper-exam-announced</topic_url>
<topic_text>
Police officer and state trooper exam announced   5:12 PM 
BOSTON — Senate President Pro Tempore Marc R. Pacheco, D-Taunton, announced that the Human Resources Division (HRD) has announced the date of the 2017 Municipal, MBTA Transit Police and state trooper examination. 
The examination is scheduled for Saturday, March 25, 2017 with a last filing date of March 1, 2017. A late fee will be applied to applications filed after Feb. 21, 2017, so candidates are encouraged to apply early. 
This examination is offered for city and town police officers, Massachusetts Bay Transportation Authority transit police officers, the Massachusetts Department of State Police troopers and also some non-civil service departments. 
Interested candidates should save the date and go to www.mass.gov/civilservice for more information. 
For more information, contact Pacheco’s office at 617-722-1551, visit his Facebook page at www.facebook.com/SenatorMarcPacheco or follow Pacheco on Twitter (@MarcRPacheco).
</topic_text>
<spam_score>0.00</spam_score>
<post_num>1</post_num>
<post_id>post-1</post_id>
<post_url>http://mattapoisett.wickedlocal.com/news/20161216/police-officer-and-state-trooper-exam-announced</post_url>
<post_date>20161216</post_date>
<post_time>2212</post_time>
<username></username>
<post>
Police officer and state trooper exam announced   5:12 PM 
BOSTON — Senate President Pro Tempore Marc R. Pacheco, D-Taunton, announced that the Human Resources Division (HRD) has announced the date of the 2017 Municipal, MBTA Transit Police and state trooper examination. 
The examination is scheduled for Saturday, March 25, 2017 with a last filing date of March 1, 2017. A late fee will be applied to applications filed after Feb. 21, 2017, so candidates are encouraged to apply early. 
This examination is offered for city and town police officers, Massachusetts Bay Transportation Authority transit police officers, the Massachusetts Department of State Police troopers and also some non-civil service departments. 
Interested candidates should save the date and go to www.mass.gov/civilservice for more information. 
For more information, contact Pacheco’s office at 617-722-1551, visit his Facebook page at www.facebook.com/SenatorMarcPacheco or follow Pacheco on Twitter (@MarcRPacheco).
</post>
<signature>

</signature>
<external_links>

</external_links>
<country>US</country>
<main_image>http://mattapoisett.wickedlocal.com/Global/images/head/nameplate/mattapoisett_logo.png</main_image>
</document>
