<?xml version="1.0" encoding="UTF-8"?>
<document>
<type>mainstream</type>
<forum>http://weekweek.org/feed</forum>
<forum_title>WeekWeek - Download Tech House Techno Deep Minimal House</forum_title>
<discussion_title>VA – Moodmusic Best Of 2016</discussion_title>
<language>english</language>
<gmt_offset></gmt_offset>
<topic_url>http://weekweek.org/2016/12/va-moodmusic-best-of-2016/</topic_url>
<topic_text>
Alessio Pagliaroli, Jinadu – They Say (Alexander Maier Remix) Benny Grauer – Falling (Markus Homm Remix) David Keno – Elastic (Original Mix) Def Mike – Kenzo (Original Mix) E&amp;P feat. Jinadu,E&amp;P,Jinadu – Sundroina (Olderic Remix) Ed Ed – Lancer Hyde (Original Mix) Ed Ed – Starsign (Original Mix) Freestyle Man – Between The Blue And Red Dot (Original Mix) Giorgia Angiuli – Get Slow (Original Mix) Inbetween Worlds – Fata Morgana (Original Mix) Jonas Saalbach – Atar (Original Mix) Kiki, Ed Ed – Day Of Drones (Camea Remix) Lindahl – 101 (Original Mix) Lorenzo Calvio – Now Or Never (Andrea Arcangeli Remix) Maurice Aymard – Full Body Contact (Raxon Remix) Nick Galemore – Johanna Is Leaving (Original Mix) Nils Penner, Page – Power Of Sound (Smash Tv Remix) Petja Virikko – Bdy (Original Mix) Renato (De) – Cheap Talk (Original Mix) Sasse – Gino (Lanzarote Mix)
</topic_text>
<spam_score>0.00</spam_score>
<post_num>1</post_num>
<post_id>post-1</post_id>
<post_url>http://weekweek.org/2016/12/va-moodmusic-best-of-2016/</post_url>
<post_date>20161216</post_date>
<post_time>0934</post_time>
<username>!</username>
<post>
Alessio Pagliaroli, Jinadu – They Say (Alexander Maier Remix) Benny Grauer – Falling (Markus Homm Remix) David Keno – Elastic (Original Mix) Def Mike – Kenzo (Original Mix) E&amp;P feat. Jinadu,E&amp;P,Jinadu – Sundroina (Olderic Remix) Ed Ed – Lancer Hyde (Original Mix) Ed Ed – Starsign (Original Mix) Freestyle Man – Between The Blue And Red Dot (Original Mix) Giorgia Angiuli – Get Slow (Original Mix) Inbetween Worlds – Fata Morgana (Original Mix) Jonas Saalbach – Atar (Original Mix) Kiki, Ed Ed – Day Of Drones (Camea Remix) Lindahl – 101 (Original Mix) Lorenzo Calvio – Now Or Never (Andrea Arcangeli Remix) Maurice Aymard – Full Body Contact (Raxon Remix) Nick Galemore – Johanna Is Leaving (Original Mix) Nils Penner, Page – Power Of Sound (Smash Tv Remix) Petja Virikko – Bdy (Original Mix) Renato (De) – Cheap Talk (Original Mix) Sasse – Gino (Lanzarote Mix)
</post>
<signature>

</signature>
<external_links>

</external_links>
<country>RU</country>
<main_image></main_image>
</document>
