<?xml version="1.0" encoding="UTF-8"?>
<document>
<type>mainstream</type>
<forum>http://www.morgenpost.de/berlin-aktuell/kinderpost/</forum>
<forum_title>Kinderpost - Berliner Morgenpost</forum_title>
<discussion_title>Super-Schlecker-Bürsten-Zunge</discussion_title>
<language>german</language>
<gmt_offset>1</gmt_offset>
<topic_url>http://www.morgenpost.de/berlin-aktuell/kinderpost/article209009983/Super-Schlecker-Buersten-Zunge.html</topic_url>
<topic_text>
0 0 Stundenlang können Katzen damit zubringen, ihr Fell zu putzen. Immer wieder schlecken sie darüber, um Schmutz, Ungeziefer oder kleine Knötchen im Fell zu entfernen. Forscher haben jetzt herausgefunden, warum das so gut klappt: Die Katzen haben eine Super-Schlecker-Bürsten-Zunge.
Auf der Zunge befinden sich unzählige kleine, nach hinten gebogene Häkchen. Beim Schlecken richten sich diese Häkchen auf. Treffen sie dann auf einen Knubbel im Fell, bewegen sie sich kreisförmig. So können sie den Knubbel aufdröseln. Wenn sich die Häkchen flach legen, können die Katzen herunterschlucken, was sie aus dem Fell gebürstet haben. Haare zum Beispiel.
Für ihre Untersuchung haben die Wissenschaftler im 3-D-Drucker ein Modell der Katzenzunge gedruckt - viermal größer als in echt. Warum interessieren sich Wissenschaftler überhaupt für Katzen-Zungen? Das Häkchen-Prinzip der Katzenzunge könnte benutzt werden, um bessere Haarbürsten für Menschen zu entwickeln, sagen sie. Auch in der Medizin oder für Roboter gäbe es Anwendungs-Möglichkeiten.
Zur Startseite
</topic_text>
<spam_score>0.00</spam_score>
<post_num>1</post_num>
<post_id>post-1</post_id>
<post_url>http://www.morgenpost.de/berlin-aktuell/kinderpost/article209009983/Super-Schlecker-Buersten-Zunge.html</post_url>
<post_date>20161217</post_date>
<post_time>0301</post_time>
<username>Morgenpost.de</username>
<post>
0 0 Stundenlang können Katzen damit zubringen, ihr Fell zu putzen. Immer wieder schlecken sie darüber, um Schmutz, Ungeziefer oder kleine Knötchen im Fell zu entfernen. Forscher haben jetzt herausgefunden, warum das so gut klappt: Die Katzen haben eine Super-Schlecker-Bürsten-Zunge.
Auf der Zunge befinden sich unzählige kleine, nach hinten gebogene Häkchen. Beim Schlecken richten sich diese Häkchen auf. Treffen sie dann auf einen Knubbel im Fell, bewegen sie sich kreisförmig. So können sie den Knubbel aufdröseln. Wenn sich die Häkchen flach legen, können die Katzen herunterschlucken, was sie aus dem Fell gebürstet haben. Haare zum Beispiel.
Für ihre Untersuchung haben die Wissenschaftler im 3-D-Drucker ein Modell der Katzenzunge gedruckt - viermal größer als in echt. Warum interessieren sich Wissenschaftler überhaupt für Katzen-Zungen? Das Häkchen-Prinzip der Katzenzunge könnte benutzt werden, um bessere Haarbürsten für Menschen zu entwickeln, sagen sie. Auch in der Medizin oder für Roboter gäbe es Anwendungs-Möglichkeiten.
Zur Startseite
</post>
<signature>

</signature>
<external_links>
<external_link>http://bm.met.vgwort.de/na/fc66b183340f476bb232d8741536dd42</external_link>
</external_links>
<country>DE</country>
<main_image>http://www.morgenpost.de/resources/img/facebook-og-image.png</main_image>
</document>
