<?xml version="1.0" encoding="UTF-8"?>
<document>
<type>mainstream</type>
<forum>http://www.dailymail.co.uk/sport/football/articles.rss</forum>
<forum_title>Football Articles | Mail Online</forum_title>
<discussion_title>Barcelona FC news: Can Espanyol pull off a rare win over their title-chasing city rivals?</discussion_title>
<language>english</language>
<gmt_offset></gmt_offset>
<topic_url>http://www.dailymail.co.uk/sport/football/article-4040964/Can-Espanyol-pull-rare-win-title-chasing-city-rivals-Barcelona.html</topic_url>
<topic_text>
Once they were Real Madrid team-mates, and video game rivals on the mid-nineties version of Football Manager. 
Now Quique Sanchez Flores and Luis Enrique are coaching for real at Espanyol and Barcelona, and on Sunday they meet in La Liga for the first time giving an extra twist to one of Spain biggest local derbies. 
It was during the 1994-95 season that they shared a dressing room and a passion for what passed as cutting edge video entertainment at the time. Fifa International Soccer with David Platt on the front cover was popular but, with one eye on their future careers Flores and Luis Enrique along with fellow Madridistas Michael Laudrup and Michel used to meet up to play PC Football - a hugely popular early version of ‘Football Manager’. 

Luis Enrique has not yet lost to Barcelona&apos;s city rivals Espanyol while manager at the Nou Camp
Former Watford boss Quique Sanchez Flores is hoping to guide Espanyol to a shock win
When Flores and Enrique played together at Real Madrid, this is what their FIFA looked like
&apos;We already had in our heads the seed of the idea we would be coaches one day,&apos; Flores told Marca in an interview last year. &apos;It was fun but very competitive.&apos; It certainly seemed to help them bond on the pitch. 
Sanchez Flores was the ever-reliable right-back and Luis Enrique&apos;s versatility meant that he was often stationed just in front on the right hand side of Real Madrid&apos;s midfield. 
That&apos;s where they found themselves on January 7, 1995, when Real Madrid beat Barcelona 5-0 at the Bernabeu - one of the club&apos;s most famous wins. 
BARCA v ESPANYOL: LAST SIX MEETINGS Nov 1, 2013: Barcelona 1-0 Espanyol 
Mar 29, 2014: Espanyol 0-1 Barcelona 
Dec 12, 2014: Barcelona 5-1 Espanyol 
Apr 25, 2015: Espanyol 0-2 Barcelona 
Jan 2, 2016: Espanyol 0-0 Barcelona 
May 8, 2016: Barcelona 5-0 Espanyol 
Espanyol have not beaten Barca since February 21, 2009, when they won 2-1 at the Nou Camp. 
Twenty years on the old white with purple trim Kelme Real Madrid shirts have been replaced by the standard issue managers&apos; sombre black crew-neck jumpers (at least that&apos;s the way it was when they met in the Catalan Cup earlier in the season) and they have both made careers as top coaches. 
Their rivalry will give an extra twist to a game that as big city derbies go, is more of a mismatch than most. 
Barcelona, with their 98,772 capacity stadium, their 650m euros budget, their 24 league titles and their new 55m euros a season shirt sponsorship deal. Espanyol, nicknamed the Parakeets, with their 70m euros budget, their noisy but much smaller 40,000 stadium and their failure to win a single league title in their 82 seasons in the top division. 
Espanyol is the rival that Barcelona have beaten more often than any other in Spanish football. In 164 league meetings Barca have won 94, with 64 home victories from a possible 82. 
Barcelona, with their 98,772 capacity stadium, are very much the dominant club
Espanyol, nicknamed the Parakeets, have their noisy but much smaller 40,000 stadium
The general dominance has been interrupted by the city&apos;s smaller club putting a spoke in the wheel of their moneybags neighbours from time to time, and they will fancy their chances on Sunday coming into the game on a run of nine matches unbeaten. 
In that unbeaten run Espanyol have kept clean sheets in seven games. They have only conceded three more goals than Barcelona. 
Barcelona have already dropped nine points from a possible 21 at home this season giving them an identical home record to Espanyol&apos;s away form. 
Barca&apos;s glass jaw has been exposed by Real Madrid, Atletico Madrid and Malaga who have taken a point from the Camp Nou, and by Alaves who took all three, so Espanyol definitely have a puncher&apos;s chance. 
Diego Lopez has beaten Carlos Kameni&apos;s club record of 586 minutes without conceding
Barcelona have already been stunned at home in La Liga by minnows Alaves this season
Last week Diego Lopez beat Carlos Kameni&apos;s old Espanyol club record for 586 minutes without conceding, but the bad news for him is that he has a terrible record against Lionel Messi. 
Lopez has played against the Argentine five times, for Real Madrid and Villarreal, conceding ten goals to him. 
At least the omens are better for Flores. In nine games coaching Valencia and Atletico Madrid at the Camp Nou he has won on three occasions and drawn twice – that&apos;s a positive balance that is far better than most visiting managers. 
Barcelona have been boosted by Luis Suarez signing a new five-year contract this week
Luis Enrique has been boosted by Luis Suarez signing his new £275,000 a week five-year deal and by Barca&apos;s last two performances. Their win over Borussia Monchengladbach saw them beat the Champions League record for passes played, and they were impressive against Osasuna too. 
If everything goes to plan then Suarez, Messi, Neymar and Gerard Pique will be sent off on early holidays after Sunday&apos;s game. All four will be heading to South America – the three strikers to their home nations, and Pique to spend Christmas with Shakira&apos;s family in Colombia – and they will be given permission to skip the second leg of Barça&apos;s Copa del Rey game with Hercules next week despite the factthe first leg ended 1-1. 
Whether or not an embarrassing derby defeat would change that plan we will never know if Sunday&apos;s 90 minutes go to plan. Sanchez Flores and all the Parakeets in Barcelona will be hoping it doesn&apos;t. 
Barca are chasing top spot, while Espanyol have an outside shot at European qualification
</topic_text>
<spam_score>0.00</spam_score>
<post_num>1</post_num>
<post_id>post-1</post_id>
<post_url>http://www.dailymail.co.uk/sport/football/article-4040964/Can-Espanyol-pull-rare-win-title-chasing-city-rivals-Barcelona.html</post_url>
<post_date>20161216</post_date>
<post_time>1438</post_time>
<username>Pete Jenson for MailOnline</username>
<post>
Once they were Real Madrid team-mates, and video game rivals on the mid-nineties version of Football Manager. 
Now Quique Sanchez Flores and Luis Enrique are coaching for real at Espanyol and Barcelona, and on Sunday they meet in La Liga for the first time giving an extra twist to one of Spain biggest local derbies. 
It was during the 1994-95 season that they shared a dressing room and a passion for what passed as cutting edge video entertainment at the time. Fifa International Soccer with David Platt on the front cover was popular but, with one eye on their future careers Flores and Luis Enrique along with fellow Madridistas Michael Laudrup and Michel used to meet up to play PC Football - a hugely popular early version of ‘Football Manager’. 

Luis Enrique has not yet lost to Barcelona&apos;s city rivals Espanyol while manager at the Nou Camp
Former Watford boss Quique Sanchez Flores is hoping to guide Espanyol to a shock win
When Flores and Enrique played together at Real Madrid, this is what their FIFA looked like
&apos;We already had in our heads the seed of the idea we would be coaches one day,&apos; Flores told Marca in an interview last year. &apos;It was fun but very competitive.&apos; It certainly seemed to help them bond on the pitch. 
Sanchez Flores was the ever-reliable right-back and Luis Enrique&apos;s versatility meant that he was often stationed just in front on the right hand side of Real Madrid&apos;s midfield. 
That&apos;s where they found themselves on January 7, 1995, when Real Madrid beat Barcelona 5-0 at the Bernabeu - one of the club&apos;s most famous wins. 
BARCA v ESPANYOL: LAST SIX MEETINGS Nov 1, 2013: Barcelona 1-0 Espanyol 
Mar 29, 2014: Espanyol 0-1 Barcelona 
Dec 12, 2014: Barcelona 5-1 Espanyol 
Apr 25, 2015: Espanyol 0-2 Barcelona 
Jan 2, 2016: Espanyol 0-0 Barcelona 
May 8, 2016: Barcelona 5-0 Espanyol 
Espanyol have not beaten Barca since February 21, 2009, when they won 2-1 at the Nou Camp. 
Twenty years on the old white with purple trim Kelme Real Madrid shirts have been replaced by the standard issue managers&apos; sombre black crew-neck jumpers (at least that&apos;s the way it was when they met in the Catalan Cup earlier in the season) and they have both made careers as top coaches. 
Their rivalry will give an extra twist to a game that as big city derbies go, is more of a mismatch than most. 
Barcelona, with their 98,772 capacity stadium, their 650m euros budget, their 24 league titles and their new 55m euros a season shirt sponsorship deal. Espanyol, nicknamed the Parakeets, with their 70m euros budget, their noisy but much smaller 40,000 stadium and their failure to win a single league title in their 82 seasons in the top division. 
Espanyol is the rival that Barcelona have beaten more often than any other in Spanish football. In 164 league meetings Barca have won 94, with 64 home victories from a possible 82. 
Barcelona, with their 98,772 capacity stadium, are very much the dominant club
Espanyol, nicknamed the Parakeets, have their noisy but much smaller 40,000 stadium
The general dominance has been interrupted by the city&apos;s smaller club putting a spoke in the wheel of their moneybags neighbours from time to time, and they will fancy their chances on Sunday coming into the game on a run of nine matches unbeaten. 
In that unbeaten run Espanyol have kept clean sheets in seven games. They have only conceded three more goals than Barcelona. 
Barcelona have already dropped nine points from a possible 21 at home this season giving them an identical home record to Espanyol&apos;s away form. 
Barca&apos;s glass jaw has been exposed by Real Madrid, Atletico Madrid and Malaga who have taken a point from the Camp Nou, and by Alaves who took all three, so Espanyol definitely have a puncher&apos;s chance. 
Diego Lopez has beaten Carlos Kameni&apos;s club record of 586 minutes without conceding
Barcelona have already been stunned at home in La Liga by minnows Alaves this season
Last week Diego Lopez beat Carlos Kameni&apos;s old Espanyol club record for 586 minutes without conceding, but the bad news for him is that he has a terrible record against Lionel Messi. 
Lopez has played against the Argentine five times, for Real Madrid and Villarreal, conceding ten goals to him. 
At least the omens are better for Flores. In nine games coaching Valencia and Atletico Madrid at the Camp Nou he has won on three occasions and drawn twice – that&apos;s a positive balance that is far better than most visiting managers. 
Barcelona have been boosted by Luis Suarez signing a new five-year contract this week
Luis Enrique has been boosted by Luis Suarez signing his new £275,000 a week five-year deal and by Barca&apos;s last two performances. Their win over Borussia Monchengladbach saw them beat the Champions League record for passes played, and they were impressive against Osasuna too. 
If everything goes to plan then Suarez, Messi, Neymar and Gerard Pique will be sent off on early holidays after Sunday&apos;s game. All four will be heading to South America – the three strikers to their home nations, and Pique to spend Christmas with Shakira&apos;s family in Colombia – and they will be given permission to skip the second leg of Barça&apos;s Copa del Rey game with Hercules next week despite the factthe first leg ended 1-1. 
Whether or not an embarrassing derby defeat would change that plan we will never know if Sunday&apos;s 90 minutes go to plan. Sanchez Flores and all the Parakeets in Barcelona will be hoping it doesn&apos;t. 
Barca are chasing top spot, while Espanyol have an outside shot at European qualification
</post>
<signature>

</signature>
<external_links>

</external_links>
<country>GB</country>
<main_image>http://i.dailymail.co.uk/i/pix/2016/12/16/15/3B728C9800000578-0-image-a-4_1481902443823.jpg</main_image>
</document>
