<?xml version="1.0" encoding="UTF-8"?>
<document>
<type>mainstream</type>
<forum>http://biz.chosun.com/site/data/rss/rss.xml</forum>
<forum_title>조선비즈</forum_title>
<discussion_title>[조선비즈 새책] ‘전설의 엔지니어 로켓 사사키’…“내부 경쟁에만 몰두하는 오만한 전자회사는 반드시 망한다”</discussion_title>
<language>korean</language>
<gmt_offset></gmt_offset>
<topic_url>http://biz.chosun.com/site/data/html_dir/2016/12/16/2016121602395.html</topic_url>
<topic_text>
[조선비즈 새책] ‘전설의 엔지니어 로켓 사사키’…“내부 경쟁에만 몰두하는 오만한 전자회사는 반드시 망한다” 조선비즈 문화부 전설의 엔지니어 로켓 사사키 오니시 야스유키 지음｜조양욱 옮김｜안국연구원｜292쪽｜1만5500원 “기술을 혼자서 끌어안고, 자신들만 즐길 수 있는 시간 따위는 뻔하다. 문호를 닫은 나라나 기업은 경쟁의 다이나미즘을 잃고 마침내 추락해간다.” 90년대까지만 해도 ‘일제 전자제품’은 부의 상징이며 으뜸가는 명품이었다. 신간 ‘전설의 엔지니어 로켓 사사키’는 당시 일본 디지털 산업의 여명기를 이끌었던 천재적인 엔지니어 사사키 다다시의 삶을 조명한 책이다.주인공 사사키 다다시는 일본 전자산업의 부흥기를 견인한 천재 기술자다. 중소기업에 불과했던 하야카와 전기를 진두지휘해 이후 우리가 알고 있는 샤프(SHARP)로 탈바꿈시켜 세계적인 일류 기업으로 우뚝 세웠다. 글로벌 대기업과 반도체 개발 경쟁을 펼치면서 일본을 전자 산업의 선두 주자로 이끈 사람도 바로 사사키였다. 인텔의 창업자가 그에게 의지했고 애플의 스티브 잡스가 그를 존경했으며, 소프트뱅크의 손정의가 ‘큰 은인’으로 부르는 그는 올해 102살을 맞이한 전자 산업계의 거장이다.그러나 일본의 전자 회사 부흥에 큰 역할을 한 그도 한때 ‘일본의 국적(國賊)’이라는 비난에 휩싸였다. 삼성의 이건희 회장에게 그동안 쌓아온 첨단 기술을 넘기며 삼성전자의 급성장에 결정적 도움을 줬기 때문이다. 이를 계기로 일본의 전자 산업계는 초토화되고 말았다. 그는 세간의 비난에도 아랑곳 하지 않고 “기술의 세계는 다같이 만드는 ‘합창’이 중요한 것”이라며 논란을 일축했다.사사키가 떠난 샤프는 자신들끼리의 경쟁에만 몰두하며 파멸의 길을 걸었다. 지나친 내부 경쟁과 기술독점은 세계 1등 기업 샤프를 추락시키고 결국 대만으로 넘어게 만들었다. 삼성 SDI 중앙연구소 연구원이었던 정의영은 이러한 샤프의 모습이 현재 삼성전자에서도 보이고 있다고 강조한다. 내부 경쟁의 끝은 결국 추락이다. 사사키의 정신인 ‘합창’의 자세로 모두 함께 발전해 나가야 기술과 산업도 진보할 수 있다. 신간은 로켓 사사키의 삶과 신념을 현재 한국의 전자산업에 투영해 전자회사가 나아가야 할 방향성을 보여준다. Copyrights © ChosunBiz.com
</topic_text>
<spam_score>0.00</spam_score>
<post_num>1</post_num>
<post_id>post-1</post_id>
<post_url>http://biz.chosun.com/site/data/html_dir/2016/12/16/2016121602395.html</post_url>
<post_date>20161216</post_date>
<post_time>2100</post_time>
<username>조선비즈 문화부,조현정 인턴 기자</username>
<post>
[조선비즈 새책] ‘전설의 엔지니어 로켓 사사키’…“내부 경쟁에만 몰두하는 오만한 전자회사는 반드시 망한다” 조선비즈 문화부 전설의 엔지니어 로켓 사사키 오니시 야스유키 지음｜조양욱 옮김｜안국연구원｜292쪽｜1만5500원 “기술을 혼자서 끌어안고, 자신들만 즐길 수 있는 시간 따위는 뻔하다. 문호를 닫은 나라나 기업은 경쟁의 다이나미즘을 잃고 마침내 추락해간다.” 90년대까지만 해도 ‘일제 전자제품’은 부의 상징이며 으뜸가는 명품이었다. 신간 ‘전설의 엔지니어 로켓 사사키’는 당시 일본 디지털 산업의 여명기를 이끌었던 천재적인 엔지니어 사사키 다다시의 삶을 조명한 책이다.주인공 사사키 다다시는 일본 전자산업의 부흥기를 견인한 천재 기술자다. 중소기업에 불과했던 하야카와 전기를 진두지휘해 이후 우리가 알고 있는 샤프(SHARP)로 탈바꿈시켜 세계적인 일류 기업으로 우뚝 세웠다. 글로벌 대기업과 반도체 개발 경쟁을 펼치면서 일본을 전자 산업의 선두 주자로 이끈 사람도 바로 사사키였다. 인텔의 창업자가 그에게 의지했고 애플의 스티브 잡스가 그를 존경했으며, 소프트뱅크의 손정의가 ‘큰 은인’으로 부르는 그는 올해 102살을 맞이한 전자 산업계의 거장이다.그러나 일본의 전자 회사 부흥에 큰 역할을 한 그도 한때 ‘일본의 국적(國賊)’이라는 비난에 휩싸였다. 삼성의 이건희 회장에게 그동안 쌓아온 첨단 기술을 넘기며 삼성전자의 급성장에 결정적 도움을 줬기 때문이다. 이를 계기로 일본의 전자 산업계는 초토화되고 말았다. 그는 세간의 비난에도 아랑곳 하지 않고 “기술의 세계는 다같이 만드는 ‘합창’이 중요한 것”이라며 논란을 일축했다.사사키가 떠난 샤프는 자신들끼리의 경쟁에만 몰두하며 파멸의 길을 걸었다. 지나친 내부 경쟁과 기술독점은 세계 1등 기업 샤프를 추락시키고 결국 대만으로 넘어게 만들었다. 삼성 SDI 중앙연구소 연구원이었던 정의영은 이러한 샤프의 모습이 현재 삼성전자에서도 보이고 있다고 강조한다. 내부 경쟁의 끝은 결국 추락이다. 사사키의 정신인 ‘합창’의 자세로 모두 함께 발전해 나가야 기술과 산업도 진보할 수 있다. 신간은 로켓 사사키의 삶과 신념을 현재 한국의 전자산업에 투영해 전자회사가 나아가야 할 방향성을 보여준다. Copyrights © ChosunBiz.com
</post>
<signature>

</signature>
<external_links>

</external_links>
<country>KR</country>
<main_image>http://image.chosun.com/sitedata/image/201612/16/2016121602278_0.jpg</main_image>
</document>
