<?xml version="1.0" encoding="UTF-8"?>
<document>
<type>mainstream</type>
<forum>http://www.theguardian.com/theguardian/2014/sep/10/mainsection/rss</forum>
<forum_title>The Guardian</forum_title>
<discussion_title>My Neighbours The Dumplings, London E5: ‘I’m besotted’ – restaurant review | Marina O’Loughlin | Life and style</discussion_title>
<language>english</language>
<gmt_offset></gmt_offset>
<topic_url>https://www.theguardian.com/lifeandstyle/2016/dec/16/my-neighbours-the-dumplings-london-e5-restaurant-review-marina-oloughlin</topic_url>
<topic_text>
I t’s often said that fashion is affected by its social and political environment. Same goes for food: the bloated 80s obsession with nouvelle cuisine, the millennial cupcake mania, the current green and right-on passion for foraging. Today’s explosion in niche trends, from comfort food to clean eating, seems to me a reaction to the political shambles we’re in. As the world inches closer to chaos, we focus hard on what we put into our faces. This, at least, is down to us.
Perhaps that’s why dumplings seem to be, er, mushrooming. What could be cosier, more happy-making, safer than little bite-sized bundles of deliciousness? It’s rare for me to meet a dumpling I don’t like, be it Italian ravioli or agnolotti, Turkish manti, Korean mandu, eastern European pelmeni and pierogi, Japanese gyoza, Indian momos and all the many blissful iterations of dim sum: bring ’em on. Even doughy suet numbers, gluey from their stew: yes, yes.
Now, a new breed is emerging: the artisan dumpling, not frozen, not pre-made, but prepared each day by hand. There’s Mama Lan , launched from a cubbyhole in Brixton Market and now with four branches; upcoming Dumpy Lynn from the folk behind the Hoxton Hotel. In New York, people are sucking the broth out of giant xiao long bao (soup dumplings) through straws. The one I’m irresistibly drawn to, though, is My Neighbours The Dumplings – shades of Mizayaki –, with its scuffed but darkly glamorous decor, all lightboxes and lanterns, its youth and enthusiasm, its cool soundtrack and ethically sourced meat and fish. Their hand-crafted dumplings are beautiful enough to frame: classic har gau with a delicate, tensile wrapper, the prawns inside sweetly fresh, almost crunchy. Siu mai wrapped in egg-yolk-yellow skin, elastic and al dente, their pork-and-prawn stuffing distinctly less bouncy than the Chinatown standard and fragrant with ginger, with jewels of keta on top popping with salinity. Potstickers are stuffed with lamb Mongolian-style, or woodsy mushroom and courgette. All are perfectly peachy. There’s also aubergine, baked into sultry smokiness and dressed with sesame paste and seeds – rich and nutty. Pork belly is a masterpiece, pungent with five spice, the meat tender, the fat almost slurpable, the crackling a dangerously good crunch of piggery. Plum sauce on the side. I’m besotted.
MNTD doesn’t pretend to traditionalism, tick-off list notwithstanding. Drinks are mostly sake-based, from small breweries in Japan, and specials could include Thai- and Japanese-style dishes. It’s every bit as cool-kid, communal-tabled as its location suggests: we flee to stools teetering between bar and window. They don’t take bookings (“Sorry, we’re too small”) and there can be queues. Service is charming but a little flaky. So what? The food is worth it all. The couple who own it recently opened a divey sake bar downstairs, named after their own “little dumpling”, baby Matilda. Sweet, like the place itself.
Farmacy, London W2: ‘I pray I never eat here again’ – restaurant review Read more 
If you think that sounds enragingly h r, my second dumpling find of the week will have you bursting out in plooks, as my mamma would say. Dumpling Heart in Shoreditch is the kind of place to give the gibbering vapours to those who get comically irate when a review doesn’t hit their platonic ideal of a restaurant. It’s a long time since I’ve eaten in a back alley with a view of what looks like a fly-tip, complete with abandoned mattress, but here at weekends, improbably shod artist/designer Meihui Liu “curates” (sorry) a small number of handmade Taiwanese-style dumplings from a tiny wooden shack at the Cleve Courtyard market just off Boundary Street (due to reopen in mid-January). We sit outside at oil-clothed tables under bunting, necking vegetarian ones, silky and swollen with glass noodles, sesame oil, kale, spring onions and tofu, and all lacy-bottomed from the frying; and wonderfully juicy pork and cabbage versions, neatly pleated, potsticker-style, and eight to a portion. There might be udon, or pork belly rice, or a heroically gooey fried pancake of spring onion wrapped around kimchi and cucumber with sriracha on the side. It’s all entirely unlikely, but also utterly splendid.
If you’re after tablecloths, padded seating and smarmy operators with giant peppermills, avoid, avoid. If you’re after that insanely satisfying sensation of teeth sinking through just-chewy casings to juicy, scented, satisfying fillings, I’ll probably be teetering on a stool beside you, eating my way to Armageddon.
• My Neighbours The Dumplings 165 Lower Clapton Road, London E5, 020-3327 1556. Open Tues-Sat, 6-11pm; Sun 1-4pm. £20-25 a head, plus drinks and service.
Food 7/10 
Atmosphere 7/10 
Value for money 9/10
</topic_text>
<spam_score>0.00</spam_score>
<post_num>42</post_num>
<post_id>post-42</post_id>
<post_url>https://www.theguardian.com/lifeandstyle/2016/dec/16/my-neighbours-the-dumplings-london-e5-restaurant-review-marina-oloughlin#comment-89632665</post_url>
<post_date>20161217</post_date>
<post_time>0814</post_time>
<username>safeasmilk</username>
<post>
I believe it may be &apos;hipster&apos; - a controversial species known for its hairiness which now inhabits formerly &apos;intriguing&apos; (i.e. shit) parts of London.
</post>
<signature>

</signature>
<external_links>

</external_links>
<country>US</country>
<main_image>https://i.guim.co.uk/img/media/b2421e7cfedba659665050dad53efdcce0c23443/0_239_4864_2918/master/4864.jpg?w=1200&amp;amp;h=630&amp;amp;q=55&amp;amp;auto=format&amp;amp;usm=12&amp;amp;fit=crop&amp;amp;crop=faces%2Centropy&amp;amp;bm=normal&amp;amp;ba=bottom%2Cleft&amp;amp;blend64=aHR0cHM6Ly91cGxvYWRzLmd1aW0uY28udWsvMjAxNi8wNS8yNS9vdmVybGF5LWxvZ28tMTIwMC05MF9vcHQucG5n&amp;amp;s=0351aafc5762480b142e56936205d4fa</main_image>
</document>
