<?xml version="1.0" encoding="UTF-8"?>
<document>
<type>mainstream</type>
<forum>http://biz.chosun.com/site/data/rss/rss.xml</forum>
<forum_title>조선비즈</forum_title>
<discussion_title>유럽 증시 상승 마감…러시아 금리 10% 동결</discussion_title>
<language>korean</language>
<gmt_offset></gmt_offset>
<topic_url>http://biz.chosun.com/site/data/html_dir/2016/12/17/2016121700305.html</topic_url>
<topic_text>
유럽 증시 상승 마감…러시아 금리 10% 동결 뉴욕=송현 통신원 입력 : 2016.12.17 07:23 16일(현지시각) 유럽 주요국 증시가 상승 마감했다.범유럽 지수인 스톡스 600은 전날보다 0.34% 상승한 360.02에 거래를 마쳤다. 독일의 DAX 30은 0.33% 오른 1만1404.01에, 프랑스의 CAC40은 0.29% 오른 4833.27에 마감했다. 영국의 FTSE 100은 0.18% 상승한 7011.64에 거래를 마쳤다.러시아 중앙은행은 기준금리를 10%로 동결하는 대신 2017년 상반기 중 금리를 인상할 가능성을 열어뒀다. Copyrights © ChosunBiz.com
</topic_text>
<spam_score>0.00</spam_score>
<post_num>1</post_num>
<post_id>post-1</post_id>
<post_url>http://biz.chosun.com/site/data/html_dir/2016/12/17/2016121700305.html</post_url>
<post_date>20161216</post_date>
<post_time>2223</post_time>
<username>뉴욕=송현 통신원( (songhyun@chosunbiz.com)</username>
<post>
유럽 증시 상승 마감…러시아 금리 10% 동결 뉴욕=송현 통신원 입력 : 2016.12.17 07:23 16일(현지시각) 유럽 주요국 증시가 상승 마감했다.범유럽 지수인 스톡스 600은 전날보다 0.34% 상승한 360.02에 거래를 마쳤다. 독일의 DAX 30은 0.33% 오른 1만1404.01에, 프랑스의 CAC40은 0.29% 오른 4833.27에 마감했다. 영국의 FTSE 100은 0.18% 상승한 7011.64에 거래를 마쳤다.러시아 중앙은행은 기준금리를 10%로 동결하는 대신 2017년 상반기 중 금리를 인상할 가능성을 열어뒀다. Copyrights © ChosunBiz.com
</post>
<signature>

</signature>
<external_links>

</external_links>
<country>KR</country>
<main_image></main_image>
</document>
