<?xml version="1.0" encoding="UTF-8"?>
<document>
<type>mainstream</type>
<forum>http://wavenewspapers.com/feed</forum>
<forum_title>Wave Newspapers</forum_title>
<discussion_title>STREET BEAT: ‘How do you plan to spend the holidays?’</discussion_title>
<language>english</language>
<gmt_offset></gmt_offset>
<topic_url>http://wavenewspapers.com/street-beat-how-do-you-plan-to-spend-the-holidays/</topic_url>
<topic_text>
Compiled by Debra Varnado in Leimert Park. Kim MaxwellLeimert Park“Quietly. Attending some Kwanzaa events, probably in Leimert Park. I am not really much of a hoop-hoop-hoop-la holiday person.” Watson HartsoeBoyle Heights“I am going back home to Tennessee to spend it with my parents and grandparents. I am from the Appalachian region and the first generation to make it to a big city.” Jonane WalkerChesterfield Square“I plan to spend the holidays with my grandchildren here in L.A. in the home that I grew up in. This will be my first Christmas back in my home since childhood.” Comic Con 2015 Gallery
</topic_text>
<spam_score>0.00</spam_score>
<post_num>1</post_num>
<post_id>post-1</post_id>
<post_url>http://wavenewspapers.com/street-beat-how-do-you-plan-to-spend-the-holidays/</post_url>
<post_date>20161216</post_date>
<post_time>2253</post_time>
<username>posted by Wave Staff</username>
<post>
Compiled by Debra Varnado in Leimert Park. Kim MaxwellLeimert Park“Quietly. Attending some Kwanzaa events, probably in Leimert Park. I am not really much of a hoop-hoop-hoop-la holiday person.” Watson HartsoeBoyle Heights“I am going back home to Tennessee to spend it with my parents and grandparents. I am from the Appalachian region and the first generation to make it to a big city.” Jonane WalkerChesterfield Square“I plan to spend the holidays with my grandchildren here in L.A. in the home that I grew up in. This will be my first Christmas back in my home since childhood.” Comic Con 2015 Gallery
</post>
<signature>

</signature>
<external_links>

</external_links>
<country>US</country>
<main_image>http://wavenewspapers.com/wp-content/uploads/2016/12/Rafik-Allen-Inglewood.jpg</main_image>
</document>
