<?xml version="1.0" encoding="UTF-8"?>
<document>
<type>mainstream</type>
<forum>http://weekweek.org/feed</forum>
<forum_title>WeekWeek - Download Tech House Techno Deep Minimal House</forum_title>
<discussion_title>VA – The Best Of Soso 2016</discussion_title>
<language>english</language>
<gmt_offset></gmt_offset>
<topic_url>http://weekweek.org/2016/12/va-the-best-of-soso-2016/</topic_url>
<topic_text>
Title: The Best Of Soso 2016 Label: Soso Genre: Tech House, Deep, Techno, House Rel. Date: 16-12-2016 
Allies For Everyone – Offshore (Original Mix) Anouka – Carousel (Hubert Kirchner Remix) Dan Caster &amp; Edouard – Ake (Original Mix) Djuma Soundsystem – Parga (Hanne &amp; Lore Remix) Julian Wassermann – Nicun (Original Mix) Ken Hayakawa – Boiled (Original Mix) Lemmon – Martinitoren (Original Mix)
</topic_text>
<spam_score>0.00</spam_score>
<post_num>1</post_num>
<post_id>post-1</post_id>
<post_url>http://weekweek.org/2016/12/va-the-best-of-soso-2016/</post_url>
<post_date>20161216</post_date>
<post_time>1732</post_time>
<username>!</username>
<post>
Title: The Best Of Soso 2016 Label: Soso Genre: Tech House, Deep, Techno, House Rel. Date: 16-12-2016 
Allies For Everyone – Offshore (Original Mix) Anouka – Carousel (Hubert Kirchner Remix) Dan Caster &amp; Edouard – Ake (Original Mix) Djuma Soundsystem – Parga (Hanne &amp; Lore Remix) Julian Wassermann – Nicun (Original Mix) Ken Hayakawa – Boiled (Original Mix) Lemmon – Martinitoren (Original Mix)
</post>
<signature>

</signature>
<external_links>

</external_links>
<country>RU</country>
<main_image></main_image>
</document>
