<?xml version="1.0" encoding="UTF-8"?>
<document>
<type>mainstream</type>
<forum>http://www.dailymail.co.uk/sport/football/articles.rss</forum>
<forum_title>Football Articles | Mail Online</forum_title>
<discussion_title>Chelsea news: Antonio Conte vs Jose Mourinho... is Italian the new special one?</discussion_title>
<language>english</language>
<gmt_offset></gmt_offset>
<topic_url>http://www.dailymail.co.uk/sport/football/article-4040836/Is-Antonio-Conte-new-Special-One-Chelsea-s-new-boss-compares-Jose-Mourinho-impressive-start-life-Stamford-Bridge.html</topic_url>
<topic_text>
December 17 marks a year to the day that Jose Mourinho was sacked by Chelsea for the second time, but 12 months on it finally feels like they have found their Special One. 
Under the eternally animated Antonio Conte, Chelsea are leading the Premier League table by six points following 10 straight wins which came after a shaky start to the season. 
Much like Mourinho during his first spell at the club, Conte has taught his players to win big — like their 5-0 victory against Everton last month — and to grind out results, as they showed during their visit to relegation contenders Sunderland in midweek where they came away with a 1-0 win. 
Antonio Conte has guided Chelsea to 10 straight Premier League victories this season
How does the new Special One compare to the original, Manchester United&apos;s Jose Mourinho
Not since Mourinho arrived at Stamford Bridge in June 2004 and announced that he was the Special One has a Chelsea manager had an impact of equal immediacy. Here, Sportsmail assesses just how much Conte compares to his counterpart Mourinho&apos;s first tenure at the club. 
RELATIONSHIP WITH THE PLAYERS 
Mourinho 
In his first spell at Stamford Bridge, Mourinho was not as publicly outspoken against his players as he is so commonly now. But that methodology was starting to develop even then. 
When the cracks began to appear in 2007 and they failed to win the title Mourinho attacked certain unnamed players — believed to be Andriy Shevchenko and Michael Ballack — for their contribution that season. 
At the time he would not reveal their identities, but was just starting to take the approach of shaming players through the media which nowadays is a regular occurrence. 
Mourinho (left, pictured with Didier Drogba) did not used to be so outspoken about players
Conte 
Conte is firm but fair. He tries to get along with people, but will not let that interfere with his job of managing the players and ultimately being the boss. 
He has continually stressed to Diego Costa that while his aggressive mentality is fine, he needs to channel it more towards playing the game and not picking up bookings. The striker has responded with some of his best form since joining the club. 
Conte has also handled Cesc Fabregas with care. He admitted the midfielder was not defensive enough for his system and dropped him — but Fabregas responded with some match-winning performances when he was given his chance. 
Conte has improved Diego Costa (left) and is also handling Cesc Fabregas with care
ROMAN ABRAMOVICH 
Mourinho 
For a few years the pair were the perfect match. Mourinho brought the success Abramovich had craved since ploughing money into the club and in the young Chelsea manager&apos;s first season they won the club&apos;s first top-flight league title in half a century, setting a series of records along the way. 
By the end, however, they had fallen out. Mourinho&apos;s departure in September 2007 stunned the football world and came with three years remaining on his contract and amidst an increasingly troubled relationship with Abramovich. 
Mourinho&apos;s relationship with Roman Abramovich started well but got increasingly troubled
Conte 
When this season did not start particularly well, Abramovich made his presence felt by some regular visits to Chelsea&apos;s Cobham training ground. The Russian watched over the players&apos; training sessions and had lengthy discussions with Conte and technical director Michael Emenalo over lunch on several occasions. 
For the time being, Conte, publicly at least, professes to enjoy the interest from Chelsea&apos;s owner. &apos;I&apos;m lucky because Mr Abramovich is very passionate about football,&apos; he said back in September, &apos;I like this.&apos; 
Conte had it tough initially but has always insisted he likes Abramovich&apos;s passion for football
TOUCHLINE DEMEANOUR 
Mourinho 
The Portuguese&apos;s emotions are laid bare for all to see when he stands on the sidelines. Inside his head, he is there on the pitch kicking every ball — and every water bottle. 
He is argumentative with officials to the point of going overboard but that lets his players know that he will fight with them until the bitter end. Mourinho has never been afraid to get at his opponent&apos;s manager while the game is going on. 
Mourinho has always been animated on the touchline, and kicks every ball with his players
Conte 
Conte is very similar, perhaps even more of a firecracker, and he has vowed never to change. Even when there were concerns that his behaviour in the dugout could inflame supporters into violence when they visited rivals West Ham at their troublesome London Stadium he refused to alter his style. 
&apos;My way of living the game is always the same; I like to play the game with my players,&apos; Conte said ahead of that match, which saw supporters clash at the end. &apos;Sometimes I&apos;d like to be a manager, a coach and stay seated and see the game relaxed. For me it&apos;s impossible. 
&apos;Sometimes the players listen. In another situation, they probably don&apos;t listen so I shout more. I want to stay close with my players, to play with them. I live the game with great emotion and passion.&apos; 
Conte is potentially even more mobile on the touchline, and has refused to alter his style
AFFINITY WITH FANS 
Mourinho 
Mourinho will always be remembered by Chelsea&apos;s supporters for that three year spell of enormous success between 2004 and 2007 and though that bond has been fractured by his second tenure it will never be broken. 
Fans are, however, relieved now that a less confrontational approach is being taken by their figurehead. Representative of influential website CFCNET Darren Mantle told the Evening Standard: &apos;A lot of the toxic atmosphere that Jose could create has gone. 
&apos;He would often criticise people in press conferences to deflect criticism away from his players and create a siege mentality, which worked when he was at his best.&apos; 
Despite his failed second spell, Mourinho will always have an affinity with the Chelsea fans
Conte 
It is too early to really assess Conte&apos;s relationship with Chelsea supporters. He has got off to a great start, but what fans would not be happy with a new manager who has led them to six points clear at the top of the table in December? 
His differing style is being welcomed. CFCNET&apos;s Mantle continued: &apos;It is nice to have a different approach now. Someone that is a gentleman. Conte is similar to Carlo Ancelotti [in charge between 2009-11]. He wants to get on with people. 
&apos;Jose was a great manager but it does feel like his ghost isn&apos;t haunting the club any more. You have to say the board has been proved right to sack him.&apos; 
It is too early to assess Conte&apos;s relationship with the fans, but it&apos;s so far, so good for the Italian
TACTICS 
Mourinho 
Mourinho was one of the first managers to popularise the 4-2-3-1 formation in the Premier League during his first spell in English football and for a long while opposition managers were unable to cope with it and to prevent his side&apos;s dominating the midfield. 
He is also a stickler for attacking players putting a shift in defensively, particularly wingers who he always expects to help out the full-backs. Mourinho is not averse to dropping his best attacking players if they do not listen to him. 
Mourinho celebrates after winning the title with Chelsea in his successful first spell in London
Conte 
Pundits far and wide have been lavishing praise on the Italian&apos;s 3-4-3 formation. Much like when Mourinho arrived on these shores with a system that others struggled to deal with, Conte is implementing this unorthodox formation to great success. 
It is a structure that he stuck stringently to while at Juventus and though he wavered in the early, less fortuitous months at Stamford Bridge, since reverting to what he knows best Chelsea have clambered to the top of the table. 
Conte has received praise far and wide for the use of his 3-4-3 formation at Stamford Bridge
</topic_text>
<spam_score>0.00</spam_score>
<post_num>32</post_num>
<post_id>post-32</post_id>
<post_url>http://www.dailymail.co.uk/sport/football/article-4040836/Is-Antonio-Conte-new-Special-One-Chelsea-s-new-boss-compares-Jose-Mourinho-impressive-start-life-Stamford-Bridge.html#164233648</post_url>
<post_date>20161216</post_date>
<post_time>1658</post_time>
<username>Dave the Silhilian</username>
<post>
He&apos;s doing a good job, but not having to worry about European matches gives him a big advantage over his main rivals.
</post>
<signature>

</signature>
<external_links>

</external_links>
<country>GB</country>
<main_image>http://i.dailymail.co.uk/i/pix/2016/12/16/14/3B712E8200000578-0-image-a-26_1481898908057.jpg</main_image>
</document>
