<?xml version="1.0" encoding="UTF-8"?>
<document>
<type>mainstream</type>
<forum>http://www.theguardian.com/theguardian/2014/aug/12/mainsection/rss</forum>
<forum_title>The Guardian</forum_title>
<discussion_title>The most popular Christmas songs – in data | Life and style</discussion_title>
<language>english</language>
<gmt_offset></gmt_offset>
<topic_url>https://www.theguardian.com/lifeandstyle/datablog/2016/dec/17/the-most-popular-christmas-songs-in-data</topic_url>
<topic_text>
It&apos;s no Christmas No 1, but AI-generated song brings festive cheer to researchers Read more 
Most Christmas songs rely on bells and choirs, but what magic ingredient makes a classic?

Well, it depends on where you live. Christmas songs don’t travel all that well. All of the 10 most-streamed Christmas songs in north America are by north American artists. In the UK, aside from Mariah Carey and Michael Bublé, the top 10 are all British or Irish. 
In 2015, the top three Christmas tracks streamed on Spotify in the UK were Mariah Carey’s All I Want for Christmas is You , Wham!’s Last Christmas and Fairytale of New York by the Pogues and Kirsty MacColl. It looks as if it will be the same three this year, too.
According to data from Radiomonitor, which tracks 738 radio stations in the UK, these three songs also topped the radio charts. By this measure, the Pogues claimed the No 1 spot. Taken together, these three songs were heard no fewer than 404 million times on the radio over the course of the Christmas period – from the start of November to the middle of January.
Radio does not always reflect what listeners pick and choose on Spotify. Slade’s Merry Xmas and East 17’s Stay Another Day , for example, are chosen far more often by radio producers than by Spotify users. 
On Christmas Day itself, there’s little escape. Of the 200 most-played songs on Spotify on 25 December, 139 were festive numbers. But the mood is short-lived – within four days, only two songs make the list. 
And that magic ingredient? Cheesy lyrics.
most popular christmas songs in data
</topic_text>
<spam_score>0.00</spam_score>
<post_num>1</post_num>
<post_id>post-1</post_id>
<post_url>https://www.theguardian.com/lifeandstyle/datablog/2016/dec/17/the-most-popular-christmas-songs-in-data</post_url>
<post_date>20161217</post_date>
<post_time>0800</post_time>
<username>Cath Levett</username>
<post>
It&apos;s no Christmas No 1, but AI-generated song brings festive cheer to researchers Read more 
Most Christmas songs rely on bells and choirs, but what magic ingredient makes a classic?

Well, it depends on where you live. Christmas songs don’t travel all that well. All of the 10 most-streamed Christmas songs in north America are by north American artists. In the UK, aside from Mariah Carey and Michael Bublé, the top 10 are all British or Irish. 
In 2015, the top three Christmas tracks streamed on Spotify in the UK were Mariah Carey’s All I Want for Christmas is You , Wham!’s Last Christmas and Fairytale of New York by the Pogues and Kirsty MacColl. It looks as if it will be the same three this year, too.
According to data from Radiomonitor, which tracks 738 radio stations in the UK, these three songs also topped the radio charts. By this measure, the Pogues claimed the No 1 spot. Taken together, these three songs were heard no fewer than 404 million times on the radio over the course of the Christmas period – from the start of November to the middle of January.
Radio does not always reflect what listeners pick and choose on Spotify. Slade’s Merry Xmas and East 17’s Stay Another Day , for example, are chosen far more often by radio producers than by Spotify users. 
On Christmas Day itself, there’s little escape. Of the 200 most-played songs on Spotify on 25 December, 139 were festive numbers. But the mood is short-lived – within four days, only two songs make the list. 
And that magic ingredient? Cheesy lyrics.
most popular christmas songs in data
</post>
<signature>

</signature>
<external_links>

</external_links>
<country>US</country>
<main_image>https://i.guim.co.uk/img/media/619495bbe7098ab2799f89c132f95c26489cbfa8/15_311_1905_1142/master/1905.jpg?w=1200&amp;amp;h=630&amp;amp;q=55&amp;amp;auto=format&amp;amp;usm=12&amp;amp;fit=crop&amp;amp;crop=faces%2Centropy&amp;amp;bm=normal&amp;amp;ba=bottom%2Cleft&amp;amp;blend64=aHR0cHM6Ly91cGxvYWRzLmd1aW0uY28udWsvMjAxNi8wNS8yNS9vdmVybGF5LWxvZ28tMTIwMC05MF9vcHQucG5n&amp;amp;s=7564a3200da44ed5b8feae00ec1da857</main_image>
</document>
