<?xml version="1.0" encoding="UTF-8"?>
<document>
<type>mainstream</type>
<forum>http://anibis.ch//fr/sport-loisirs--30/rssexport.aspx</forum>
<forum_title>Petites annonces Sport - Loisirs</forum_title>
<discussion_title>Maintiens Nike chaussettes foot noir</discussion_title>
<language>french</language>
<gmt_offset></gmt_offset>
<topic_url>http://www.anibis.ch/fr/sport-loisirs--30/maintiens-nike-chaussettes-foot-noir--2816687.aspx</topic_url>
<topic_text>
Maintiens Nike chaussettes foot noir Fermer Maintiens Nike chaussettes foot noir CHF 10.– Type d’annonce J’offre … Actualisé 17.12.2016 Les socks stoppers NIKE permettent de maintenir les chaussettes et protège tibia sur le mollet. Emplacement Mémoriser l’annonceur Annonceur mémorisé Annuler Recevoir de nouvelles offres de cet annonceur par e-mail Cet annonceur a confirmé son compte d’utilisateur avec un numéro de téléphone portable valable Annonce suspecte? Votre nom d’utilisateur (facultatif) Raison: * Indiquez-nous d&apos;autres annonces concernées (optionel): Multipostage (spam) A votre avis, pourquoi s&apos;agit-il d&apos;une fraude? Fraude Pouvez-vous nous indiquer l&apos;article de loi? Illégal Merci d&apos;indiquer le chapitre de notre CG? Interdit sur anibis.ch Pouvez-vous nous donner une preuve de ces insultes (copie d&apos;email) Insulte Merci de nous donner le site original Contrefaçon Pouvez-vous nous donner l&apos;URL du texte ou l&apos;image original? Copyright Veuillez préciser la raison de votre signalement : Autre raison
</topic_text>
<spam_score>0.00</spam_score>
<post_num>1</post_num>
<post_id>post-1</post_id>
<post_url>http://www.anibis.ch/fr/sport-loisirs--30/maintiens-nike-chaussettes-foot-noir--2816687.aspx</post_url>
<post_date>20161217</post_date>
<post_time>0901</post_time>
<username></username>
<post>
Maintiens Nike chaussettes foot noir Fermer Maintiens Nike chaussettes foot noir CHF 10.– Type d’annonce J’offre … Actualisé 17.12.2016 Les socks stoppers NIKE permettent de maintenir les chaussettes et protège tibia sur le mollet. Emplacement Mémoriser l’annonceur Annonceur mémorisé Annuler Recevoir de nouvelles offres de cet annonceur par e-mail Cet annonceur a confirmé son compte d’utilisateur avec un numéro de téléphone portable valable Annonce suspecte? Votre nom d’utilisateur (facultatif) Raison: * Indiquez-nous d&apos;autres annonces concernées (optionel): Multipostage (spam) A votre avis, pourquoi s&apos;agit-il d&apos;une fraude? Fraude Pouvez-vous nous indiquer l&apos;article de loi? Illégal Merci d&apos;indiquer le chapitre de notre CG? Interdit sur anibis.ch Pouvez-vous nous donner une preuve de ces insultes (copie d&apos;email) Insulte Merci de nous donner le site original Contrefaçon Pouvez-vous nous donner l&apos;URL du texte ou l&apos;image original? Copyright Veuillez préciser la raison de votre signalement : Autre raison
</post>
<signature>

</signature>
<external_links>

</external_links>
<country>CH</country>
<main_image>https://can01.anibis.ch/Autres-Maintiens-Nike-chaussettes-foot-noir/?1024x768/3/50/anibis/687/816/002/cBJsptwV70exMVAapqXjNg_1.jpg</main_image>
</document>
