<?xml version="1.0" encoding="UTF-8"?>
<document>
<type>mainstream</type>
<forum>http://www.theguardian.com/theguardian/2014/aug/12/mainsection/rss</forum>
<forum_title>The Guardian</forum_title>
<discussion_title>Rogue One: Death Stars, plot holes and a darker side of Star Wars – discuss with spoilers | Film</discussion_title>
<language>english</language>
<gmt_offset></gmt_offset>
<topic_url>https://www.theguardian.com/film/filmblog/2016/dec/17/rogue-one-darth-vader-digital-tinkerings-dark-side-star-wars-gareth-edwards</topic_url>
<topic_text>
Rogue One might be the perfect Christmas present for the Star Wars fan who has everything, or thought they did. Where George Lucas’s prequels tried desperately to twist the long-running space saga into exotic new forms, Gareth Edwards ’ bleak, electrifying entry takes everything we love about 1977’s Star Wars and imagines what might have been going on in the movie’s peripheral vision, an inch or two either side of the main action. It’s a gap-filler of a film, a plot hole-plugger, an examination of a famous event from the opposite side of the mirror.
Facebook Twitter Pinterest Rogue One: A Star Wars Story – video trailer Rogue One: A Star Wars Story review – a sleek addition to the fleet Read more 
That this event is the destruction of the first Death Star is probably the only reason the film works, because Star Wars is so deeply embedded in the cultural consciousness that we’re more than willing to luxuriate in an unexpected additional episode that relies almost entirely on its predecessor for meaning. In many ways, Rogue One does not even feel like a movie, but more like TV. I was reminded of the Lost episode The Other 48 Days, in which the mystery show rewound to the beginning to present the story of another group of survivors of Oceanic Airlines Flight 815 – even though the show’s previous 20 hours or so has been spent in the company of the established characters.
All this makes Edwards’ movie a strangely discombobulating experience, despite all those luxurious Easter eggs and electrifying visits to gorgeously imagined planets. And yet the critical consensus is that Rogue One has succeeded where Lucas’s prequel trilogy failed. The new movie, the first Star Wars spin-off, currently boasts a rating of 85% “fresh” on the review aggregator Rotten Tomatoes , only just down on The Force Awakens ’ 92% and higher than all other episodes bar Star Wars and The Empire Strikes Back . Where would you rate it in the canon? And how does the new film bode for the future of the looming Star Wars cinematic universe? Here’s your chance to give your verdict on the movie’s key talking points.

Facebook Twitter Pinterest Ben Mendelsohn at Krennic. Photograph: Allstar/Lucasfilm The dark and sombre tone 
From the opening scene in which Jyn Erso ’s mother found herself mown down by Deathtrooper bullets, Rogue One set out its stall as a Star Wars movie for mature audiences, the grimmest entry since 1980’s The Empire Strikes Back. The original trilogy always balanced the horrors of the dark side with a sense of hope surrounding Luke Skywalker’s endeavours. But Edwards’ film never balks at showing the desperation of the Rebel Alliance and their allies, the misery of the downtrodden peoples of the galaxy and the bloody fate likely to be faced by anyone who gets on the wrong side of the Empire. By the time the credits roll, every member of the Rogue One crew has met a horrible death, just to give Luke Skywalker the chance to blow up the Death Star. Warn your friends with young children now, this is not one for the kids!
The plot hole-filling Has there ever before been a movie created almost entirely to paper over the cracks of one of its predecessors? The preposterous convenience of the exhaust port on the original Death Star that can be used to blow the entire space station to smithereens has been a talking point for decades. Now we know that Galen Erso built it that way deliberately to take revenge on Krennic and his Imperial buddies for making him build the giant planet-killing superweapon in the first place. 
Might Disney be on to something here? Expect a future Star Wars spin-off to explain why baby Luke was sent to live on his dad’s home planet and never warned to keep his famous surname a secret, despite the obvious dangers of Vader discovering his identity. And perhaps we can get another instalment that explains Obi-Wan Kenobi ’s inability to recognise R2-D2 and C-3PO in the original Star Wars, despite having known both for decades.
The fan theories now torpedoed 
Facebook Twitter Pinterest Forest Whitaker in Rogue One. Photograph: Allstar/Lucasfilm 
Here are a few theories about Rogue One that can now be filed away for ever in a box marked nonsense. Supreme Leader Snoke’s true identity is not explained (he’s not even in it), Rey is not Jyn Erso’s daughter (as far as we know) and the Rogue One crew will not end up as the Knights of Ren (they all die). In fact, Edwards’ movie seems to leave very few threads hanging that were not picked up in 1977’s Star Wars, so we’ll all just have to wait another 12 months for Episode VIII to arrive and (hopefully) plug all the gaping logic chasms in The Force Awakens. 
The completely misleading trailers What is the point of releasing trailers for Rogue One when very little of the footage in them appears to have made the final cut? Whatever happened to Saw Gerrera hinting that Jyn might end up turning to the dark side in the debut teaser , or Mon Mothma discussing the junior Erso’s shady past in the same trailer? Felicity Jones’s awful “I rebel” line is absent.
It’s well known that early trailers are often made with footage that ends up discarded, but October’s final trailer for Rogue One featured completely different takes of Jyn rousing the rebels from those seen in the final movie. In the trailer, Jones is upbeat and optimistic; in the final cut, these scenes are doom-laden. The overall picture presented was of a much cheerier film than the gloomy, darkling entry that ended up in cinemas.
Peter Cushing’s CGI-assisted return from the dead (and other Easter eggs) 
Facebook Twitter Pinterest Peter Cushing, left, in the original Star Wars (1977). Photograph: Cine Text/Sportsphoto Ltd./Allstar 
This was a far greater feat of digital wizardry than Captain America: Civil War ’s depiction of a teenage Robert Downey Jr, or those scenes in Westworld featuring a “young” Anthony Hopkins . Cushing seems to have at least as much screen time in Rogue One as he did in the original Star Wars. The scenes were apparently shot with Holby City actor Guy Henry stepping in for the Hammer horror icon , with the images altered in post-production. On the giant Imax screen at the Empire in Leicester Square, London, there were moments when you could just about see the strings holding up this digital puppet, but the differences between fake Cushing and the real thing were so microscopic as to be virtually negligible.
Did you also enjoy the brief glimpse of Mos Eisley gangster Cornelius Evazan? How about Luke Skywalker’s future X-wing pilot comrades, or the superbly rendered Mon Calamari commander Admiral Raddus, who appears to be a distant relative of Admiral Ackbar? Perhaps the piece de resistance here was the miraculous final shot featuring a young Carrie Fisher, even if it must have made a seriously incomprehensible ending for anyone who has not seen Star Wars .
Rogue One: A Star Wars Story in-depth fan review: &apos;This is a movie made for fans&apos; Read more 
Then there was Darth Vader’s swashbuckling revival. The scene in which the charred remains of Anakin Skywalker are seen in an Imperial take on Luke Skywalker’s bacta tank from Empire Strikes Back was an unexpected sideswipe into body horror territory that summed up Rogue One’s obsession with the grimmer corners of the Star Wars galaxy. And the Sith Lord’s arrival on Leia’s ship gave us the lightsaber battle that no Star Wars movie should be without, even if it was pretty one-sided.
The future of Star Wars Where does Rogue One leave Disney’s mooted cinematic universe? If Edwards’ movie hits the magic $1bn mark – signs look positive – it will have proved that Star Wars can flourish without Skywalkers, Jedi Knights and miraculous feats of telekinesis, as well as putting the lie to the suggestion that the long-running space opera is just for kids. Rogue One’s thrillingly raw and downbeat veneer might even allow room for the upcoming young Han Solo movie, not to mention Episode VIII, to dip into duskier territory than we might have imagined. More than anything, the film’s success will have proved that passion for further Star Wars adventures has remains undimmed, almost four decades after the original episode ushered in the blockbuster era, and that the Mouse House was right to suggest that the saga’s potential for future spin-offs is almost infinite. A new Star Wars film every year? At this rate, Rogue One makes that task look easier than bullseyeing a womp rat.
</topic_text>
<spam_score>0.00</spam_score>
<post_num>6</post_num>
<post_id>post-6</post_id>
<post_url>https://www.theguardian.com/film/filmblog/2016/dec/17/rogue-one-darth-vader-digital-tinkerings-dark-side-star-wars-gareth-edwards#comment-89633562</post_url>
<post_date>20161217</post_date>
<post_time>0851</post_time>
<username>Ianpaulstone1</username>
<post>
They even killed the druid man.... it was like had they let the dog die in independence day....
</post>
<signature>

</signature>
<external_links>

</external_links>
<country>US</country>
<main_image>https://i.guim.co.uk/img/media/7f541d68a0355e1eaa2cecfd73c02e80d333b97d/0_234_3504_2102/master/3504.jpg?w=1200&amp;amp;h=630&amp;amp;q=55&amp;amp;auto=format&amp;amp;usm=12&amp;amp;fit=crop&amp;amp;crop=faces%2Centropy&amp;amp;bm=normal&amp;amp;ba=bottom%2Cleft&amp;amp;blend64=aHR0cHM6Ly91cGxvYWRzLmd1aW0uY28udWsvMjAxNi8wNS8yNS9vdmVybGF5LWxvZ28tMTIwMC05MF9vcHQucG5n&amp;amp;s=bc1440ec66cc5c7ae412191fa955a081</main_image>
</document>
