<?xml version="1.0" encoding="UTF-8"?>
<document>
<type>mainstream</type>
<forum>http://www.schwarzwaelder-bote.de/.rss.feed</forum>
<forum_title>Schwarzwälder Bote - Lokal</forum_title>
<discussion_title>Bad-Dürrheim: Gewerbesteuer am Limit</discussion_title>
<language>german</language>
<gmt_offset></gmt_offset>
<topic_url>http://www.schwarzwaelder-bote.de/inhalt.bad-duerrheim-gewerbesteuer-am-limit.5ca281a2-14d7-4043-8956-172efe62087c.html</topic_url>
<topic_text>
Von Schwarzwälder-Bote 17.12.2016 - 03:00 Uhr &apos; 
(flo). Die Christdemokraten tragen die beschlossenen Erhöhungen der Gewerbe- und Grundsteuer mit, sehen das Ende der Fahnenstange damit aber erreicht. &quot;Wir weisen mit Nachdruck darauf hin, dass wir mit dieser Beschlusslage das Instrument der Einnahmenverbesserung auf Jahre hinaus ausgereizt haben. Mit der CDU wird es über diese Legislaturperiode hinaus mittelfristig keine Steuererhöhungen im Bereich der Grund- und Gewerbesteuer mehr geben&quot;, konstatierte CDU-Fraktionssprecher Heinrich Glunz in seiner Haushaltsrede. Die Entwicklung der Innenstadt und die Belebung der Geschäftswelt liegen der CDU am Herzen, die aktuellen Diskussionen um den Ausbau der Bahnhofstraße, die Gestaltung des Areals Irma und die Umgestaltung der Stillen Musel zeugten von ernsthaften Notwendigkeiten. Die wohnortnahe Kinderbetreuung wird als &quot;zwingend notwendig&quot; bezeichnet, diese sei elementare Voraussetzung für die Ansiedlung junger Familien auf der Ostbaar. Glunz: &quot;Die Fremdenverkehrspolitik muss verstärkt touristische Anreize setzen, um im Wettbewerb bestehen zu können. Wenn die CDU-Gemeinderatsfraktion im Verbund mit den Schwimmsport treibenden Vereinen die Diskussion um den Neubau des Minaras mit dem Baukastensystem noch einmal angestoßen hat, so geschah dies vor dem Hintergrund, dass jede zweckdienliche sachorientierte Lösung, die uns Einsparpotenziale von der von uns markierten Investitionsobergrenze von 8,9 Millionen Euro ermöglicht, den finanziellen Handlungsspielraum für andere dringend anstehende Maßnahmen ausweitet.&quot; Artikel bewerten
</topic_text>
<spam_score>0.00</spam_score>
<post_num>1</post_num>
<post_id>post-1</post_id>
<post_url>http://www.schwarzwaelder-bote.de/inhalt.bad-duerrheim-gewerbesteuer-am-limit.5ca281a2-14d7-4043-8956-172efe62087c.html</post_url>
<post_date>20161217</post_date>
<post_time>0200</post_time>
<username></username>
<post>
Von Schwarzwälder-Bote 17.12.2016 - 03:00 Uhr &apos; 
(flo). Die Christdemokraten tragen die beschlossenen Erhöhungen der Gewerbe- und Grundsteuer mit, sehen das Ende der Fahnenstange damit aber erreicht. &quot;Wir weisen mit Nachdruck darauf hin, dass wir mit dieser Beschlusslage das Instrument der Einnahmenverbesserung auf Jahre hinaus ausgereizt haben. Mit der CDU wird es über diese Legislaturperiode hinaus mittelfristig keine Steuererhöhungen im Bereich der Grund- und Gewerbesteuer mehr geben&quot;, konstatierte CDU-Fraktionssprecher Heinrich Glunz in seiner Haushaltsrede. Die Entwicklung der Innenstadt und die Belebung der Geschäftswelt liegen der CDU am Herzen, die aktuellen Diskussionen um den Ausbau der Bahnhofstraße, die Gestaltung des Areals Irma und die Umgestaltung der Stillen Musel zeugten von ernsthaften Notwendigkeiten. Die wohnortnahe Kinderbetreuung wird als &quot;zwingend notwendig&quot; bezeichnet, diese sei elementare Voraussetzung für die Ansiedlung junger Familien auf der Ostbaar. Glunz: &quot;Die Fremdenverkehrspolitik muss verstärkt touristische Anreize setzen, um im Wettbewerb bestehen zu können. Wenn die CDU-Gemeinderatsfraktion im Verbund mit den Schwimmsport treibenden Vereinen die Diskussion um den Neubau des Minaras mit dem Baukastensystem noch einmal angestoßen hat, so geschah dies vor dem Hintergrund, dass jede zweckdienliche sachorientierte Lösung, die uns Einsparpotenziale von der von uns markierten Investitionsobergrenze von 8,9 Millionen Euro ermöglicht, den finanziellen Handlungsspielraum für andere dringend anstehende Maßnahmen ausweitet.&quot; Artikel bewerten
</post>
<signature>

</signature>
<external_links>

</external_links>
<country>DE</country>
<main_image>http://www.schwarzwaelder-bote.de/www/schwarzwaelder_bote/images/logo_social.jpg</main_image>
</document>
