<?xml version="1.0" encoding="UTF-8"?>
<document>
<type>mainstream</type>
<forum>http://anibis.ch//fr/sport-loisirs--30/rssexport.aspx</forum>
<forum_title>Petites annonces Sport - Loisirs</forum_title>
<discussion_title>Ski junior Dynastar 140</discussion_title>
<language>french</language>
<gmt_offset></gmt_offset>
<topic_url>http://www.anibis.ch/fr/sport-loisirs--30/ski-junior-dynastar-140--17576662.aspx</topic_url>
<topic_text>
Pouvez-vous nous indiquer l&apos;article de loi? Illégal Merci d&apos;indiquer le chapitre de notre CG? Interdit sur anibis.ch Pouvez-vous nous donner une preuve de ces insultes (copie d&apos;email) Insulte Merci de nous donner le site original Contrefaçon Pouvez-vous nous donner l&apos;URL du texte ou l&apos;image original? Copyright Veuillez préciser la raison de votre signalement : Autre raison
</topic_text>
<spam_score>0.00</spam_score>
<post_num>1</post_num>
<post_id>post-1</post_id>
<post_url>http://www.anibis.ch/fr/sport-loisirs--30/ski-junior-dynastar-140--17576662.aspx</post_url>
<post_date>20161217</post_date>
<post_time>0904</post_time>
<username></username>
<post>
Pouvez-vous nous indiquer l&apos;article de loi? Illégal Merci d&apos;indiquer le chapitre de notre CG? Interdit sur anibis.ch Pouvez-vous nous donner une preuve de ces insultes (copie d&apos;email) Insulte Merci de nous donner le site original Contrefaçon Pouvez-vous nous donner l&apos;URL du texte ou l&apos;image original? Copyright Veuillez préciser la raison de votre signalement : Autre raison
</post>
<signature>

</signature>
<external_links>

</external_links>
<country>CH</country>
<main_image>https://can01.anibis.ch/Skis-pour-enfants-Ski-junior-Dynastar-140/?1024x768/3/50/anibis/662/576/017/0JzN2BlMQ0yapHPuI8-Xyg_1.jpg</main_image>
</document>
