<?xml version="1.0" encoding="UTF-8"?>
<document>
<type>mainstream</type>
<forum>http://wavenewspapers.com/feed</forum>
<forum_title>Wave Newspapers</forum_title>
<discussion_title>CHEERS!</discussion_title>
<language>english</language>
<gmt_offset></gmt_offset>
<topic_url>http://wavenewspapers.com/cheers-81/</topic_url>
<topic_text>
permalink 
Tagged under: Don Wanlass 
Attorney Aluyah Imoisili has been hired by Greenberg Gross LLP and given partner status in the firm. 
In addition to handling complex cases, Imoisili will oversee attorney recruiting and hiring in Los Angeles. He said the firm is creating a new paradigm for high-stakes business litigation. 
“Big firms have not succeeded in recruiting or promoting top minorities and females, which is to the great detriment of not just members of those groups but the business communities we serve,” Imoisili said. “Greenberg Gross will seek members of those underrepresented groups while recruiting the country’s top legal talent to ensure that we are providing our increasingly diverse business community with the finest and most representative lawyers in the country.” 
Imoisili spent the past decade as a star litigator in the Los Angeles and New York offices of Milbank, Tweed, Hadley &amp; McCloy. 
He is a graduate of UCLA Law School. Reva Ochuba 
Cal State Los Angeles student Reva Ochuba has made her debut in national fashion circles after being featured in the New York Times and Vogue as an up-and-coming artist. 
A Los Angeles resident, Ochuba says that she was shocked to receive the attention. 
“To be frank, I went through this really intense moment of feeling like I didn’t deserve it,” said Ochuba, an undergraduate student in the Fashion, Fiber and Materials Program. 
The national media recognition is well deserved, said Cal State L.A. professor Mika M. Cho, chair of the Art Department in the College of Arts and Letters. 
“It is very significant,” Cho says. “Reva knows how to put herself out there, and her stuff is good, otherwise you don’t get that kind of attention.” 
In October, Ochuba officially launched her brand Ifeoma with a line of clothing called “Renaisseancé.” 
Cheers! features the everyday accomplishments of everyday people in South Los Angeles. To submit an item, send an email (with picture) to newsroom@wavepublication.com.
</topic_text>
<spam_score>0.00</spam_score>
<post_num>1</post_num>
<post_id>post-1</post_id>
<post_url>http://wavenewspapers.com/cheers-81/</post_url>
<post_date>20161216</post_date>
<post_time>2245</post_time>
<username>Wave Staff</username>
<post>
permalink 
Tagged under: Don Wanlass 
Attorney Aluyah Imoisili has been hired by Greenberg Gross LLP and given partner status in the firm. 
In addition to handling complex cases, Imoisili will oversee attorney recruiting and hiring in Los Angeles. He said the firm is creating a new paradigm for high-stakes business litigation. 
“Big firms have not succeeded in recruiting or promoting top minorities and females, which is to the great detriment of not just members of those groups but the business communities we serve,” Imoisili said. “Greenberg Gross will seek members of those underrepresented groups while recruiting the country’s top legal talent to ensure that we are providing our increasingly diverse business community with the finest and most representative lawyers in the country.” 
Imoisili spent the past decade as a star litigator in the Los Angeles and New York offices of Milbank, Tweed, Hadley &amp; McCloy. 
He is a graduate of UCLA Law School. Reva Ochuba 
Cal State Los Angeles student Reva Ochuba has made her debut in national fashion circles after being featured in the New York Times and Vogue as an up-and-coming artist. 
A Los Angeles resident, Ochuba says that she was shocked to receive the attention. 
“To be frank, I went through this really intense moment of feeling like I didn’t deserve it,” said Ochuba, an undergraduate student in the Fashion, Fiber and Materials Program. 
The national media recognition is well deserved, said Cal State L.A. professor Mika M. Cho, chair of the Art Department in the College of Arts and Letters. 
“It is very significant,” Cho says. “Reva knows how to put herself out there, and her stuff is good, otherwise you don’t get that kind of attention.” 
In October, Ochuba officially launched her brand Ifeoma with a line of clothing called “Renaisseancé.” 
Cheers! features the everyday accomplishments of everyday people in South Los Angeles. To submit an item, send an email (with picture) to newsroom@wavepublication.com.
</post>
<signature>

</signature>
<external_links>

</external_links>
<country>US</country>
<main_image>http://wavenewspapers.com/wp-content/uploads/2016/12/Aluyah_Imoisili_.jpg</main_image>
</document>
