<?xml version="1.0" encoding="UTF-8"?>
<document>
<type>mainstream</type>
<forum>http://www.therepublic.com/feed/cat/11400</forum>
<forum_title>Europe – The Republic</forum_title>
<discussion_title>France: police find ETA weapons trove, arrest 3</discussion_title>
<language>english</language>
<gmt_offset></gmt_offset>
<topic_url>http://www.therepublic.com/2016/12/17/eu-france-spain-eta/</topic_url>
<topic_text>
France: police find ETA weapons trove, arrest 3 12/17/16 4:09 AM 
MADRID — Spain’s Interior Ministry says Spanish and French police have made three arrests upon discovering a suspected weapons trove for the Basque militant group ETA in southern France. 
The ministry says that the arrests were made late Friday night when police found explosives and guns in a house in the French town of Louhossoa. 
In 2011 ETA announced it was renouncing violence in its campaign for independence for the Basque regions of northern Spain and southwest France. It has yet to disarm or disband. It is blamed for over 800 deaths from 1968 to 2010.
</topic_text>
<spam_score>0.00</spam_score>
<post_num>1</post_num>
<post_id>post-1</post_id>
<post_url>http://www.therepublic.com/2016/12/17/eu-france-spain-eta/</post_url>
<post_date>20161217</post_date>
<post_time>0909</post_time>
<username>The Associated Press</username>
<post>
France: police find ETA weapons trove, arrest 3 12/17/16 4:09 AM 
MADRID — Spain’s Interior Ministry says Spanish and French police have made three arrests upon discovering a suspected weapons trove for the Basque militant group ETA in southern France. 
The ministry says that the arrests were made late Friday night when police found explosives and guns in a house in the French town of Louhossoa. 
In 2011 ETA announced it was renouncing violence in its campaign for independence for the Basque regions of northern Spain and southwest France. It has yet to disarm or disband. It is blamed for over 800 deaths from 1968 to 2010.
</post>
<signature>

</signature>
<external_links>

</external_links>
<country>US</country>
<main_image></main_image>
</document>
