<?xml version="1.0" encoding="UTF-8"?>
<document>
<type>mainstream</type>
<forum>http://gerdtams.de/feed/</forum>
<forum_title>Das Virtuelle Klassentreffen</forum_title>
<discussion_title>Lange Straße Nr. 36</discussion_title>
<language>german</language>
<gmt_offset></gmt_offset>
<topic_url>https://gerdtams.de/61750/lange-strasse-nr-36/</topic_url>
<topic_text>
Suchen… Lange Straße Nr. 36 
Zitate aus den SN : „Der Grundstücksbesitzer, ein Mitarbeiter des Bauamtes, will hier ein viergeschossiges Mietshaus bauen…“ und „Doch der Bauantrag wurde nun genehmigt – vom Bauamt und mit dem Segen des Bürgermeisters…“ und „Er [der Bürgermeister] hat den Bauantrag für den Neubau seines Mitarbeiters – oder offiziell natürlich von dessen Ehefrau – trotz der für die Lange Straße ungewöhnlichen Überdimensionierung genehmigt, weil angeblich alles nach Recht und Gesetz erfolgt sei…“ usw. usw. 
Es geht um das Haus Lange Straße Nr. 36. Auf dem linken Foto ist es das 2. Haus v.l. und auf dem rechten Foto das 3. Haus v.r. Es war zu einer mit Eternit verkleideten Scheußlichkeit verkommen und ist im Jahr 2013 abgerissen worden. 
Nun soll die Baulücke bebaut werden. Lt. SN vom 19. Juli 2016 sind Anwohner und Kommunalpolitker „entsetzt“ über das, was da als „privates Projekt“ enststehen soll. Dabei ist aufgefallen, dass der Ehemann der Bauherrin im Bauamt arbeitet. Es gäbe aber keinen „Interessenskonflikt“, sagt die Stadt… 
Naja, warten wir mal ab… 
Hier ist noch etwas zu dem Haus Nr. 36. Bernd Bartsch wohnte dort, als der Admin Der &quot;Admin&quot; ist Gerd Tams, der schon 1960 die BLS in Schleswig verlassen hat. Er betreibt dieses Blog seit 2004... More noch zur Schule ging… 
Mütter und Söhne 
Hans Philipp: Moin Herr Tams, in den letzten Tagen tauchte im Klassentreffen Mit &quot;Klassentreffen&quot; ist dieses Blog gemeint. Es heißt zwar &quot;Das virtuelle Klassentreffen in Schleswig&quot;, ist aber mittlerweile über die Themen... More der Name Bernd Bartsch mal wieder auf. Da ich mit Bernd Bartsch in der Domschule in einer Klasse war, wollte ich doch mal im Internet nach ihm Suchen &quot;Suchen&quot; kann man über dem Titel anklicken. Es werden verschiedene Such-Methoden angeboten. Da man im &quot;Klassentreffen&quot; keine Ordnung nach Themen... More . Hier fand ich aber nur eine Todesanzeige in den SN Die Schleswiger Nachrichten. Es gibt eine Online-Ausgabe als Teil der SHZ. Der Admin ist aber zu knickerig, sich den kostenpflichtigen... More über einen Dr. Bernd Bartsch (geb. 1943) aus Fahrdorf. Haben Sie eine Info ob diese Todesanzeige zu B. Bartsch aus der Langen Straße in Schleswig gehört? Sein Vater war Hermann Bartsch und hatte was mit Metall zu tun. Ich würde mich freuen, wenn Sie mir als seine neue Adresse nicht nur den Fahdorfer Friedhof nennen könnten. Ich füge dieser Mail ein neues Foto und ein Bild von Rantum (Rantum1.jpg) bei. Auf Rantum1 ist mein Name als Gunther Phillip beschrieben ( Admin: berichtigt, s.u.). Ich heisse aber immer noch Hans Philipp. Auf dem Handballfoto (oben) erkenne ich folgende Namen wieder: 
Oben links Hans Günther Rathje, daneben unbekannt, dann Gerd Untiedt und Ingo Damm. Unten Bernd Bartsch und Hans Philipp.
</topic_text>
<spam_score>0.00</spam_score>
<post_num>1</post_num>
<post_id>post-1</post_id>
<post_url>https://gerdtams.de/61750/lange-strasse-nr-36/</post_url>
<post_date>20161217</post_date>
<post_time>0810</post_time>
<username>admin</username>
<post>
Suchen… Lange Straße Nr. 36 
Zitate aus den SN : „Der Grundstücksbesitzer, ein Mitarbeiter des Bauamtes, will hier ein viergeschossiges Mietshaus bauen…“ und „Doch der Bauantrag wurde nun genehmigt – vom Bauamt und mit dem Segen des Bürgermeisters…“ und „Er [der Bürgermeister] hat den Bauantrag für den Neubau seines Mitarbeiters – oder offiziell natürlich von dessen Ehefrau – trotz der für die Lange Straße ungewöhnlichen Überdimensionierung genehmigt, weil angeblich alles nach Recht und Gesetz erfolgt sei…“ usw. usw. 
Es geht um das Haus Lange Straße Nr. 36. Auf dem linken Foto ist es das 2. Haus v.l. und auf dem rechten Foto das 3. Haus v.r. Es war zu einer mit Eternit verkleideten Scheußlichkeit verkommen und ist im Jahr 2013 abgerissen worden. 
Nun soll die Baulücke bebaut werden. Lt. SN vom 19. Juli 2016 sind Anwohner und Kommunalpolitker „entsetzt“ über das, was da als „privates Projekt“ enststehen soll. Dabei ist aufgefallen, dass der Ehemann der Bauherrin im Bauamt arbeitet. Es gäbe aber keinen „Interessenskonflikt“, sagt die Stadt… 
Naja, warten wir mal ab… 
Hier ist noch etwas zu dem Haus Nr. 36. Bernd Bartsch wohnte dort, als der Admin Der &quot;Admin&quot; ist Gerd Tams, der schon 1960 die BLS in Schleswig verlassen hat. Er betreibt dieses Blog seit 2004... More noch zur Schule ging… 
Mütter und Söhne 
Hans Philipp: Moin Herr Tams, in den letzten Tagen tauchte im Klassentreffen Mit &quot;Klassentreffen&quot; ist dieses Blog gemeint. Es heißt zwar &quot;Das virtuelle Klassentreffen in Schleswig&quot;, ist aber mittlerweile über die Themen... More der Name Bernd Bartsch mal wieder auf. Da ich mit Bernd Bartsch in der Domschule in einer Klasse war, wollte ich doch mal im Internet nach ihm Suchen &quot;Suchen&quot; kann man über dem Titel anklicken. Es werden verschiedene Such-Methoden angeboten. Da man im &quot;Klassentreffen&quot; keine Ordnung nach Themen... More . Hier fand ich aber nur eine Todesanzeige in den SN Die Schleswiger Nachrichten. Es gibt eine Online-Ausgabe als Teil der SHZ. Der Admin ist aber zu knickerig, sich den kostenpflichtigen... More über einen Dr. Bernd Bartsch (geb. 1943) aus Fahrdorf. Haben Sie eine Info ob diese Todesanzeige zu B. Bartsch aus der Langen Straße in Schleswig gehört? Sein Vater war Hermann Bartsch und hatte was mit Metall zu tun. Ich würde mich freuen, wenn Sie mir als seine neue Adresse nicht nur den Fahdorfer Friedhof nennen könnten. Ich füge dieser Mail ein neues Foto und ein Bild von Rantum (Rantum1.jpg) bei. Auf Rantum1 ist mein Name als Gunther Phillip beschrieben ( Admin: berichtigt, s.u.). Ich heisse aber immer noch Hans Philipp. Auf dem Handballfoto (oben) erkenne ich folgende Namen wieder: 
Oben links Hans Günther Rathje, daneben unbekannt, dann Gerd Untiedt und Ingo Damm. Unten Bernd Bartsch und Hans Philipp.
</post>
<signature>

</signature>
<external_links>

</external_links>
<country>DE</country>
<main_image></main_image>
</document>
