<?xml version="1.0" encoding="UTF-8"?>
<document>
<type>mainstream</type>
<forum>http://malayalam.oneindia.in/rss/malayalam-news-fb.xml</forum>
<forum_title>Oneindia.in - thatsMalayalam News</forum_title>
<discussion_title>മതി അഴിമതി, സര്‍ക്കാര്‍ ജീവനക്കാര്‍ ജാഗ്രതൈ, സ്വത്ത് വിവരങ്ങള്‍ സര്‍വീസ് ബുക്കിലും നല്‍കണം</discussion_title>
<language>malayalam</language>
<gmt_offset></gmt_offset>
<topic_url>http://malayalam.oneindia.com/news/kerala/kerala-govt-employees-must-give-wealth-service-book-160934.html</topic_url>
<topic_text>
കേരളവാര്‍ത്ത » മതി അഴിമതി, സര്‍ക്കാര്‍ ജീവനക്കാര്‍ ജാഗ്രതൈ, സ്വത്ത് വിവരങ്ങള്‍ സര്‍വീസ് ബുക്കിലും നല്‍കണം മതി അഴിമതി, സര്‍ക്കാര്‍ ജീവനക്കാര്‍ ജാഗ്രതൈ, സ്വത്ത് വിവരങ്ങള്‍ സര്‍വീസ് ബുക്കിലും നല്‍കണം സര്‍ക്കാര്‍ ജീവനക്കാരുടെ സര്‍വീസ് ബുക്കില്‍ സ്വത്ത് വിവരങ്ങളും നല്‍കണം. ധനകാര്യ വകുപ്പാണ് ഇത് സംബന്ധിച്ച് ഉത്തരവിറക്കിയിട്ടുള്ളത്. Published : December 17 2016, 10:19 [IST] By: Nihara   
തിരുവനന്തപുരം: ഇനിമുതല്‍ സര്‍ക്കാര്‍ ജീവനക്കാരുടെ സ്വത്ത് വിവരവും സര്‍വീസ് ബുക്കില്‍ രേഖപ്പെടുത്തണം. പുതുതായി സര്‍ക്കാര്‍ സര്‍വീസില്‍ പ്രവേശിക്കുന്ന ജീവനക്കാരുടെ സ്വത്തുവിവരം വെളിപ്പെടുത്താന്‍ സര്‍വീസ് ബുക്കില്‍ പ്രത്യേക കോളവും ഉള്‍പ്പെടുത്തി. ജീവനക്കാരുടെയും അടുത്ത ബന്ധുക്കളുടെയും പേരിലുള്ള കെട്ടിടങ്ങളും സ്വന്തം വാഹനവും അടക്കമുള്ളവയുടെ വിവരങ്ങള്‍ നല്‍കണമെന്നാണ് ധനകാര്യവകുപ്പ് ഇറക്കിയ ഉത്തരവില്‍ പറയുന്നത്. 
സര്‍വീസില്‍ പ്രവേശിക്കുമ്പോള്‍ സ്വത്ത് വിവരങ്ങള്‍ നല്‍കുന്നതിലൂടെ അഴിമതി തടയാനാണ് സര്‍ക്കാര്‍ ലക്ഷ്യമിടുന്നത്. ഇതോടെ അനധികൃത സ്വത്ത് കണ്ടെത്തുന്നതിന് എളുപ്പമാവും. 2012 ലാണ് വിജിലന്‍സ് ഇത് സംബന്ധിച്ച ശുപാര്‍ശ സര്‍ക്കാറിന് കൈമാറിയത്. വെള്ളിയാഴ്ചയാണ് ഇത് സംബന്ധിച്ച് ഉത്തരവിറങ്ങിയത്. സര്‍ക്കാര്‍ സര്‍വീസില്‍ കയറുന്ന ജീവനക്കാരന്‍ നിലവിലെ സ്വത്തുവിവരം വെളിപ്പെടുത്തണമെന്ന് നേരത്തെ സര്‍ക്കാര്‍ ഉത്തരവിട്ടിരുന്നു. ഇതിന്റെ ഭാഗമായാണ് സര്‍വീസ് ബുക്കില്‍ പ്രത്യേക കോളം ഉള്‍പ്പെടുത്തിയത്. 
ജീവനക്കാരുടെ സ്വത്ത് വിവരങ്ങള്‍ നല്‍കുന്നതിനായി സര്‍വീസ് ബുക്കില്‍ പ്രത്യേക പേജുകള്‍ ഉള്‍പ്പെടുത്തിയിട്ടുണ്ട്. ജീവനക്കാരുടെയും അടുത്ത ബന്ധുക്കളുടെയും പേരിലുള്ള സ്വത്ത്, വാഹനം എന്നിവയുടെ വിവരങ്ങളാണ് നല്‍കേണ്ടത്. സര്‍ക്കാര്‍ ജീവനക്കാരെ അഴിമതി മുക്തരാക്കാനാണ് വിജിലന്‍സ് ലക്ഷ്യമിടുന്നത്. കൈക്കൂലിയം അനധികൃത സ്വത്തും സമ്പാദിക്കുന്നവരെ പൂട്ടാനുള്ള നടപടി. Read more about: corruption , finance department , അഴിമതി , വിജിലന്‍സ് , സര്‍ക്കാര്‍ ജീവനക്കാര്‍ English summary Government employees must give their property details in service book. through this its easy to find out corruption and bribe. Other articles published on Dec 17, 2016 Please Wait while comments are loading...
</topic_text>
<spam_score>0.00</spam_score>
<post_num>1</post_num>
<post_id>post-1</post_id>
<post_url>http://malayalam.oneindia.com/news/kerala/kerala-govt-employees-must-give-wealth-service-book-160934.html</post_url>
<post_date>20161217</post_date>
<post_time>0449</post_time>
<username></username>
<post>
കേരളവാര്‍ത്ത » മതി അഴിമതി, സര്‍ക്കാര്‍ ജീവനക്കാര്‍ ജാഗ്രതൈ, സ്വത്ത് വിവരങ്ങള്‍ സര്‍വീസ് ബുക്കിലും നല്‍കണം മതി അഴിമതി, സര്‍ക്കാര്‍ ജീവനക്കാര്‍ ജാഗ്രതൈ, സ്വത്ത് വിവരങ്ങള്‍ സര്‍വീസ് ബുക്കിലും നല്‍കണം സര്‍ക്കാര്‍ ജീവനക്കാരുടെ സര്‍വീസ് ബുക്കില്‍ സ്വത്ത് വിവരങ്ങളും നല്‍കണം. ധനകാര്യ വകുപ്പാണ് ഇത് സംബന്ധിച്ച് ഉത്തരവിറക്കിയിട്ടുള്ളത്. Published : December 17 2016, 10:19 [IST] By: Nihara   
തിരുവനന്തപുരം: ഇനിമുതല്‍ സര്‍ക്കാര്‍ ജീവനക്കാരുടെ സ്വത്ത് വിവരവും സര്‍വീസ് ബുക്കില്‍ രേഖപ്പെടുത്തണം. പുതുതായി സര്‍ക്കാര്‍ സര്‍വീസില്‍ പ്രവേശിക്കുന്ന ജീവനക്കാരുടെ സ്വത്തുവിവരം വെളിപ്പെടുത്താന്‍ സര്‍വീസ് ബുക്കില്‍ പ്രത്യേക കോളവും ഉള്‍പ്പെടുത്തി. ജീവനക്കാരുടെയും അടുത്ത ബന്ധുക്കളുടെയും പേരിലുള്ള കെട്ടിടങ്ങളും സ്വന്തം വാഹനവും അടക്കമുള്ളവയുടെ വിവരങ്ങള്‍ നല്‍കണമെന്നാണ് ധനകാര്യവകുപ്പ് ഇറക്കിയ ഉത്തരവില്‍ പറയുന്നത്. 
സര്‍വീസില്‍ പ്രവേശിക്കുമ്പോള്‍ സ്വത്ത് വിവരങ്ങള്‍ നല്‍കുന്നതിലൂടെ അഴിമതി തടയാനാണ് സര്‍ക്കാര്‍ ലക്ഷ്യമിടുന്നത്. ഇതോടെ അനധികൃത സ്വത്ത് കണ്ടെത്തുന്നതിന് എളുപ്പമാവും. 2012 ലാണ് വിജിലന്‍സ് ഇത് സംബന്ധിച്ച ശുപാര്‍ശ സര്‍ക്കാറിന് കൈമാറിയത്. വെള്ളിയാഴ്ചയാണ് ഇത് സംബന്ധിച്ച് ഉത്തരവിറങ്ങിയത്. സര്‍ക്കാര്‍ സര്‍വീസില്‍ കയറുന്ന ജീവനക്കാരന്‍ നിലവിലെ സ്വത്തുവിവരം വെളിപ്പെടുത്തണമെന്ന് നേരത്തെ സര്‍ക്കാര്‍ ഉത്തരവിട്ടിരുന്നു. ഇതിന്റെ ഭാഗമായാണ് സര്‍വീസ് ബുക്കില്‍ പ്രത്യേക കോളം ഉള്‍പ്പെടുത്തിയത്. 
ജീവനക്കാരുടെ സ്വത്ത് വിവരങ്ങള്‍ നല്‍കുന്നതിനായി സര്‍വീസ് ബുക്കില്‍ പ്രത്യേക പേജുകള്‍ ഉള്‍പ്പെടുത്തിയിട്ടുണ്ട്. ജീവനക്കാരുടെയും അടുത്ത ബന്ധുക്കളുടെയും പേരിലുള്ള സ്വത്ത്, വാഹനം എന്നിവയുടെ വിവരങ്ങളാണ് നല്‍കേണ്ടത്. സര്‍ക്കാര്‍ ജീവനക്കാരെ അഴിമതി മുക്തരാക്കാനാണ് വിജിലന്‍സ് ലക്ഷ്യമിടുന്നത്. കൈക്കൂലിയം അനധികൃത സ്വത്തും സമ്പാദിക്കുന്നവരെ പൂട്ടാനുള്ള നടപടി. Read more about: corruption , finance department , അഴിമതി , വിജിലന്‍സ് , സര്‍ക്കാര്‍ ജീവനക്കാര്‍ English summary Government employees must give their property details in service book. through this its easy to find out corruption and bribe. Other articles published on Dec 17, 2016 Please Wait while comments are loading...
</post>
<signature>

</signature>
<external_links>

</external_links>
<country>IN</country>
<main_image>http://malayalam-cdn.oneindia.com/img/2016/12/corruption-05-1473081787-17-1481950154.jpg</main_image>
</document>
