<?xml version="1.0" encoding="UTF-8"?>
<document>
<type>mainstream</type>
<forum>http://www.zentrum-der-gesundheit.de/rss-news.xml</forum>
<forum_title>Zentrum der Gesundheit - der aktuelle News feed</forum_title>
<discussion_title>Vitalstoffe bei Psoriasis</discussion_title>
<language>german</language>
<gmt_offset></gmt_offset>
<topic_url>https://www.zentrum-der-gesundheit.de/psoriasis-vitamine.html</topic_url>
<topic_text>
Drucken PDF Teilen (Zentrum der Gesundheit) – Psoriasis oder Schuppenflechte ist eine chronisch entzündliche Hauterkrankung, die sich in trockener, schuppender und teilweise auch juckender Haut äussert. Gleichzeitig bilden sich an manchen Hautstellen dicke gelbe Krusten. Die von der Schulmedizin verordneten Medikamente sind stark und nebenwirkungsreich. Vorab könnte man ganzheitliche Massnahmen testen, die Ernährung umstellen und gezielt ganz bestimmte Nahrungsergänzungsmittel einnehmen. Denn die Psoriasis – so weiss man inzwischen – kann durchaus auch ernährungsbedingt sein und lässt sich daher sehr gut mit Vitalstoffen beeinflussen. Psoriasis – Vitalstoffe und die richtige Ernährung helfen 
Psoriasis – auch Schuppenflechte genannt – gilt aus Sicht der Schulmedizin als nicht heilbar. Die verordneten Medikamente versuchen, direkt in den Hautstoffwechsel einzugreifen, die Entzündungen zu hemmen oder das Immunsystem zu unterdrücken. Entsprechend vielfältig sind die Nebenwirkungen . 
Inzwischen werden jedoch immer mehr Studien veröffentlicht, die zeigen, Psoriasis lässt sich von der Art der Ernährung beeinflussen, ja in manchen Fällen kann Psoriasis gar durch eine bestimmte Ernährung verursacht sein. Verändert man nun die Ernährung, dann kann dies natürlich die Psoriasis auch bessern oder die Symptome ganz zum Verschwinden bringen. 
Wie man die Ernährung bei Psoriasis gestalten sollte, haben wir hier beschrieben: Die richtige Ernährung bei Psoriasis und hier: Der 3-Tages-Ernährungsplan bei Psoriasis Vitalstoffe bessern nicht nur die Psoriasis, sondern auch häufige Begleiterkrankungen 
Möglicherweise wirkt sich die richtige Ernährung auch deshalb so positiv bei der Psoriasis aus, weil sie mehr Vitamine und Antioxidantien liefert als die herkömmliche Ernährung. Denn genau diese beiden Stoffgruppen untersuchte man im Zusammenhang mit der Psoriasis in Studien näher und stellte fest, dass sie auch in Form von Nahrungsergänzungsmitteln die Psoriasis sehr positiv beeinflussen können. 
Eine Psoriasis tritt ausserdem selten alleine auf. Viele Betroffenen leiden noch zusätzlich an anderen Erkrankungen, wie z. B. Herzkrankheiten , Bluthochdruck , Diabetes und Übergewicht . Alle diese Zustände jedoch lassen sich ebenfalls mit Hilfe einer gesunden Ernährung und ergänzenden Vitalstoffen mildern oder ganz aus der Welt schaffen. Fallbericht: Psoriasis mit gesunder Ernährung und Vitalstoffen geheilt 
Ein interessanter Fallbericht wurde dazu im September 2015 im Fachjournal Experimental and Therapeutic Medicine veröffentlicht: 
Eine 36jährige Frau litt an schwerer Psoriasis, die in den letzten 14 Jahren mit einer cortisonhaltigen Creme behandelt wurde. Die Frau stellte nun nach Anleitung ihre Ernährung um ( viel Gemüse , minimale Mengen Fleisch , völliges Meiden von Junk Food und von Zucker – sowohl in Getränken als auch in Speisen). 
Gleichzeitig nahm sie verschiedene Nahrungsergänzungen ein: Vitamin C (ca. 2 g täglich in drei Dosen aufgeteilt), eine Lysin-Prolin-Mischung (Lysin und Prolin sind Aminosäuren, die der Organismus für den Aufbau gesunder Haut und eines gesunden Bindegewebes benötigt) und eine Vitalstoff-Aminosäuremischung. Nach einem halben Jahr waren die typischen Psoriasiserscheinungen auf der Haut der Patientin verschwunden. Vitalstoffe bei Psoriasis 
Wie bei jeder chronischen Erkrankung, so gilt auch bei der Psoriasis, dass man jeden Vitalstoff überprüfen sollte, um zu schauen, ob man rundum gut versorgt ist. Kein Vitalstoff ist somit wichtiger als ein anderer, und jeder Mangel – ganz gleich von welchem Vitalstoff – kann die Krankheit verschlimmern bzw. eine Linderung verhindern. Vitamin D bei Psoriasis 
Vitamin D stellt eine Ausnahme im Kreise der Vitamine dar, denn es kann nicht in ausreichenden Mengen über die Ernährung aufgenommen werden. Es wird vielmehr in der Haut vom Organismus selbst gebildet, aber nur, wenn dieser genügend Sonnenlicht abbekommt. 
Viele Menschen leiden gerade im sonnenarmen Mitteleuropa an chronischem Vitamin-D-Mangel . Inzwischen weiss man, dass es kaum eine chronische Krankheit gibt, die nicht mit schlechten Vitamin-D-Werten einhergeht. Und so findet man auch bei Psoriasis-Patienten häufig einen Vitamin-D-Mangel. 
Gleichzeitig ist bekannt, dass sich die Psoriasis mit einer Lichttherapie bessert, was natürlich auch darauf zurückzuführen ist, dass sich bei einer Bestrahlung mit UV-Licht der Vitamin-D-Spiegel erholen kann. 
Vitamin D nun greift regulierend in die gestörte Zelldifferenzierung und -proliferation der Haut ein, so Apotheker Uwe Gröber in seinem Buch Orthomolekulare Medizin . Das bedeutet, dass Vitamin D den schnellen Hautstoffwechsel bei Psoriasis verlangsamt. Zusätzlich wirkt es entzündungshemmend. 
Vitamin D sollte einerseits eingenommen werden, und zwar in der individuell benötigten Menge. Andererseits kann es auch direkt auf die Haut aufgetragen werden – in Form von Vitamin-D-Cremes. 
Im Jahr 2013 las man im Journal of Dermatological Treatment , dass die topische Anwendung von Vitamin-D-Cremes zwar bei der Psoriasis-Therapie eingesetzt werde, man darüber hinaus aber ganz die orale Einnahme des Vitamins vergessen habe. Diese jedoch sei – so die Forscher der University of California nach einer Überprüfung der vorhandenen Studiendaten – gerade bei Psoriasis äusserst wichtig und wirksam. 
Vitamin D könne überdies nicht nur die Hautgesundheit bei der Psoriasis verbessern, sondern auch die Gelenkgesundheit, insbesondere dann, wenn die Gelenke ebenfalls von der Psoriasis betroffen sind (Psoriasis Arthritis ). 
Da Vitamin D so viele positive Auswirkungen bei jedweder chronischen Erkrankung hat, kann ein Psoriasis-Betroffener auf vielen Ebenen von der Vitamin-D-Einnahme profitieren. So weiss man beispielsweise, dass Vitamin D die Herz-Kreislauf-Gesundheit verbessert und das Krebsrisiko mindert . 
Diese Zusatzwirkungen sind umso willkommener, da bekannt ist, dass Psoriasis-Patienten häufiger als gesunde Menschen zu weiteren chronischen Erkrankungen neigen, besonders im Herz-Kreislauf-Bereich. Da Vitamin D ausserdem sehr preiswert und überall erhältlich ist, sollte es stets in die Therapie der Psoriasis integriert werden. 
Zwei Jahre später – im April 2015 – schrieben Forscher der University of California im International Journal of Dermatoloy , dass die orale sowie die topische Anwendung von Vitamin D bei der Psoriasis vergleichbare, teilweise sogar bessere Effekte erziele als der Einsatz von Cortisonpräparaten. 
Während jedoch Vitamin-D-Präparate nebenwirkungsfrei seien, gehe es bei Cortison so gut wie nie ohne Nebenwirkungen. Die Wissenschaftler schrieben daher genau wie die Kollegen schon zwei Jahre zuvor: Die Anwendung von Vitamin D sollte ein unverzichtbarer Bestandteil der aktuellen Therapie von Psoriasis sein. 
Die für Sie richtige Vitamin-D-Dosis sollten Sie mit Ihrem Arzt besprechen. Die Dosis sollte Ihrem Bedarf gemäss ausgesucht werden: Ihr Vitamin-D-Spiegel – Was Sie wissen müssen Vitamin A bei Psoriasis 
Vitamin A ist jenes Vitamin, das sich der Organismus am allerbesten aus dem pflanzlichen Betacarotin selbst herstellt. Betacarotin ist in grünen, gelben und orangefarbenen Gemüsearten enthalten. Das daraus entstehende Vitamin A ist für die gesunde Hautzellbildung unabdingbar. 
Zwar wird reines Vitamin A bei Psoriasis in manchen Fällen auch als Nahrungsergänzung in hohen Dosen gegeben (30.000 bis 100.000 IE), doch sollte dies nur auf Anraten des Arztes geschehen, da derart hohe Vitamin-A-Dosen auch Nebenwirkungen haben können. 
Aus ganzheitlicher und naturheilkundlicher Sicht sollte man daher zunächst viel eher darauf achten, täglich viele betacarotinreiche Lebensmittel zu essen. Auf diese Weise kann es nicht zu einer Vitamin-A-Überdosierung kommen, da sich der Körper dann aus dem Betacarotin nur so viel Vitamin A herstellt, wie er auch gerade benötigt. 
Zu den betacarotinreichen Lebensmitteln gehören die folgenden: 
Karottensaft, Karotten , Grünkohl , Trockenaprikosen, Honigmelonen, Hagebutten und grüne Wildgemüse wie z. B. Brennnessel und Löwenzahn . Auch Mikroalgen sind betacarotinreich. Aus einer Tagesdosis Spirulina kann der Körper beispielsweise 2000 µg Vitamin A (ca. 6000 IE) herstellen. 
Vitamin A gibt es jedoch auch in Creme-Form. Diese Creme wird zur Behandlung von Hautschäden durch zu starke Lichteinstrahlung verwendet, aber auch bei Psoriasis, bei der die Creme die Überproduktion der Hautzellen bremst sowie entzündliche Reaktionen lindert. Bei Vitamin-A-Cremes kommt es natürlich auch viel seltener zu Nebenwirkungen als bei der oralen Einnahme sehr hoher Vitamin-A-Dosen. Vitamin B bei Psoriasis 
Zu den B-Vitaminen gehört beispielsweise die Folsäure. Sie ist im Körper u. a. für den Abbau der sog. Homocysteinsäure (Abfallprodukt des Proteinstoffwechsels) verantwortlich. In einer Studie aus dem Jahr 2008 stellte man nun fest, dass der Homocysteinspiegel umso höher war, je stärker die Psoriasis ausgeprägt war. Je höher ferner der Homocysteinspiegel stieg, umso niedriger war der Folsäurespiegel der Betroffenen. 
Ein hoher Homocysteinspiegel wiederum wird mit einem erhöhten Herz-Kreislauf-Risiko in Verbindung gebracht. Man tut also gut daran, einen niedrigen Homocysteinspiegel anzustreben. Dazu benötigt man nicht nur Folsäure, sondern auch die Vitamine B6 und B12 . 
Bei der Psoriasis lohnt es sich daher – wie bei jedem chronischen Problem – einen hochdosierten B-Komplex einzunehmen. Da viele B-Vitamine aber direkt am Hautstoffwechsel beteiligt sind, ist gerade bei der Psoriasis genau wie bei der Neurodermitis die sehr gute Versorgung mit den B-Vitaminen unumgänglich. 
Wie Sie bereits Ihre Ernährung folsäurereich gestalten können, lesen Sie hier: Folsäuremangel mit der Ernährung beheben 
Ein Vitamin-B-Präparat, das gut dosiert ist, finden Sie hier: Vitamin-B-Komplex Vitamin C bei Psoriasis 
Bei der Psoriasis kommt es zu einem starken oxidativen Stress – wie immer bei Autoimmunerkrankungen und wie immer, wenn Entzündungen im Spiel sind. Eine gute Antioxidantienversorgung ist daher auch bei der Psoriasis das A und O. 
Zu den wichtigsten Antioxidantien gehören die Vitamine C und E. Sie verhindern Schäden, die andernfalls der oxidative Stress und die freien Radikale verursachen würden. 
Vitamin C kann sehr einfach über Obst und Gemüse eingenommen werden. Natürlich kann man zur Erhöhung dieser Vitaminmengen auch eine Vitamin-C-Nahrungsergänzung dazu nehmen. Manche Psoriasis-Patienten reagieren auf Säuren empfindlich und erleben nach der Einnahme von Säuren einen Psoriasis-Schub. Daher sollte das Vitamin C in hohen Dosen nicht als reine Ascorbinsäure verwendet werden. Wählen Sie stattdessen ein ganzheitliches Vitamin-C-Präparat (z. B. Acerolapulver) oder ein Vitamin-C-Präparat aus Ascorbaten, also den neutralisierten Salzen der Ascorbinsäure. Vitamin E und Selen bei Psoriasis 
Viele Personen mit Psoriasis leiden an deutlich reduzierten Selenwerten im Serum. Auch das Spurenelement Selen agiert im Körper als Antioxidans und schützt somit vor oxidativem Stress und seiner schädlichen Wirkung. 
Eine Nahrungsergänzung mit Vitamin E nun hat sich als hilfreich darin gezeigt, den Selenspiegel bei Psoriasis-Patienten zu erhöhen. Zwar liegen keine Beweise dafür vor, dass dies auch die Psoriasis bessern kann. Da jedoch zu einer ganzheitlichen Therapie grundsätzlich die Optimierung aller Vitalstoffwerte gehört und man davon ausgehen kann, dass sich jede Krankheit bessert, wenn der Mensch mit allen Vitalstoffen gut versorgt und somit wieder im Gleichgewicht ist, sollte auch dieser Aspekt berücksichtigt werden. 
Vitamin E sollte am besten nur über die Nahrung zugeführt werden. Z. B. mit einem Löffel Weizenkeimöl pro Tag, mit Moringa , Erdnüssen , Haselnüssen und Mandeln . 
Selen findet sich nur in wenigen Lebensmitteln in relevanten Mengen, z. B. in der Kokosnuss und in den Paranüssen. Offenbar sollen bereits etwa 3 Paranüsse genügen, um den Tagesbedarf an Selen zu decken. 
Ein Antioxidans, das um ein Vielfaches stärker antioxidativ wirkt als Vitamin E und Vitamin C ist das OPC : Diese Produkte könnten Sie interessieren
</topic_text>
<spam_score>0.00</spam_score>
<post_num>1</post_num>
<post_id>post-1</post_id>
<post_url>https://www.zentrum-der-gesundheit.de/psoriasis-vitamine.html</post_url>
<post_date>20161216</post_date>
<post_time>1252</post_time>
<username>Zentrum der Gesundheit</username>
<post>
Drucken PDF Teilen (Zentrum der Gesundheit) – Psoriasis oder Schuppenflechte ist eine chronisch entzündliche Hauterkrankung, die sich in trockener, schuppender und teilweise auch juckender Haut äussert. Gleichzeitig bilden sich an manchen Hautstellen dicke gelbe Krusten. Die von der Schulmedizin verordneten Medikamente sind stark und nebenwirkungsreich. Vorab könnte man ganzheitliche Massnahmen testen, die Ernährung umstellen und gezielt ganz bestimmte Nahrungsergänzungsmittel einnehmen. Denn die Psoriasis – so weiss man inzwischen – kann durchaus auch ernährungsbedingt sein und lässt sich daher sehr gut mit Vitalstoffen beeinflussen. Psoriasis – Vitalstoffe und die richtige Ernährung helfen 
Psoriasis – auch Schuppenflechte genannt – gilt aus Sicht der Schulmedizin als nicht heilbar. Die verordneten Medikamente versuchen, direkt in den Hautstoffwechsel einzugreifen, die Entzündungen zu hemmen oder das Immunsystem zu unterdrücken. Entsprechend vielfältig sind die Nebenwirkungen . 
Inzwischen werden jedoch immer mehr Studien veröffentlicht, die zeigen, Psoriasis lässt sich von der Art der Ernährung beeinflussen, ja in manchen Fällen kann Psoriasis gar durch eine bestimmte Ernährung verursacht sein. Verändert man nun die Ernährung, dann kann dies natürlich die Psoriasis auch bessern oder die Symptome ganz zum Verschwinden bringen. 
Wie man die Ernährung bei Psoriasis gestalten sollte, haben wir hier beschrieben: Die richtige Ernährung bei Psoriasis und hier: Der 3-Tages-Ernährungsplan bei Psoriasis Vitalstoffe bessern nicht nur die Psoriasis, sondern auch häufige Begleiterkrankungen 
Möglicherweise wirkt sich die richtige Ernährung auch deshalb so positiv bei der Psoriasis aus, weil sie mehr Vitamine und Antioxidantien liefert als die herkömmliche Ernährung. Denn genau diese beiden Stoffgruppen untersuchte man im Zusammenhang mit der Psoriasis in Studien näher und stellte fest, dass sie auch in Form von Nahrungsergänzungsmitteln die Psoriasis sehr positiv beeinflussen können. 
Eine Psoriasis tritt ausserdem selten alleine auf. Viele Betroffenen leiden noch zusätzlich an anderen Erkrankungen, wie z. B. Herzkrankheiten , Bluthochdruck , Diabetes und Übergewicht . Alle diese Zustände jedoch lassen sich ebenfalls mit Hilfe einer gesunden Ernährung und ergänzenden Vitalstoffen mildern oder ganz aus der Welt schaffen. Fallbericht: Psoriasis mit gesunder Ernährung und Vitalstoffen geheilt 
Ein interessanter Fallbericht wurde dazu im September 2015 im Fachjournal Experimental and Therapeutic Medicine veröffentlicht: 
Eine 36jährige Frau litt an schwerer Psoriasis, die in den letzten 14 Jahren mit einer cortisonhaltigen Creme behandelt wurde. Die Frau stellte nun nach Anleitung ihre Ernährung um ( viel Gemüse , minimale Mengen Fleisch , völliges Meiden von Junk Food und von Zucker – sowohl in Getränken als auch in Speisen). 
Gleichzeitig nahm sie verschiedene Nahrungsergänzungen ein: Vitamin C (ca. 2 g täglich in drei Dosen aufgeteilt), eine Lysin-Prolin-Mischung (Lysin und Prolin sind Aminosäuren, die der Organismus für den Aufbau gesunder Haut und eines gesunden Bindegewebes benötigt) und eine Vitalstoff-Aminosäuremischung. Nach einem halben Jahr waren die typischen Psoriasiserscheinungen auf der Haut der Patientin verschwunden. Vitalstoffe bei Psoriasis 
Wie bei jeder chronischen Erkrankung, so gilt auch bei der Psoriasis, dass man jeden Vitalstoff überprüfen sollte, um zu schauen, ob man rundum gut versorgt ist. Kein Vitalstoff ist somit wichtiger als ein anderer, und jeder Mangel – ganz gleich von welchem Vitalstoff – kann die Krankheit verschlimmern bzw. eine Linderung verhindern. Vitamin D bei Psoriasis 
Vitamin D stellt eine Ausnahme im Kreise der Vitamine dar, denn es kann nicht in ausreichenden Mengen über die Ernährung aufgenommen werden. Es wird vielmehr in der Haut vom Organismus selbst gebildet, aber nur, wenn dieser genügend Sonnenlicht abbekommt. 
Viele Menschen leiden gerade im sonnenarmen Mitteleuropa an chronischem Vitamin-D-Mangel . Inzwischen weiss man, dass es kaum eine chronische Krankheit gibt, die nicht mit schlechten Vitamin-D-Werten einhergeht. Und so findet man auch bei Psoriasis-Patienten häufig einen Vitamin-D-Mangel. 
Gleichzeitig ist bekannt, dass sich die Psoriasis mit einer Lichttherapie bessert, was natürlich auch darauf zurückzuführen ist, dass sich bei einer Bestrahlung mit UV-Licht der Vitamin-D-Spiegel erholen kann. 
Vitamin D nun greift regulierend in die gestörte Zelldifferenzierung und -proliferation der Haut ein, so Apotheker Uwe Gröber in seinem Buch Orthomolekulare Medizin . Das bedeutet, dass Vitamin D den schnellen Hautstoffwechsel bei Psoriasis verlangsamt. Zusätzlich wirkt es entzündungshemmend. 
Vitamin D sollte einerseits eingenommen werden, und zwar in der individuell benötigten Menge. Andererseits kann es auch direkt auf die Haut aufgetragen werden – in Form von Vitamin-D-Cremes. 
Im Jahr 2013 las man im Journal of Dermatological Treatment , dass die topische Anwendung von Vitamin-D-Cremes zwar bei der Psoriasis-Therapie eingesetzt werde, man darüber hinaus aber ganz die orale Einnahme des Vitamins vergessen habe. Diese jedoch sei – so die Forscher der University of California nach einer Überprüfung der vorhandenen Studiendaten – gerade bei Psoriasis äusserst wichtig und wirksam. 
Vitamin D könne überdies nicht nur die Hautgesundheit bei der Psoriasis verbessern, sondern auch die Gelenkgesundheit, insbesondere dann, wenn die Gelenke ebenfalls von der Psoriasis betroffen sind (Psoriasis Arthritis ). 
Da Vitamin D so viele positive Auswirkungen bei jedweder chronischen Erkrankung hat, kann ein Psoriasis-Betroffener auf vielen Ebenen von der Vitamin-D-Einnahme profitieren. So weiss man beispielsweise, dass Vitamin D die Herz-Kreislauf-Gesundheit verbessert und das Krebsrisiko mindert . 
Diese Zusatzwirkungen sind umso willkommener, da bekannt ist, dass Psoriasis-Patienten häufiger als gesunde Menschen zu weiteren chronischen Erkrankungen neigen, besonders im Herz-Kreislauf-Bereich. Da Vitamin D ausserdem sehr preiswert und überall erhältlich ist, sollte es stets in die Therapie der Psoriasis integriert werden. 
Zwei Jahre später – im April 2015 – schrieben Forscher der University of California im International Journal of Dermatoloy , dass die orale sowie die topische Anwendung von Vitamin D bei der Psoriasis vergleichbare, teilweise sogar bessere Effekte erziele als der Einsatz von Cortisonpräparaten. 
Während jedoch Vitamin-D-Präparate nebenwirkungsfrei seien, gehe es bei Cortison so gut wie nie ohne Nebenwirkungen. Die Wissenschaftler schrieben daher genau wie die Kollegen schon zwei Jahre zuvor: Die Anwendung von Vitamin D sollte ein unverzichtbarer Bestandteil der aktuellen Therapie von Psoriasis sein. 
Die für Sie richtige Vitamin-D-Dosis sollten Sie mit Ihrem Arzt besprechen. Die Dosis sollte Ihrem Bedarf gemäss ausgesucht werden: Ihr Vitamin-D-Spiegel – Was Sie wissen müssen Vitamin A bei Psoriasis 
Vitamin A ist jenes Vitamin, das sich der Organismus am allerbesten aus dem pflanzlichen Betacarotin selbst herstellt. Betacarotin ist in grünen, gelben und orangefarbenen Gemüsearten enthalten. Das daraus entstehende Vitamin A ist für die gesunde Hautzellbildung unabdingbar. 
Zwar wird reines Vitamin A bei Psoriasis in manchen Fällen auch als Nahrungsergänzung in hohen Dosen gegeben (30.000 bis 100.000 IE), doch sollte dies nur auf Anraten des Arztes geschehen, da derart hohe Vitamin-A-Dosen auch Nebenwirkungen haben können. 
Aus ganzheitlicher und naturheilkundlicher Sicht sollte man daher zunächst viel eher darauf achten, täglich viele betacarotinreiche Lebensmittel zu essen. Auf diese Weise kann es nicht zu einer Vitamin-A-Überdosierung kommen, da sich der Körper dann aus dem Betacarotin nur so viel Vitamin A herstellt, wie er auch gerade benötigt. 
Zu den betacarotinreichen Lebensmitteln gehören die folgenden: 
Karottensaft, Karotten , Grünkohl , Trockenaprikosen, Honigmelonen, Hagebutten und grüne Wildgemüse wie z. B. Brennnessel und Löwenzahn . Auch Mikroalgen sind betacarotinreich. Aus einer Tagesdosis Spirulina kann der Körper beispielsweise 2000 µg Vitamin A (ca. 6000 IE) herstellen. 
Vitamin A gibt es jedoch auch in Creme-Form. Diese Creme wird zur Behandlung von Hautschäden durch zu starke Lichteinstrahlung verwendet, aber auch bei Psoriasis, bei der die Creme die Überproduktion der Hautzellen bremst sowie entzündliche Reaktionen lindert. Bei Vitamin-A-Cremes kommt es natürlich auch viel seltener zu Nebenwirkungen als bei der oralen Einnahme sehr hoher Vitamin-A-Dosen. Vitamin B bei Psoriasis 
Zu den B-Vitaminen gehört beispielsweise die Folsäure. Sie ist im Körper u. a. für den Abbau der sog. Homocysteinsäure (Abfallprodukt des Proteinstoffwechsels) verantwortlich. In einer Studie aus dem Jahr 2008 stellte man nun fest, dass der Homocysteinspiegel umso höher war, je stärker die Psoriasis ausgeprägt war. Je höher ferner der Homocysteinspiegel stieg, umso niedriger war der Folsäurespiegel der Betroffenen. 
Ein hoher Homocysteinspiegel wiederum wird mit einem erhöhten Herz-Kreislauf-Risiko in Verbindung gebracht. Man tut also gut daran, einen niedrigen Homocysteinspiegel anzustreben. Dazu benötigt man nicht nur Folsäure, sondern auch die Vitamine B6 und B12 . 
Bei der Psoriasis lohnt es sich daher – wie bei jedem chronischen Problem – einen hochdosierten B-Komplex einzunehmen. Da viele B-Vitamine aber direkt am Hautstoffwechsel beteiligt sind, ist gerade bei der Psoriasis genau wie bei der Neurodermitis die sehr gute Versorgung mit den B-Vitaminen unumgänglich. 
Wie Sie bereits Ihre Ernährung folsäurereich gestalten können, lesen Sie hier: Folsäuremangel mit der Ernährung beheben 
Ein Vitamin-B-Präparat, das gut dosiert ist, finden Sie hier: Vitamin-B-Komplex Vitamin C bei Psoriasis 
Bei der Psoriasis kommt es zu einem starken oxidativen Stress – wie immer bei Autoimmunerkrankungen und wie immer, wenn Entzündungen im Spiel sind. Eine gute Antioxidantienversorgung ist daher auch bei der Psoriasis das A und O. 
Zu den wichtigsten Antioxidantien gehören die Vitamine C und E. Sie verhindern Schäden, die andernfalls der oxidative Stress und die freien Radikale verursachen würden. 
Vitamin C kann sehr einfach über Obst und Gemüse eingenommen werden. Natürlich kann man zur Erhöhung dieser Vitaminmengen auch eine Vitamin-C-Nahrungsergänzung dazu nehmen. Manche Psoriasis-Patienten reagieren auf Säuren empfindlich und erleben nach der Einnahme von Säuren einen Psoriasis-Schub. Daher sollte das Vitamin C in hohen Dosen nicht als reine Ascorbinsäure verwendet werden. Wählen Sie stattdessen ein ganzheitliches Vitamin-C-Präparat (z. B. Acerolapulver) oder ein Vitamin-C-Präparat aus Ascorbaten, also den neutralisierten Salzen der Ascorbinsäure. Vitamin E und Selen bei Psoriasis 
Viele Personen mit Psoriasis leiden an deutlich reduzierten Selenwerten im Serum. Auch das Spurenelement Selen agiert im Körper als Antioxidans und schützt somit vor oxidativem Stress und seiner schädlichen Wirkung. 
Eine Nahrungsergänzung mit Vitamin E nun hat sich als hilfreich darin gezeigt, den Selenspiegel bei Psoriasis-Patienten zu erhöhen. Zwar liegen keine Beweise dafür vor, dass dies auch die Psoriasis bessern kann. Da jedoch zu einer ganzheitlichen Therapie grundsätzlich die Optimierung aller Vitalstoffwerte gehört und man davon ausgehen kann, dass sich jede Krankheit bessert, wenn der Mensch mit allen Vitalstoffen gut versorgt und somit wieder im Gleichgewicht ist, sollte auch dieser Aspekt berücksichtigt werden. 
Vitamin E sollte am besten nur über die Nahrung zugeführt werden. Z. B. mit einem Löffel Weizenkeimöl pro Tag, mit Moringa , Erdnüssen , Haselnüssen und Mandeln . 
Selen findet sich nur in wenigen Lebensmitteln in relevanten Mengen, z. B. in der Kokosnuss und in den Paranüssen. Offenbar sollen bereits etwa 3 Paranüsse genügen, um den Tagesbedarf an Selen zu decken. 
Ein Antioxidans, das um ein Vielfaches stärker antioxidativ wirkt als Vitamin E und Vitamin C ist das OPC : Diese Produkte könnten Sie interessieren
</post>
<signature>

</signature>
<external_links>

</external_links>
<country>DE</country>
<main_image>https://www.zdgstatic.com/media/cache/article_detail/vitalstoffe-bei-psoriasis.html/image</main_image>
</document>
