<?xml version="1.0" encoding="UTF-8"?>
<document>
<type>mainstream</type>
<forum>http://www.hirstart.hu/site/rss.php?pid=8&amp;id=236</forum>
<forum_title>Hírstart RSS - Partnerdoboz (pid=8) | urbanlegends.hu</forum_title>
<discussion_title>Klímaváltozás - hiányzik az egyéni felelősségvállalás</discussion_title>
<language>hungarian</language>
<gmt_offset></gmt_offset>
<topic_url>http://www.hirstart.hu/hk/20161217_nyugdij_a_magyarok_tobbsege_az_allamtol_varja_az_anyagi_biztonsagot</topic_url>
<topic_text>
Biztosítási Szemle Tegnap 12:30 Gazdaság + Magyarországon össztársadalmi konszenzus van arról, hogy az éghajlatváltozás valós jelenség, de a többség az államtól és a vállalatoktól várja a megoldást. Az egyéni felelősség- és szerepvállalás jelentősége még kevéssé mutatkozik meg a válaszokban - derül ki a Századvég Alapítvány közelmúltban készült, a klímaváltozással kapcsolatos… 2 kapcsolódó hír
</topic_text>
<spam_score>0.00</spam_score>
<post_num>1</post_num>
<post_id>post-1</post_id>
<post_url>http://www.hirstart.hu/hk/20161217_nyugdij_a_magyarok_tobbsege_az_allamtol_varja_az_anyagi_biztonsagot</post_url>
<post_date>20161216</post_date>
<post_time>1130</post_time>
<username>Biztosítási Szemle</username>
<post>
Biztosítási Szemle Tegnap 12:30 Gazdaság + Magyarországon össztársadalmi konszenzus van arról, hogy az éghajlatváltozás valós jelenség, de a többség az államtól és a vállalatoktól várja a megoldást. Az egyéni felelősség- és szerepvállalás jelentősége még kevéssé mutatkozik meg a válaszokban - derül ki a Századvég Alapítvány közelmúltban készült, a klímaváltozással kapcsolatos… 2 kapcsolódó hír
</post>
<signature>

</signature>
<external_links>

</external_links>
<country>HU</country>
<main_image>http://www.hirstart.hu/site/res/img/logo/hs_logo_fbimg_big.jpg</main_image>
</document>
