<?xml version="1.0" encoding="UTF-8"?>
<document>
<type>mainstream</type>
<forum>http://biz.chosun.com/site/data/rss/rss.xml</forum>
<forum_title>조선비즈</forum_title>
<discussion_title>국제 유가 상승 마감…러시아 정부 &quot;로스네프트 등 모든 기업 감산 참여&quot;</discussion_title>
<language>korean</language>
<gmt_offset></gmt_offset>
<topic_url>http://biz.chosun.com/site/data/html_dir/2016/12/17/2016121700303.html</topic_url>
<topic_text>
국제 유가 상승 마감…러시아 정부 &quot;로스네프트 등 모든 기업 감산 참여&quot; 뉴욕=송현 통신원 입력 : 2016.12.17 07:20 16일(현지시각) 국제 유가가 상승 마감했다. 산유국 감산 합의 이행 기대감이 유가 상승 요인으로 작용했다.뉴욕상업거래소(NYMEX)에서 1월 인도분 서부텍사스산원유(WTI) 선물 가격은 전날보다 2% 상승한 배럴당 51.90달러를 기록했다. 런던 ICE 거래소에서 브렌트유 2월 인도분 선물 가격은 2.2% 오른 배럴당 55.21달러를 기록했다.시티 퓨처스의 팀 에반스는 “유가는 목요일 하락 이후 감산 합의 이행에 대한 기대감에 회복했다”고 말했다. 로이터에 따르면 러시아 정부는 로스네프트를 포함한 러시아 내 모든 원유 관련 기업들이 감산에 합의했다고 밝혔다.프라이스 퓨처스 그룹의 필 플린 애널리스트는”유가는 감산 현실화에 따라 상승세를 이어가고 있다”고 말했다. 플린 애널리스트에 따르면 쿠웨이트 국영 석유회사 쿠웨이트 페트롤륨은 미국과 유럽 고객들에 내년 1월부터 선적량이 감소할 예정이라고 통보했다.금값이 상승했다. 뉴욕상품거래소(COMEX)에서 2월 인도분 금 선물 가격은 전날보다 0.9% 오른 온스당 1140.10달러를 기록했다. 달러화 가치가 하락한 데다, 미중 외교 분쟁으로 금과 같은 안전자산 선호 현상이 강해졌다. 뉴욕 외환시장에서 ICE 달러인덱스가 0.2% 하락한 102.86을 기록했다. Copyrights © ChosunBiz.com
</topic_text>
<spam_score>0.00</spam_score>
<post_num>1</post_num>
<post_id>post-1</post_id>
<post_url>http://biz.chosun.com/site/data/html_dir/2016/12/17/2016121700303.html</post_url>
<post_date>20161216</post_date>
<post_time>2220</post_time>
<username>뉴욕=송현 통신원( (songhyun@chosunbiz.com)</username>
<post>
국제 유가 상승 마감…러시아 정부 &quot;로스네프트 등 모든 기업 감산 참여&quot; 뉴욕=송현 통신원 입력 : 2016.12.17 07:20 16일(현지시각) 국제 유가가 상승 마감했다. 산유국 감산 합의 이행 기대감이 유가 상승 요인으로 작용했다.뉴욕상업거래소(NYMEX)에서 1월 인도분 서부텍사스산원유(WTI) 선물 가격은 전날보다 2% 상승한 배럴당 51.90달러를 기록했다. 런던 ICE 거래소에서 브렌트유 2월 인도분 선물 가격은 2.2% 오른 배럴당 55.21달러를 기록했다.시티 퓨처스의 팀 에반스는 “유가는 목요일 하락 이후 감산 합의 이행에 대한 기대감에 회복했다”고 말했다. 로이터에 따르면 러시아 정부는 로스네프트를 포함한 러시아 내 모든 원유 관련 기업들이 감산에 합의했다고 밝혔다.프라이스 퓨처스 그룹의 필 플린 애널리스트는”유가는 감산 현실화에 따라 상승세를 이어가고 있다”고 말했다. 플린 애널리스트에 따르면 쿠웨이트 국영 석유회사 쿠웨이트 페트롤륨은 미국과 유럽 고객들에 내년 1월부터 선적량이 감소할 예정이라고 통보했다.금값이 상승했다. 뉴욕상품거래소(COMEX)에서 2월 인도분 금 선물 가격은 전날보다 0.9% 오른 온스당 1140.10달러를 기록했다. 달러화 가치가 하락한 데다, 미중 외교 분쟁으로 금과 같은 안전자산 선호 현상이 강해졌다. 뉴욕 외환시장에서 ICE 달러인덱스가 0.2% 하락한 102.86을 기록했다. Copyrights © ChosunBiz.com
</post>
<signature>

</signature>
<external_links>

</external_links>
<country>KR</country>
<main_image></main_image>
</document>
