<?xml version="1.0" encoding="UTF-8"?>
<document>
<type>mainstream</type>
<forum>http://weekweek.org/feed</forum>
<forum_title>WeekWeek - Download Tech House Techno Deep Minimal House</forum_title>
<discussion_title>VA – The Sound Of Simma Black 2017</discussion_title>
<language>english</language>
<gmt_offset></gmt_offset>
<topic_url>http://weekweek.org/2016/12/va-the-sound-of-simma-black-2017/</topic_url>
<topic_text>
Cal Johnstone – Lump (Original Mix) Carnao Beats – Souls Of Life (Original Mix) Full Intention – All I See Is You (Original Mix) Harry Judda &amp; Menai – Red Soul (Original Mix) Hilton Caswell – Eden (Original Mix) Kafzon – Burn (Original Mix) Kyle Watson – You Wanna Be (Original Mix) Litek – Your Skin (Original Mix) Low Steppa &amp; Mr V – My House (Original Mix) Low Steppa – Squares (Martin Ikin Vip) Made By Pete – I Like It Lucy (Original Mix) Malachi – Love Break (Original Mix) Martin Ikin – Bad Young (Original Mix) Pinto (Nyc) – That Sound (Original Mix) Roog – 2A (Original Mix) Skapes – South Bronx (Original Mix) The Deepshakerz – Dance With Me (Original Mix) Thijs Haal – Dont You Ever Stop Me (Original Mix) Volac – Make It Hot (Original Mix) Wax Worx – Love Is (Original Mix) 
Download
</topic_text>
<spam_score>0.00</spam_score>
<post_num>1</post_num>
<post_id>post-1</post_id>
<post_url>http://weekweek.org/2016/12/va-the-sound-of-simma-black-2017/</post_url>
<post_date>20161216</post_date>
<post_time>1729</post_time>
<username>!</username>
<post>
Cal Johnstone – Lump (Original Mix) Carnao Beats – Souls Of Life (Original Mix) Full Intention – All I See Is You (Original Mix) Harry Judda &amp; Menai – Red Soul (Original Mix) Hilton Caswell – Eden (Original Mix) Kafzon – Burn (Original Mix) Kyle Watson – You Wanna Be (Original Mix) Litek – Your Skin (Original Mix) Low Steppa &amp; Mr V – My House (Original Mix) Low Steppa – Squares (Martin Ikin Vip) Made By Pete – I Like It Lucy (Original Mix) Malachi – Love Break (Original Mix) Martin Ikin – Bad Young (Original Mix) Pinto (Nyc) – That Sound (Original Mix) Roog – 2A (Original Mix) Skapes – South Bronx (Original Mix) The Deepshakerz – Dance With Me (Original Mix) Thijs Haal – Dont You Ever Stop Me (Original Mix) Volac – Make It Hot (Original Mix) Wax Worx – Love Is (Original Mix) 
Download
</post>
<signature>

</signature>
<external_links>

</external_links>
<country>RU</country>
<main_image></main_image>
</document>
