<?xml version="1.0" encoding="UTF-8"?>
<document>
<type>mainstream</type>
<forum>http://litecoinforum.org/.xml/?type=rss;PHPSESSID=TSDGRJW2ddCi3VIMLtVIi3</forum>
<forum_title>Litecoin Forum</forum_title>
<discussion_title>Professional Packers and Movers : Benefit from Property Shifting</discussion_title>
<language>english</language>
<gmt_offset></gmt_offset>
<topic_url>http://litecoinforum.org/off-topic/professional-packers-and-movers-benefit-from-property-shifting/</topic_url>
<topic_text>
  Chennai [/color] [/size]Or maybe asked yourself exactly why consumers switch their particular houses from one spot even to another? [/color] [/size]The result to help you all the topic would then lie in the memories associated with also have recently been heading collected from one of location for a brand-new choice thanks to some purpose or even one another. A lot of reasons of which express trivial fact the reason why families think about transferring on their own from one destination to one other. Several shift for any brand-new occupation and some would like a good worried modify for their boring lifetime and prefer to get started in all over again. That is definitely talked about together with accomplished. [/color] [/size]Managed you listen to you want to help you change your household? [/color] [/size]Dwelling heading is definitely a hectic job of which actually leaves most people angry along with exhausted. It is not an effortless glory that a person can perform inside the blink connected with an eye ball. Being a really make a difference associated with basic fact, sanctioned very strenuous approach in which there will be the possibility to get items destroyed. If you want to wrap the products, you&apos;ll be able to don&apos;t wait however , just what what this leads to is. In due course, a person&apos;s beneficial product might possibly be broken in the event you have a go with back all of them all on your own and not having skilled service. [/color] [/size]Probably may come for a cliché back nonetheless it is the never-ending simple fact that house can be the most significant set for almost any man on the earth. And additionally, no one will treasure when their particular buildings acquired shut down hitting the ground with diverse complications. You have got a lot of weak items of which ought to be packed within a thorough fashion and additionally shifted. A smaller misstep out of your stop or simply carelessness would result in your affect of one&apos;s goods and you simply can not have the funds for so that you can endure loosing a person&apos;s solutions a long time. People support an ideal price in your life together with because of this, you must think of getting into contact with a professional packer in addition to mover that makes it possible take advantage of dwelling shifting. It would judiciously measure every last characteristic with the have and takes advantage of it&apos;s relevant knowledge to create an in-depth solution. [/color] [/size]Pursuing are generally why it&apos;s best to hire your home switching services to a experienced mover in addition to packer: [/color] [/size]1) Reliability : There is certainly a prospect you do not hold the essential working experience or simply required encounter to bunch goods single-handedly and additionally heading all of them all on your own. With the offerings associated with a specialized heading corporation, a solutions would be transported with an unchanged situation. [/color] [/size]2) Reduce your Anxieties -- Don&apos;t be worried anymore car hired a guru offerings of a mover and packer. You have an understanding of that you must worry around the fitness of ones own goods whereas they are appearing packed. A highly trained mover uses the obligation involving back ones items with no trouble to be able to unwind. [/color] [/size]3) Relocating Insurance - A pro mover and packer increases the insurance protection to help her shoppers if ever the goods get hold of damaged resulting from several reason or one other despite the fact that becoming transferred.
</topic_text>
<spam_score>0.00</spam_score>
<post_num>1</post_num>
<post_id>post-1</post_id>
<post_url>http://litecoinforum.org/off-topic/professional-packers-and-movers-benefit-from-property-shifting/</post_url>
<post_date>20161217</post_date>
<post_time>0849</post_time>
<username></username>
<post>
  Chennai [/color] [/size]Or maybe asked yourself exactly why consumers switch their particular houses from one spot even to another? [/color] [/size]The result to help you all the topic would then lie in the memories associated with also have recently been heading collected from one of location for a brand-new choice thanks to some purpose or even one another. A lot of reasons of which express trivial fact the reason why families think about transferring on their own from one destination to one other. Several shift for any brand-new occupation and some would like a good worried modify for their boring lifetime and prefer to get started in all over again. That is definitely talked about together with accomplished. [/color] [/size]Managed you listen to you want to help you change your household? [/color] [/size]Dwelling heading is definitely a hectic job of which actually leaves most people angry along with exhausted. It is not an effortless glory that a person can perform inside the blink connected with an eye ball. Being a really make a difference associated with basic fact, sanctioned very strenuous approach in which there will be the possibility to get items destroyed. If you want to wrap the products, you&apos;ll be able to don&apos;t wait however , just what what this leads to is. In due course, a person&apos;s beneficial product might possibly be broken in the event you have a go with back all of them all on your own and not having skilled service. [/color] [/size]Probably may come for a cliché back nonetheless it is the never-ending simple fact that house can be the most significant set for almost any man on the earth. And additionally, no one will treasure when their particular buildings acquired shut down hitting the ground with diverse complications. You have got a lot of weak items of which ought to be packed within a thorough fashion and additionally shifted. A smaller misstep out of your stop or simply carelessness would result in your affect of one&apos;s goods and you simply can not have the funds for so that you can endure loosing a person&apos;s solutions a long time. People support an ideal price in your life together with because of this, you must think of getting into contact with a professional packer in addition to mover that makes it possible take advantage of dwelling shifting. It would judiciously measure every last characteristic with the have and takes advantage of it&apos;s relevant knowledge to create an in-depth solution. [/color] [/size]Pursuing are generally why it&apos;s best to hire your home switching services to a experienced mover in addition to packer: [/color] [/size]1) Reliability : There is certainly a prospect you do not hold the essential working experience or simply required encounter to bunch goods single-handedly and additionally heading all of them all on your own. With the offerings associated with a specialized heading corporation, a solutions would be transported with an unchanged situation. [/color] [/size]2) Reduce your Anxieties -- Don&apos;t be worried anymore car hired a guru offerings of a mover and packer. You have an understanding of that you must worry around the fitness of ones own goods whereas they are appearing packed. A highly trained mover uses the obligation involving back ones items with no trouble to be able to unwind. [/color] [/size]3) Relocating Insurance - A pro mover and packer increases the insurance protection to help her shoppers if ever the goods get hold of damaged resulting from several reason or one other despite the fact that becoming transferred.
</post>
<signature>

</signature>
<external_links>

</external_links>
<country>US</country>
<main_image></main_image>
</document>
