<?xml version="1.0" encoding="UTF-8"?>
<document>
<type>mainstream</type>
<forum>http://www.dailymail.co.uk/sport/football/articles.rss</forum>
<forum_title>Football Articles | Mail Online</forum_title>
<discussion_title>John Terry trains alone as Chelsea skipper looks to regain match fitness after picking up muscle injury</discussion_title>
<language>english</language>
<gmt_offset></gmt_offset>
<topic_url>http://www.dailymail.co.uk/sport/football/article-4040944/John-Terry-trains-Chelsea-skipper-looks-regain-match-fitness-picking-muscle-injury.html</topic_url>
<topic_text>
Chelsea captain John Terry is back training on his own again after missing the club&apos;s last four games with a gluteal strain. 
The 36-year-old Blues defender took to Instagram on Friday afternoon to post a slow-motion video of himself training alone at Cobham. 
In the social media video, Terry is seen dribbling with the ball and manoeuvring his way through hurdles as he looks to regain his match sharpness. 
Chelsea&apos;s John Terry posted a video of himself training on his own on Friday afternoon
The 36-year-old Blues skipper was seen manoeuvring his way through hurdles
Terry also trained with the ball as he looks to regain his match sharpness
Although he will be as determined as ever to get back into Antonio Conte&apos;s starting line-up, Terry will face a very tough battle to achieve this following Chelsea&apos;s formidable form recently. 
The Stamford Bridge outfit have won ten successive Premier League fixtures, scoring 24 times and conceding only twice. 
Victory over Sunderland was their 10th victory in a row; five more and they’ll have a new Premier League record, surpassing Arsenal’s run of 2002. 
They next face struggling Crystal Palace in the early kick-off on Saturday and will be confident of picking up another league win and maintaining their six-point lead at the top of the table. 
Terry will be as determined as ever to get back playing at Stamford Bridge this season
Terry has missed Chelsea&apos;s last four Premier League games with a gluteal strain
The Chelsea defender will find it very tough to break back into Antonio Conte&apos;s starting line-up
And despite barely playing after having his season plagued by injury, Conte recently gave very high praise to Terry, who is in the final year of his contract and has yet to be offered a new deal by the club. 
Charismatic Conte revealed that his captain has been acting an assistant, helping the manager relay his message to the first team. 
John is our captain,&apos; stressed the Italian. &apos;I think he&apos;s doing a great job when he plays. 
&apos;Now that he is not playing he is helping me a lot in the changing room to send the right message to the players.&apos; 
Although the club are refusing to discuss any extension to his contract at Chelsea until later in the season, Conte also recently insisted that he can take another role in football even if it is not as a player. 
Terry last featured for Chelsea as a substitute in the club&apos;s 5-0 win over Everton
Conte&apos;s in form Chelsea side have impressively won their last ten Premier League fixtures
</topic_text>
<spam_score>0.00</spam_score>
<post_num>3</post_num>
<post_id>post-3</post_id>
<post_url>http://www.dailymail.co.uk/sport/football/article-4040944/John-Terry-trains-Chelsea-skipper-looks-regain-match-fitness-picking-muscle-injury.html#164213034</post_url>
<post_date>20161216</post_date>
<post_time>1531</post_time>
<username>TVOR</username>
<post>
I&apos;m not a fan of him, mainly because of his off field activities, but I admire his profession attitude, and he&apos;s been one hell of a Premier League player, and arguably the best British defender in the last 10 years.
</post>
<signature>

</signature>
<external_links>

</external_links>
<country>GB</country>
<main_image>http://i.dailymail.co.uk/i/pix/2016/12/16/14/3B723FDC00000578-0-image-a-2_1481898612044.jpg</main_image>
</document>
