<?xml version="1.0" encoding="UTF-8"?>
<document>
<type>mainstream</type>
<forum>http://feeds.feedburner.com/TheBestNews</forum>
<forum_title>The Best News</forum_title>
<discussion_title>Πάτρα:Μέχρι τις 16 Ιανουαρίου οι αιτήσεις των πληρωμάτων για το Καρναβάλι του 2017</discussion_title>
<language>greek</language>
<gmt_offset></gmt_offset>
<topic_url>http://www.thebest.gr/news/index/viewStory/420796</topic_url>
<topic_text>
Πάτρα:Μέχρι τις 16 Ιανουαρίου οι αιτήσεις των πληρωμάτων για το Καρναβάλι του 2017 Ξεκίνησαν στις 16 Δεκεμβρίου 
Ξεκίνησε την Παρασκευή 16 Δεκεμβρίου 2016 και θα διαρκέσει μέχρι τη Δευτέρα 16 Ιανουαρίου 2017 η κατάθεση αιτήσεων συμμετοχής των Πληρωμάτων που θέλουν να κρατήσουν τον περσινό αριθμό του Πληρώματός τους, αλλά και των πληρωμάτων που καταθέτουν για πρώτη φορά στις εκδηλώσεις του Πατρινού Καρναβαλιού 2017. 
Οι ενδιαφερόμενοι μπορούν να υποβάλουν τις αιτήσεις συμμετοχής τους μόνο ηλεκτρονικά μέσω της επίσημης ιστοσελίδας του Πατρινού Καρναβαλιού carnivalpatras.gr 
Οι ενδιαφερόμενοι μπορούν να αποκτήσουν πρόσβαση στο σύστημα συμπλήρωσης αίτησης συμμετοχής για τη συμπλήρωση των σχετικών δικαιολογητικών μέσω του link: online.carnivalpatras.gr 
Πληροφορίες στα τηλέφωνα 2610-390915 (Σοφία Μαραχώρη). Το thebest.gr δεν υιοθετεί κατ&apos; ανάγκην, τα σχόλια των αναγνωστών και σε περιπτώσεις υβριστικών, χυδαίων και ανακριβών πληροφοριών θα τα διαγράφει. 
Δημοσιεύτηκε:
</topic_text>
<spam_score>0.00</spam_score>
<post_num>1</post_num>
<post_id>post-1</post_id>
<post_url>http://www.thebest.gr/news/index/viewStory/420796</post_url>
<post_date>20161217</post_date>
<post_time>0839</post_time>
<username>info@thebest.gr ()</username>
<post>
Πάτρα:Μέχρι τις 16 Ιανουαρίου οι αιτήσεις των πληρωμάτων για το Καρναβάλι του 2017 Ξεκίνησαν στις 16 Δεκεμβρίου 
Ξεκίνησε την Παρασκευή 16 Δεκεμβρίου 2016 και θα διαρκέσει μέχρι τη Δευτέρα 16 Ιανουαρίου 2017 η κατάθεση αιτήσεων συμμετοχής των Πληρωμάτων που θέλουν να κρατήσουν τον περσινό αριθμό του Πληρώματός τους, αλλά και των πληρωμάτων που καταθέτουν για πρώτη φορά στις εκδηλώσεις του Πατρινού Καρναβαλιού 2017. 
Οι ενδιαφερόμενοι μπορούν να υποβάλουν τις αιτήσεις συμμετοχής τους μόνο ηλεκτρονικά μέσω της επίσημης ιστοσελίδας του Πατρινού Καρναβαλιού carnivalpatras.gr 
Οι ενδιαφερόμενοι μπορούν να αποκτήσουν πρόσβαση στο σύστημα συμπλήρωσης αίτησης συμμετοχής για τη συμπλήρωση των σχετικών δικαιολογητικών μέσω του link: online.carnivalpatras.gr 
Πληροφορίες στα τηλέφωνα 2610-390915 (Σοφία Μαραχώρη). Το thebest.gr δεν υιοθετεί κατ&apos; ανάγκην, τα σχόλια των αναγνωστών και σε περιπτώσεις υβριστικών, χυδαίων και ανακριβών πληροφοριών θα τα διαγράφει. 
Δημοσιεύτηκε:
</post>
<signature>

</signature>
<external_links>

</external_links>
<country>GR</country>
<main_image>http://cdn.thebest.gr/media/images/original/xoemajonag5854f9959dbc7.jpg</main_image>
</document>
