<?xml version="1.0" encoding="UTF-8"?>
<document>
<type>mainstream</type>
<forum>http://www.theguardian.com/theguardian/2014/sep/10/mainsection/rss</forum>
<forum_title>The Guardian</forum_title>
<discussion_title>I was hired as an assistant, but have ended up doing the job of a manager | Money</discussion_title>
<language>english</language>
<gmt_offset></gmt_offset>
<topic_url>https://www.theguardian.com/money/2016/dec/16/hired-assistant-doing-job-of-manager-pay-rise</topic_url>
<topic_text>
Six months ago I joined a small company as an area assistant. Two months after starting, my area manager was made redundant and I ended up with his workload as well as my own.
He was asked to leave because our company has been purchased by a multinational. The new boss of our company has been working with me for the past few months and I’ve been praised for my work many times. 
However, my duties are obviously way beyond what I was hired to do and I have landed up with an incredible amount of responsibility. I am now doing exactly the same job as the “redundant” area manager but am still, on paper, an “assistant”.
My co-workers also seem to resent the fact I have a good relationship with the boss and I feel this gets in the way of my work. I suppose this is a hangover from the takeover, which caused a lot of worry and was unsettling for everyone. 
I like my position and the upside is that I get to learn and be challenged more than before. However, not surprisingly, I want a pay rise. My boss seems reluctant to discuss this. I only mentioned it once, saying I expected a rise at some point, but that’s all.
What should I do? I can get another job for double the money (I am not exaggerating!) but I enjoy what I do.
Do you need advice on a work issue? For Jeremy’s and readers’ help, send a brief email to dear.jeremy@theguardian.com . Please note that he is unable to answer questions of a legal nature or to reply personally.
</topic_text>
<spam_score>0.00</spam_score>
<post_num>32</post_num>
<post_id>post-32</post_id>
<post_url>https://www.theguardian.com/money/2016/dec/16/hired-assistant-doing-job-of-manager-pay-rise#comment-89625833</post_url>
<post_date>20161216</post_date>
<post_time>2356</post_time>
<username>petermcclure</username>
<post>
I know a woman who was hired as a district manage for a string of high-end shops. 
Her mission when she was hired was to reduce costs, and the obvious first step was to replace as many full-time, permanent employees as possible with part-time workers who didn&apos;t get the extra-cost benefits. Very soon, every shop was down to a manager, an assistant manager, and a whole bunch of occasional workers. 
However, she soon realized that rather than cutting junior staff, it was much more effective to get rid of the experienced, higher-paid managers, so her next step was to force the managers out and promote their assistants at a lower pay grade. 
As a result, experienced people who had been with the company for many years left, but there was little obvious impact on sales since their assistants were already familiar with most of the work. This continued for a number of years, and last I heard, she has so far gotten rid of fifteen senior staff across the western district! 
And when a promoted assistant manager starts asking for a raise, all she has to do is make sure the new assistant knows enough to get by, then get rid of the more expensive staff member. 
It sounds like your present supervisor might be in a similar situation. With your old boss declared &apos;redundant&apos;, it is far less expensive to make you do the work of two as long as you&apos;re willing to take it on. The problem isn&apos;t with him, but with the company, so the question is really whether you want to work for an organization like that. 
If I was you, I&apos;d have the new job all lined up, give your notice, and only stay if you get the raise you deserve and a new position with an irrevocable contract.
</post>
<signature>

</signature>
<external_links>

</external_links>
<country>US</country>
<main_image>https://i.guim.co.uk/img/media/95398edb548772bbebd36e1f8cf9148e223b1e34/0_41_640_384/master/640.jpg?w=1200&amp;amp;h=630&amp;amp;q=55&amp;amp;auto=format&amp;amp;usm=12&amp;amp;fit=crop&amp;amp;crop=faces%2Centropy&amp;amp;bm=normal&amp;amp;ba=bottom%2Cleft&amp;amp;blend64=aHR0cHM6Ly91cGxvYWRzLmd1aW0uY28udWsvMjAxNi8wNS8yNS9vdmVybGF5LWxvZ28tMTIwMC05MF9vcHQucG5n&amp;amp;s=eae3730b9776293eb2cf452624ec4878</main_image>
</document>
