<?xml version="1.0" encoding="UTF-8"?>
<document>
<type>mainstream</type>
<forum>http://www.libya-today.com/feed/</forum>
<forum_title>LIBYA TODAY</forum_title>
<discussion_title>England v India, fifth Test, day two: Adil Rashid and Liam Dawson share 100-run partnership in quest for big total – Telegraph.co.uk</discussion_title>
<language>english</language>
<gmt_offset></gmt_offset>
<topic_url>http://www.libya-today.com/england-v-india-fifth-test-day-two-adil-rashid-and-liam-dawson-share-100-run-partnership-in-quest-for-big-total-telegraph-co-uk/</topic_url>
<topic_text>
England v India, fifth Test, day two: Adil Rashid and Liam Dawson share 100-run partnership in quest for big total Telegraph.co.ukA lovely innings comes to an end in slightly undignified fashion. Rashid attempts to thrash a short, wide one from Umesh outside off stump and only succeeds in tickling it through to Parthiv, who takes a simple catch. FOW 429/8. 8:14AM …
</topic_text>
<spam_score>0.00</spam_score>
<post_num>1</post_num>
<post_id>post-1</post_id>
<post_url>http://www.libya-today.com/england-v-india-fifth-test-day-two-adil-rashid-and-liam-dawson-share-100-run-partnership-in-quest-for-big-total-telegraph-co-uk/</post_url>
<post_date>20161217</post_date>
<post_time>0821</post_time>
<username>Editor-In-Chief</username>
<post>
England v India, fifth Test, day two: Adil Rashid and Liam Dawson share 100-run partnership in quest for big total Telegraph.co.ukA lovely innings comes to an end in slightly undignified fashion. Rashid attempts to thrash a short, wide one from Umesh outside off stump and only succeeds in tickling it through to Parthiv, who takes a simple catch. FOW 429/8. 8:14AM …
</post>
<signature>

</signature>
<external_links>

</external_links>
<country>US</country>
<main_image>http://www.libya-today.com/wp-content/plugins/all-in-one-seo-pack-pro/images/default-user-image.png</main_image>
</document>
