<?xml version="1.0" encoding="UTF-8"?>
<document>
<type>mainstream</type>
<forum>http://www.majorspoilers.com/comments/feed/</forum>
<forum_title>Comments for Major Spoilers</forum_title>
<discussion_title>Comment on [Music] Friday Sing-Along: My Hero, Zero by b003</discussion_title>
<language>english</language>
<gmt_offset></gmt_offset>
<topic_url>http://majorspoilers.com/2016/12/16/music-friday-sing-along-hero-zero/</topic_url>
<topic_text>
Stephen Schleicher Stephen Schleicher 2016-12-16 
Lately, I haven’t been able to get My Hero, Zero out of my head. The classic Schoolhouse Rock song helped us learn that instead of counting on our fingers and toes we could use the power of 10 to change math completely. 
Forty-three years later, Schoolhouse Rock still manages to teach, keep our toes a tapping, and gives us a nexus for pop culture. With 64 3-minute segments, Schoolhouse Rock may be one of the best educational tools we’ve ever had., but I wonder if we have anything like Schoolhouse Rock today? Share this:
</topic_text>
<spam_score>0.00</spam_score>
<post_num>1</post_num>
<post_id>post-1</post_id>
<post_url>http://majorspoilers.com/2016/12/16/music-friday-sing-along-hero-zero/</post_url>
<post_date>20161217</post_date>
<post_time>0115</post_time>
<username>b003</username>
<post>
Stephen Schleicher Stephen Schleicher 2016-12-16 
Lately, I haven’t been able to get My Hero, Zero out of my head. The classic Schoolhouse Rock song helped us learn that instead of counting on our fingers and toes we could use the power of 10 to change math completely. 
Forty-three years later, Schoolhouse Rock still manages to teach, keep our toes a tapping, and gives us a nexus for pop culture. With 64 3-minute segments, Schoolhouse Rock may be one of the best educational tools we’ve ever had., but I wonder if we have anything like Schoolhouse Rock today? Share this:
</post>
<signature>

</signature>
<external_links>

</external_links>
<country></country>
<main_image>http://majorspoilers.com/wp-content/uploads/2016/12/MyHeroZero.jpg</main_image>
</document>
