<?xml version="1.0" encoding="UTF-8"?>
<document>
<type>mainstream</type>
<forum>http://www.framtidinord.no/?widgetName=polarisFeeds&amp;widgetId=6351127&amp;getXmlFeed=true</forum>
<forum_title>framtidinord RSS</forum_title>
<discussion_title>Tap for Martinsen og Avalanche</discussion_title>
<language>norwegian</language>
<gmt_offset></gmt_offset>
<topic_url>http://www.framtidinord.no/ntb/sport/2016/12/17/Tap-for-Martinsen-og-Avalanche-13945288.ece</topic_url>
<topic_text>
  Tap for Martinsen og Avalanche Tap for Martinsen og Avalanche Andreas Martinsen og hans lagkamerater i NHL-klubben Colorado Avalanche tapte 1-3 for Florida Panthers fredag. sport  35  52 
Martinsen var på isen i drøye seks minutter i en kamp der Avalanche tok ledelsen ved Fedor Tyutin midtveis i annen periode. 
Panthers slo imidlertid tilbake ved Jason Demers mot slutten av samme periode, og i sluttperioden fulgte ytterligere to mål til hjemmelaget. Reilly Smith og Michael Matheson sto bak dem. 
Storstjernen Jaromír Jágr fikk ikke notert noen målpoeng for Panthers i fredagens kamp. Dermed er han fortsatt tre poeng bak Mark Messier i kampen om å bli NHLs nest mestscorende spiller gjennom tidene. 
Jagr har nå 1884 poeng. 
(©NTB) {{item.title}} 
 
</topic_text>
<spam_score>0.00</spam_score>
<post_num>1</post_num>
<post_id>post-1</post_id>
<post_url>http://www.framtidinord.no/ntb/sport/2016/12/17/Tap-for-Martinsen-og-Avalanche-13945288.ece</post_url>
<post_date>20161217</post_date>
<post_time>0835</post_time>
<username></username>
<post>
  Tap for Martinsen og Avalanche Tap for Martinsen og Avalanche Andreas Martinsen og hans lagkamerater i NHL-klubben Colorado Avalanche tapte 1-3 for Florida Panthers fredag. sport  35  52 
Martinsen var på isen i drøye seks minutter i en kamp der Avalanche tok ledelsen ved Fedor Tyutin midtveis i annen periode. 
Panthers slo imidlertid tilbake ved Jason Demers mot slutten av samme periode, og i sluttperioden fulgte ytterligere to mål til hjemmelaget. Reilly Smith og Michael Matheson sto bak dem. 
Storstjernen Jaromír Jágr fikk ikke notert noen målpoeng for Panthers i fredagens kamp. Dermed er han fortsatt tre poeng bak Mark Messier i kampen om å bli NHLs nest mestscorende spiller gjennom tidene. 
Jagr har nå 1884 poeng. 
(©NTB) {{item.title}} 
 
</post>
<signature>

</signature>
<external_links>

</external_links>
<country>NO</country>
<main_image>http://www.framtidinord.no/incoming/article13945287.ece/sl65jr/BINARY/w980/high_tb9200ea.jpg</main_image>
</document>
