<?xml version="1.0" encoding="UTF-8"?>
<document>
<type>mainstream</type>
<forum>http://mattapoisett.wickedlocal.com/news?template=rss&amp;mime=xml</forum>
<forum_title>News - Wicked Local Mattapoisett</forum_title>
<discussion_title>PHOTOS: Old Rochester Regional Junior High School Holiday Concert</discussion_title>
<language>english</language>
<gmt_offset></gmt_offset>
<topic_url>http://mattapoisett.wickedlocal.com/news/20161216/photos-old-rochester-regional-junior-high-school-holiday-concert</topic_url>
<topic_text>
PHOTOS: Old Rochester Regional Junior High School Holiday Concert   6:19 PM Dec 16, 2016 at 6:19 PM 
MATTAPOISETT - The Old Rochester Regional Junior High School Holiday Concert was held Thursday, Dec. 15, under music directors James Farmer and Angie Vaughn, with accompanist Michelle Gordon. 
There were performances by the Jazz Band, Seventh Grade Concert Band, Chorus and Eighth Grade Concert Band. 
Selections included Santa&apos;s Blues, Grandma Got Run Over by a Reindeer, March of the Kings, Hannukah Shalom, Sleigh Ride, and You&apos;re a Mean One Mr. Grinch. 
Congratulations were also extended to students who were accepted to perform at the Southeast District Junior Music Festival in March: 
Taylor Amaral - Treble Chorus
</topic_text>
<spam_score>0.00</spam_score>
<post_num>1</post_num>
<post_id>post-1</post_id>
<post_url>http://mattapoisett.wickedlocal.com/news/20161216/photos-old-rochester-regional-junior-high-school-holiday-concert</post_url>
<post_date>20161216</post_date>
<post_time>2319</post_time>
<username></username>
<post>
PHOTOS: Old Rochester Regional Junior High School Holiday Concert   6:19 PM Dec 16, 2016 at 6:19 PM 
MATTAPOISETT - The Old Rochester Regional Junior High School Holiday Concert was held Thursday, Dec. 15, under music directors James Farmer and Angie Vaughn, with accompanist Michelle Gordon. 
There were performances by the Jazz Band, Seventh Grade Concert Band, Chorus and Eighth Grade Concert Band. 
Selections included Santa&apos;s Blues, Grandma Got Run Over by a Reindeer, March of the Kings, Hannukah Shalom, Sleigh Ride, and You&apos;re a Mean One Mr. Grinch. 
Congratulations were also extended to students who were accepted to perform at the Southeast District Junior Music Festival in March: 
Taylor Amaral - Treble Chorus
</post>
<signature>

</signature>
<external_links>

</external_links>
<country>US</country>
<main_image>http://mattapoisett.wickedlocal.com/storyimage/WL/20161216/NEWS/161217482/AR/0/AR-161217482.jpg</main_image>
</document>
