<?xml version="1.0" encoding="UTF-8"?>
<document>
<type>mainstream</type>
<forum>http://vesti.mk/rss/miks</forum>
<forum_title>VESTI.MK - Микс</forum_title>
<discussion_title>Ова се најиграните натпревари за денес (17.12) (Тип)</discussion_title>
<language>macedonian</language>
<gmt_offset></gmt_offset>
<topic_url>http://vesti.mk/news/11369946/ova-se-najigranite-natprevari-za-denes-17-12</topic_url>
<topic_text>
Ова се најиграните натпревари за денес (17.12) пред еден час - Тип - Спорт Кристал Палас – Челзи 2 ВБА – Манчестер Јунајтед 2 Дармштад – Баерн Минхен 2 Гингамп – ПСЖ 2 Атлетико Мадрид – Лас... се вчитува...
</topic_text>
<spam_score>0.00</spam_score>
<post_num>1</post_num>
<post_id>post-1</post_id>
<post_url>http://vesti.mk/news/11369946/ova-se-najigranite-natprevari-za-denes-17-12</post_url>
<post_date>20161217</post_date>
<post_time>0855</post_time>
<username></username>
<post>
Ова се најиграните натпревари за денес (17.12) пред еден час - Тип - Спорт Кристал Палас – Челзи 2 ВБА – Манчестер Јунајтед 2 Дармштад – Баерн Минхен 2 Гингамп – ПСЖ 2 Атлетико Мадрид – Лас... се вчитува...
</post>
<signature>

</signature>
<external_links>

</external_links>
<country>MK</country>
<main_image>http://tip.com.mk/wp-content/uploads/2016/08/Untitled-37.png</main_image>
</document>
