<?xml version="1.0" encoding="UTF-8"?>
<document>
<type>mainstream</type>
<forum>http://english.aawsat.com/feed</forum>
<forum_title>ASHARQ AL-AWSAT English</forum_title>
<discussion_title>Turkish Car Bomb Attack Kills 13 Soldiers, Wounds 48</discussion_title>
<language>english</language>
<gmt_offset></gmt_offset>
<topic_url>http://english.aawsat.com/2016/12/article55364050/turkish-car-bomb-attack-kills-13-soldiers-wounds-48</topic_url>
<topic_text>
December 17, 2016 1 A public bus is burning at the scene of a car bomb attack in central Anatolian city of Kayseri, Turkey, Saturday, Dec. 17, 2016. A public bus was heavily damaged and dear and injured were reported. Turkish authorities have banned distribution of images relating to the Istanbul explosions within Turkey. (IHA via AP) (Associated Press) Turkish Car Bomb Attack Kills 13 Soldiers, Wounds 48 - Trump   
Thirteen Turkish troops were killed and 48 more were injured when a car bomb hit a bus transporting off-duty military personnel in the in the central Anatolian province of Kayseri on Saturday, the Turkish military reported. 
In a statement, the Turkish armed forces said the car bomb attack went off at 8:45 am and targeted on-leave military personnel from the Kayseri Commando Brigade. 
The blast took place near the campus of Erciyes University in Kayseri hit as the bus passed by a car believed to be packed with explosives, Turkey’s Dogan news agency said. 
No immediate claim of responsibility was claimed, but Deputy Prime Minister Veysi Kaynak suggested a link between the bus attack and the twin bombings outside the stadium of Istanbul soccer team Besiktas last Saturday – which were later claimed by an offshoot of the militant Kurdistan Workers Party (PKK). 
“The car bomb attack resembles the Besiktas attack in terms of its style,” he told a group of reporters. 
Kaynak added that such attacks would not put Turkey off of its goal of fighting militancy. 
Turkey is a member of NATO and partner in the U.S.-led coalition against ISIS terrorist group, which has been blamed for multiple attacks in Turkey. Asharq Al-Awsat English 
 
</topic_text>
<spam_score>0.00</spam_score>
<post_num>1</post_num>
<post_id>post-1</post_id>
<post_url>http://english.aawsat.com/2016/12/article55364050/turkish-car-bomb-attack-kills-13-soldiers-wounds-48</post_url>
<post_date>20161217</post_date>
<post_time>0916</post_time>
<username>Asharq Al-Awsat English</username>
<post>
December 17, 2016 1 A public bus is burning at the scene of a car bomb attack in central Anatolian city of Kayseri, Turkey, Saturday, Dec. 17, 2016. A public bus was heavily damaged and dear and injured were reported. Turkish authorities have banned distribution of images relating to the Istanbul explosions within Turkey. (IHA via AP) (Associated Press) Turkish Car Bomb Attack Kills 13 Soldiers, Wounds 48 - Trump   
Thirteen Turkish troops were killed and 48 more were injured when a car bomb hit a bus transporting off-duty military personnel in the in the central Anatolian province of Kayseri on Saturday, the Turkish military reported. 
In a statement, the Turkish armed forces said the car bomb attack went off at 8:45 am and targeted on-leave military personnel from the Kayseri Commando Brigade. 
The blast took place near the campus of Erciyes University in Kayseri hit as the bus passed by a car believed to be packed with explosives, Turkey’s Dogan news agency said. 
No immediate claim of responsibility was claimed, but Deputy Prime Minister Veysi Kaynak suggested a link between the bus attack and the twin bombings outside the stadium of Istanbul soccer team Besiktas last Saturday – which were later claimed by an offshoot of the militant Kurdistan Workers Party (PKK). 
“The car bomb attack resembles the Besiktas attack in terms of its style,” he told a group of reporters. 
Kaynak added that such attacks would not put Turkey off of its goal of fighting militancy. 
Turkey is a member of NATO and partner in the U.S.-led coalition against ISIS terrorist group, which has been blamed for multiple attacks in Turkey. Asharq Al-Awsat English 
 
</post>
<signature>

</signature>
<external_links>

</external_links>
<country>IE</country>
<main_image>http://english.aawsat.com/wp-content/uploads/2016/12/Turkey_Explosion_57265.jpg-ed1bb.jpg</main_image>
</document>
