<?xml version="1.0" encoding="UTF-8"?>
<document>
<type>mainstream</type>
<forum>http://weekweek.org/feed</forum>
<forum_title>WeekWeek - Download Tech House Techno Deep Minimal House</forum_title>
<discussion_title>Resident Advisor Top Charted Tracks In 2016</discussion_title>
<language>english</language>
<gmt_offset></gmt_offset>
<topic_url>http://weekweek.org/2016/12/resident-advisor-top-charted-tracks-in-2016/</topic_url>
<topic_text>
Title: Resident Advisor Top Charted Tracks In 2016 Genre: House, Techno, Tech House, Deep, Electronica, Minimal, Progressive Quality: 320 kbps 
Frank Wiedemann – Moorthon II (Original Mix) Alex Grekov – Control (Original Mix) Pan Pot – Sleepless (Stephan Bodzin Remix) Eagles, Butterflies – Shinto (Original Mix) Midland – Blush (Original Mix) Fort Romeau – Secrets &amp; Lies (Original Mix) Gorge – Tayo (Original Mix) DJ Tennis – Chirality (Original Mix) Monoloc – Trysome (Original Mix) Heiko Laux – Dry Me (Acid Mix) Kink – Chorus (Original Mix) Etapp Kyle – Continuum (Original Mix) Truncate – 86 (Original Mix) Etapp Kyle – Opto (Original Mix) Eagles &amp; Butterflies – X (Original Mix) Aiken – Inductive (Original Mix) Till Von Sein – U n U (Original Mix) Pisetzky – Adria (Original Mix) Mr G – Transient (Original Mix) Frankey and Sandrino – Hydrae (Original Mix) Radio Slave – Vision (Marcel Dettmann Remix) Shdw, Obscure Shape – Die Weisse Rose (Original Mix) Heiko Laux – Dry Me (Original Mix) Dinky – Casa (Axel Boman Dub Mix) Lee Van Dowski – Elle (Original Mix) Robert Hood – Lockers (Original Mix)&amp;Me – Shadows (Original Mix) Olderic, Peter Pardeike – Connaisseur (Original Mix) DJ Deep – Stressed (Original Mix) Kerrier District – Techno Disco (Kink Remix) Yotam Avni – Pentimento (Original Mix) Josh Wink – Denial (L.B. Dub Corporation Remix) Human Machine – Africa (Original Mix) Dorisburg – Irrbloss (Original Mix) Mano Le Tough – Energy Flow (DJ Kozes Splasher Remix) Konrad Black – Scorched Earth (Barac Interpretation) Isaac Tichauer – Higher Level (Bicep Remix) Hyenah – Soak It feat. Nonku (Andre Lodemann Remix) Baikal – Pelicans Flight (Original Mix) 808 State – In Yer Face (Bicep Remix) DJ Tennis – Divisions (Roman Flugel Remix) Patrice Baumel – Surge (Original Mix) Zadig – The Stellar Hunter (Original Mix) El Txef A – Mugarrirantz feat. Napoka Iria (Dave Dk Remix) Ed Davenport – Silver Walks (Original Mix) Keith Carnal – Racidence (Original Mix) Moonwalk – Meteora (Original Mix) Adriatique – Soul Valley (Original Mix) Anna – Odd Concept (Original Mix) Afriqua – Drive (Original Mix) Pig&amp;Dan – Growler (Original Mix) Hyenah – The Idea (Frankey &amp; Sandrino Remix) Amotik – Barah (Original Mix) Adam Port, Here Is Why – Tonight (Adam Ports 12 Autobahn Edit) Avalon Emerson – The Frontier (Original Mix) Rodriguez Jr – Petropolis (Original Mix) Yotam Avni – Pentimento (Joaquin Joe Claussells Divergent Mix) Cleric – 2nd Limit Dax J – The Wonk (Original Mix) Stenny – Consumers Tool (Original Mix) Alex Smoke – Dire Need (Tale Of Us Remix) Human Machine – The Mule (Original Mix) DJ Sotofett – Current 82 (12 Mix) Midland – Final Credits (Original Mix) Kurt Baggaley – Winterland (Patlac Edition) Call Super – Nervous Sex Traffic (Original Mix) Voog Moyager – Deep Thing (Original Mix) Sidney Charles – I Need You (Original Mix) Bob Moses – Tearing Me Up (Tale of Us Remix) D.Y.A – Do It (Original Mix) Surgeon – Search (Original Mix) Woo York – Poseidon (Original Mix) Recondite – Warg (Original Mix) Guy Gerber – Secret Encounters (Original Mix) WhoMadeWho – Hi &amp; Low (Konstantin Sibold Acid Mix) DJ 3000 – Take Me Away (Truncate Remix)&amp;Me – Cape Coast (Original Mix) Marc Romboy, Stephan Bodzin – Atlas (Adriatique Remix) Kink – Valentines Groove (Original Mix) Vaal – Wander To Hell (Locked Groove Remix) Konstantin Sibold – Mutter (Original Mix) Basti Grub, Natch &amp; Dothen – Oh Baby Dance (Original Mix)
</topic_text>
<spam_score>0.00</spam_score>
<post_num>1</post_num>
<post_id>post-1</post_id>
<post_url>http://weekweek.org/2016/12/resident-advisor-top-charted-tracks-in-2016/</post_url>
<post_date>20161216</post_date>
<post_time>1658</post_time>
<username>!</username>
<post>
Title: Resident Advisor Top Charted Tracks In 2016 Genre: House, Techno, Tech House, Deep, Electronica, Minimal, Progressive Quality: 320 kbps 
Frank Wiedemann – Moorthon II (Original Mix) Alex Grekov – Control (Original Mix) Pan Pot – Sleepless (Stephan Bodzin Remix) Eagles, Butterflies – Shinto (Original Mix) Midland – Blush (Original Mix) Fort Romeau – Secrets &amp; Lies (Original Mix) Gorge – Tayo (Original Mix) DJ Tennis – Chirality (Original Mix) Monoloc – Trysome (Original Mix) Heiko Laux – Dry Me (Acid Mix) Kink – Chorus (Original Mix) Etapp Kyle – Continuum (Original Mix) Truncate – 86 (Original Mix) Etapp Kyle – Opto (Original Mix) Eagles &amp; Butterflies – X (Original Mix) Aiken – Inductive (Original Mix) Till Von Sein – U n U (Original Mix) Pisetzky – Adria (Original Mix) Mr G – Transient (Original Mix) Frankey and Sandrino – Hydrae (Original Mix) Radio Slave – Vision (Marcel Dettmann Remix) Shdw, Obscure Shape – Die Weisse Rose (Original Mix) Heiko Laux – Dry Me (Original Mix) Dinky – Casa (Axel Boman Dub Mix) Lee Van Dowski – Elle (Original Mix) Robert Hood – Lockers (Original Mix)&amp;Me – Shadows (Original Mix) Olderic, Peter Pardeike – Connaisseur (Original Mix) DJ Deep – Stressed (Original Mix) Kerrier District – Techno Disco (Kink Remix) Yotam Avni – Pentimento (Original Mix) Josh Wink – Denial (L.B. Dub Corporation Remix) Human Machine – Africa (Original Mix) Dorisburg – Irrbloss (Original Mix) Mano Le Tough – Energy Flow (DJ Kozes Splasher Remix) Konrad Black – Scorched Earth (Barac Interpretation) Isaac Tichauer – Higher Level (Bicep Remix) Hyenah – Soak It feat. Nonku (Andre Lodemann Remix) Baikal – Pelicans Flight (Original Mix) 808 State – In Yer Face (Bicep Remix) DJ Tennis – Divisions (Roman Flugel Remix) Patrice Baumel – Surge (Original Mix) Zadig – The Stellar Hunter (Original Mix) El Txef A – Mugarrirantz feat. Napoka Iria (Dave Dk Remix) Ed Davenport – Silver Walks (Original Mix) Keith Carnal – Racidence (Original Mix) Moonwalk – Meteora (Original Mix) Adriatique – Soul Valley (Original Mix) Anna – Odd Concept (Original Mix) Afriqua – Drive (Original Mix) Pig&amp;Dan – Growler (Original Mix) Hyenah – The Idea (Frankey &amp; Sandrino Remix) Amotik – Barah (Original Mix) Adam Port, Here Is Why – Tonight (Adam Ports 12 Autobahn Edit) Avalon Emerson – The Frontier (Original Mix) Rodriguez Jr – Petropolis (Original Mix) Yotam Avni – Pentimento (Joaquin Joe Claussells Divergent Mix) Cleric – 2nd Limit Dax J – The Wonk (Original Mix) Stenny – Consumers Tool (Original Mix) Alex Smoke – Dire Need (Tale Of Us Remix) Human Machine – The Mule (Original Mix) DJ Sotofett – Current 82 (12 Mix) Midland – Final Credits (Original Mix) Kurt Baggaley – Winterland (Patlac Edition) Call Super – Nervous Sex Traffic (Original Mix) Voog Moyager – Deep Thing (Original Mix) Sidney Charles – I Need You (Original Mix) Bob Moses – Tearing Me Up (Tale of Us Remix) D.Y.A – Do It (Original Mix) Surgeon – Search (Original Mix) Woo York – Poseidon (Original Mix) Recondite – Warg (Original Mix) Guy Gerber – Secret Encounters (Original Mix) WhoMadeWho – Hi &amp; Low (Konstantin Sibold Acid Mix) DJ 3000 – Take Me Away (Truncate Remix)&amp;Me – Cape Coast (Original Mix) Marc Romboy, Stephan Bodzin – Atlas (Adriatique Remix) Kink – Valentines Groove (Original Mix) Vaal – Wander To Hell (Locked Groove Remix) Konstantin Sibold – Mutter (Original Mix) Basti Grub, Natch &amp; Dothen – Oh Baby Dance (Original Mix)
</post>
<signature>

</signature>
<external_links>

</external_links>
<country>RU</country>
<main_image></main_image>
</document>
