<?xml version="1.0" encoding="UTF-8"?>
<document>
<type>mainstream</type>
<forum>http://navbharattimes.indiatimes.com/rssfeedstopstories.cms</forum>
<forum_title>The Navbharattimes</forum_title>
<discussion_title>rajasthan hc pulls up robert vadra firm in money laundering case</discussion_title>
<language>hindi</language>
<gmt_offset></gmt_offset>
<topic_url>http://navbharattimes.indiatimes.com/state/rajasthan/jaipur/rajasthan-hc-pulls-up-robert-vadra-firm-in-money-laundering-case/articleshow/56033589.cms</topic_url>
<topic_text>
जयपुर 
प्रधानमंत्री नरेंद्र मोदी के &apos;निजी भ्रष्टाचार&apos; की जानकारी होने का दावा कर रहे कांग्रेस उपाध्यक्ष राहुल गांधी अपने जीजा और बिजनसमैन रॉबर्ट वाड्रा के चलते फिर असहज हो सकते हैं। राजस्थान हाई कोर्ट ने वाड्रा से जुड़ी कंपनी स्काई लाइट हॉस्पिटैलिटी प्राइवेट लिमिटेड के अधिकारियों को निर्देश दिया है कि वे जांच के लिए प्रवर्तन निदेशालय के सामने पेश हों। कोर्ट ने उन्हें 4 जनवरी से 6 जनवरी, 2017 के बीच जांच एजेंसी के पास अपना बयान दर्ज कराने को कहा है।

यह भी पढ़ें: नोटबंदी को लेकर वाड्रा का मोदी पर निशाना 

बता दें कि इसके पहले स्काई लाइट हॉस्पिटैलिटी प्राइवेट लिमिटेड ने प्रवर्तन निदेशालय के समन को चुनौती देते हुए हाई कोर्ट में याचिका दायर की थी। बीकानेर जिले में जमीन की खरीद को लेकर कंपनी पर मनी लॉन्ड्रिंग में शामिल होने का आरोप है और ईडी इस मामले की जांच कर रहा है। अदालत ने कंपनी के अधिकारियों से कहा है कि वे प्रवर्तन निदेशालय के सामने पूछताछ के लिए पेश हों।

यह भी पढ़ें: नोटबंदी पर आक्रामक राहुल की नजर अब गुजरात पर 

हमारे सहयोगी चैनल टाइम्स नाउ के मुताबिक, याचिका को खारिज करते हुए जस्टिस पीके लोहरा ने कहा कि जांच के लिए भेजे गए समन को चुनौती देने की बजाय उसका सम्मान किया जाना चाहिए। हालांकि अदालत ने यह भी कहा कि अधिकारियों से पूछताछ उनके वकील की मौजूदगी में की जाए।

यह भी पढ़ें: नोटबंदी पर राहुल गांधी का पीएम मोदी पर हमला 

बता दें कि हाल ही में वाड्रा ने नोटबंदी को लेकर फेसबुक पोस्ट के जरिए मोदी पर निशाना साधा था। उन्होंने लिखा था, &apos;बैंकों और एटीएम के सामने लगी कतारें खत्म होने का नाम नहीं ले रहीं।&apos; कांग्रेस भी नोटबंदी को लेकर संसद से सड़क तक सरकार के खिलाफ आक्रामक रुख अपनाए हुए हैं। ऐसे में वाड्रा से जुड़ी कंपनी पर लगे आरोपों के फिर सुर्खियों में आने से पार्टी के लिए असहज स्थिति बन सकती है।
</topic_text>
<spam_score>0.00</spam_score>
<post_num>1</post_num>
<post_id>post-1</post_id>
<post_url>http://navbharattimes.indiatimes.com/state/rajasthan/jaipur/rajasthan-hc-pulls-up-robert-vadra-firm-in-money-laundering-case/articleshow/56033589.cms</post_url>
<post_date>20161217</post_date>
<post_time>1411</post_time>
<username>timesofindia.indiatimes.com</username>
<post>
जयपुर 
प्रधानमंत्री नरेंद्र मोदी के &apos;निजी भ्रष्टाचार&apos; की जानकारी होने का दावा कर रहे कांग्रेस उपाध्यक्ष राहुल गांधी अपने जीजा और बिजनसमैन रॉबर्ट वाड्रा के चलते फिर असहज हो सकते हैं। राजस्थान हाई कोर्ट ने वाड्रा से जुड़ी कंपनी स्काई लाइट हॉस्पिटैलिटी प्राइवेट लिमिटेड के अधिकारियों को निर्देश दिया है कि वे जांच के लिए प्रवर्तन निदेशालय के सामने पेश हों। कोर्ट ने उन्हें 4 जनवरी से 6 जनवरी, 2017 के बीच जांच एजेंसी के पास अपना बयान दर्ज कराने को कहा है।

यह भी पढ़ें: नोटबंदी को लेकर वाड्रा का मोदी पर निशाना 

बता दें कि इसके पहले स्काई लाइट हॉस्पिटैलिटी प्राइवेट लिमिटेड ने प्रवर्तन निदेशालय के समन को चुनौती देते हुए हाई कोर्ट में याचिका दायर की थी। बीकानेर जिले में जमीन की खरीद को लेकर कंपनी पर मनी लॉन्ड्रिंग में शामिल होने का आरोप है और ईडी इस मामले की जांच कर रहा है। अदालत ने कंपनी के अधिकारियों से कहा है कि वे प्रवर्तन निदेशालय के सामने पूछताछ के लिए पेश हों।

यह भी पढ़ें: नोटबंदी पर आक्रामक राहुल की नजर अब गुजरात पर 

हमारे सहयोगी चैनल टाइम्स नाउ के मुताबिक, याचिका को खारिज करते हुए जस्टिस पीके लोहरा ने कहा कि जांच के लिए भेजे गए समन को चुनौती देने की बजाय उसका सम्मान किया जाना चाहिए। हालांकि अदालत ने यह भी कहा कि अधिकारियों से पूछताछ उनके वकील की मौजूदगी में की जाए।

यह भी पढ़ें: नोटबंदी पर राहुल गांधी का पीएम मोदी पर हमला 

बता दें कि हाल ही में वाड्रा ने नोटबंदी को लेकर फेसबुक पोस्ट के जरिए मोदी पर निशाना साधा था। उन्होंने लिखा था, &apos;बैंकों और एटीएम के सामने लगी कतारें खत्म होने का नाम नहीं ले रहीं।&apos; कांग्रेस भी नोटबंदी को लेकर संसद से सड़क तक सरकार के खिलाफ आक्रामक रुख अपनाए हुए हैं। ऐसे में वाड्रा से जुड़ी कंपनी पर लगे आरोपों के फिर सुर्खियों में आने से पार्टी के लिए असहज स्थिति बन सकती है।
</post>
<signature>

</signature>
<external_links>

</external_links>
<country>IN</country>
<main_image>http://navbharattimes.indiatimes.com/thumb/msid-56033749,width-300,resizemode-4/state/rajasthan/jaipur/rajasthan-hc-pulls-up-robert-vadra-firm-in-money-laundering-case.jpg</main_image>
</document>
