<?xml version="1.0" encoding="UTF-8"?>
<document>
<type>mainstream</type>
<forum>http://biz.chosun.com/site/data/rss/rss.xml</forum>
<forum_title>조선비즈</forum_title>
<discussion_title>[Weekly BIZ] 위클리비즈 영인본 판매 중</discussion_title>
<language>korean</language>
<gmt_offset></gmt_offset>
<topic_url>http://biz.chosun.com/site/data/html_dir/2016/12/16/2016121601770.html</topic_url>
<topic_text>
[Weekly BIZ] 위클리비즈 영인본 판매 중 기사 입력 : 2016.12.17 03:00 
조선일보의 주말 프리미엄 경제·경영 섹션인 위클리비즈가 창간 10주년을 맞아 &apos;위클리비즈 영인본&apos;을 출간, 판매 중입니다.2006년부터 세계 경제·경영의 흐름과 시대가 요구하는 리더십, 기업의 성공 비결 등을 담은 영인본은 경영 기획과 임직원 교육에 최적화된 프리미엄 콘텐츠의 보고(寶庫)입니다. 창간호부터 작년 말까지 게재한 기사를 1년 단위로 한 권씩 묶고, 활용법과 기업·인물·필자·키워드별 색인(索引)을 담아 제작한 가이드북을 포함해 총 10권이 한 질입니다. 최근 연말연시 선물용으로 호평받고 있습니다. 독자 여러분의 많은 관심 바랍니다.▲ 판매 가격: 한 질(10권)당 20만원 ▲ 구입 문의: (02)724-6176
</topic_text>
<spam_score>0.00</spam_score>
<post_num>1</post_num>
<post_id>post-1</post_id>
<post_url>http://biz.chosun.com/site/data/html_dir/2016/12/16/2016121601770.html</post_url>
<post_date>20161216</post_date>
<post_time>1800</post_time>
<username></username>
<post>
[Weekly BIZ] 위클리비즈 영인본 판매 중 기사 입력 : 2016.12.17 03:00 
조선일보의 주말 프리미엄 경제·경영 섹션인 위클리비즈가 창간 10주년을 맞아 &apos;위클리비즈 영인본&apos;을 출간, 판매 중입니다.2006년부터 세계 경제·경영의 흐름과 시대가 요구하는 리더십, 기업의 성공 비결 등을 담은 영인본은 경영 기획과 임직원 교육에 최적화된 프리미엄 콘텐츠의 보고(寶庫)입니다. 창간호부터 작년 말까지 게재한 기사를 1년 단위로 한 권씩 묶고, 활용법과 기업·인물·필자·키워드별 색인(索引)을 담아 제작한 가이드북을 포함해 총 10권이 한 질입니다. 최근 연말연시 선물용으로 호평받고 있습니다. 독자 여러분의 많은 관심 바랍니다.▲ 판매 가격: 한 질(10권)당 20만원 ▲ 구입 문의: (02)724-6176
</post>
<signature>

</signature>
<external_links>

</external_links>
<country>KR</country>
<main_image>http://image.chosun.com/sitedata/image/201612/16/2016121601666_0.jpg</main_image>
</document>
