<?xml version="1.0" encoding="UTF-8"?>
<document>
<type>mainstream</type>
<forum>http://biz.chosun.com/site/data/rss/rss.xml</forum>
<forum_title>조선비즈</forum_title>
<discussion_title>L당 32.6㎞… 기아車 니로, 기네스북에 올라</discussion_title>
<language>korean</language>
<gmt_offset></gmt_offset>
<topic_url>http://biz.chosun.com/site/data/html_dir/2016/12/17/2016121700045.html</topic_url>
<topic_text>
L당 32.6㎞… 기아車 니로, 기네스북에 올라 신은진 기자 입력 : 2016.12.17 03:00 美서 가장 높은 연비 기록 기아자동차 하이브리드 SUV(스포츠유틸리티차량) 니로(Niro)가 시범 주행에서 지금까지 미국 출시 전체 차종(車種) 가운데 가장 높은 연비를 기록, 기네스북에 이름을 올렸다. L당 32.6㎞였다. ▲ 기아차는 2017년형 SUV &apos;니로&apos;가 미국에서 출시된 차종 가운데 가장 높은 연비로 국제 기네스북에 등재됐다고 15일(현지 시각) 밝혔다. /기아차 16일 기아차 미국판매법인(KMA)에 따르면 니로는 지난 4일(현지 시각) 로스앤젤레스(LA) 시청을 출발해 3714.5마일(5977.9㎞)을 달려 11일 뉴욕시청에 도착했는데, 사용한 휘발유는 48.5갤런(183.6L)이었다. 평균 연비가 L당 32.6㎞였던 셈이다. 실제 니로의 미국 공인 복합연비는 L당 20.8㎞인데 이보다 50% 이상 높은 수치가 나온 것. 기아차 측은 &quot;공인 연비는 일정 조건을 정해놓고 측정하기 때문에 운전자의 운전 습관이나 도로 환경에 따라 실제 연비는 더 높거나 낮게 나올 수 있다&quot;면서 &quot;이번에 니로를 8일 동안 몬 운전자 2명은 연비 운전 전문가들&quot;이라고 설명했다.이에 앞서 기아차는 2011년에도 K5 하이브리드로 미국 48개 주 1만2710㎞를 완주하며 평균 연비 L당 27.46㎞를 달성, 기네스 세계기록을 수립한 바 있다. Copyright ⓒ 조선일보 &amp; Chosun.com
</topic_text>
<spam_score>0.00</spam_score>
<post_num>1</post_num>
<post_id>post-1</post_id>
<post_url>http://biz.chosun.com/site/data/html_dir/2016/12/17/2016121700045.html</post_url>
<post_date>20161216</post_date>
<post_time>1800</post_time>
<username>신은진 기자( (momof@chosun.com)</username>
<post>
L당 32.6㎞… 기아車 니로, 기네스북에 올라 신은진 기자 입력 : 2016.12.17 03:00 美서 가장 높은 연비 기록 기아자동차 하이브리드 SUV(스포츠유틸리티차량) 니로(Niro)가 시범 주행에서 지금까지 미국 출시 전체 차종(車種) 가운데 가장 높은 연비를 기록, 기네스북에 이름을 올렸다. L당 32.6㎞였다. ▲ 기아차는 2017년형 SUV &apos;니로&apos;가 미국에서 출시된 차종 가운데 가장 높은 연비로 국제 기네스북에 등재됐다고 15일(현지 시각) 밝혔다. /기아차 16일 기아차 미국판매법인(KMA)에 따르면 니로는 지난 4일(현지 시각) 로스앤젤레스(LA) 시청을 출발해 3714.5마일(5977.9㎞)을 달려 11일 뉴욕시청에 도착했는데, 사용한 휘발유는 48.5갤런(183.6L)이었다. 평균 연비가 L당 32.6㎞였던 셈이다. 실제 니로의 미국 공인 복합연비는 L당 20.8㎞인데 이보다 50% 이상 높은 수치가 나온 것. 기아차 측은 &quot;공인 연비는 일정 조건을 정해놓고 측정하기 때문에 운전자의 운전 습관이나 도로 환경에 따라 실제 연비는 더 높거나 낮게 나올 수 있다&quot;면서 &quot;이번에 니로를 8일 동안 몬 운전자 2명은 연비 운전 전문가들&quot;이라고 설명했다.이에 앞서 기아차는 2011년에도 K5 하이브리드로 미국 48개 주 1만2710㎞를 완주하며 평균 연비 L당 27.46㎞를 달성, 기네스 세계기록을 수립한 바 있다. Copyright ⓒ 조선일보 &amp; Chosun.com
</post>
<signature>

</signature>
<external_links>

</external_links>
<country>KR</country>
<main_image>http://image.chosun.com/sitedata/image/201612/17/2016121700045_0.jpg</main_image>
</document>
