<?xml version="1.0" encoding="UTF-8"?>
<document>
<type>mainstream</type>
<forum>http://mattapoisett.wickedlocal.com/news?template=rss&amp;mime=xml</forum>
<forum_title>News - Wicked Local Mattapoisett</forum_title>
<discussion_title>Bishop Stang First Quarter Honor Roll</discussion_title>
<language>english</language>
<gmt_offset></gmt_offset>
<topic_url>http://mattapoisett.wickedlocal.com/news/20161216/bishop-stang-first-quarter-honor-roll</topic_url>
<topic_text>
Bishop Stang First Quarter Honor Roll   4:19 PM Dec 16, 2016 at 4:19 PM 
Aaron Wilkinson, 9, President&apos;s List, Marion 
Noah Gowell, 10, First Honors, Marion 
Olivia Ucci, 12, First Honors, Marion 
Laurenne Wilkinson, 9, First Honors, Marion 
Megan Clavell, 11, Second, Honors, Marion 
John Egger, 10, Second, Honors, Marion 
Fiona Lonergan, 9, Second, Honors, Marion 
Catherine Russo, 9, Second, Honors, Marion 
Joseph Russo, 11, Second, Honors, Marion 
Matthew Russo, 11, Second, Honors, Marion 
Henry Ucci, 10, Second, Honors, Marion 
Kathleen Downey, 9, President&apos;s List, Mattapoisett 
Maya Dube, 10, First Honors, Mattapoisett 
Lauren Lapointe, 9, First Honors, Mattapoisett 
Carli Rita, 12, First Honors, Mattapoisett 
Aidan Downey, 11, Second Honors, Mattapoisett 
Elizabeth Foley, 12, Second Honors, Mattapoisett 
Marc Domagala, 11, Second, Honors, Rochester 
Kate Downes, 12, Second Honors, Rochester 
Jeannette King, 11, Second Honors, Rochester 
Michelle King, 9, Second Honors, Rochester 
Martha MacGregor, 11, Second Honors, Rochester 
Kayla Michaels, 12, First Honors, Wareham 
Justin Lopes Jr., 10, Second Honors, Wareham 
Julia Michaels, 10, Second Honors, Wareham 
Keith Beckford, 9, Second Honors, West Wareham
</topic_text>
<spam_score>0.00</spam_score>
<post_num>1</post_num>
<post_id>post-1</post_id>
<post_url>http://mattapoisett.wickedlocal.com/news/20161216/bishop-stang-first-quarter-honor-roll</post_url>
<post_date>20161216</post_date>
<post_time>2119</post_time>
<username></username>
<post>
Bishop Stang First Quarter Honor Roll   4:19 PM Dec 16, 2016 at 4:19 PM 
Aaron Wilkinson, 9, President&apos;s List, Marion 
Noah Gowell, 10, First Honors, Marion 
Olivia Ucci, 12, First Honors, Marion 
Laurenne Wilkinson, 9, First Honors, Marion 
Megan Clavell, 11, Second, Honors, Marion 
John Egger, 10, Second, Honors, Marion 
Fiona Lonergan, 9, Second, Honors, Marion 
Catherine Russo, 9, Second, Honors, Marion 
Joseph Russo, 11, Second, Honors, Marion 
Matthew Russo, 11, Second, Honors, Marion 
Henry Ucci, 10, Second, Honors, Marion 
Kathleen Downey, 9, President&apos;s List, Mattapoisett 
Maya Dube, 10, First Honors, Mattapoisett 
Lauren Lapointe, 9, First Honors, Mattapoisett 
Carli Rita, 12, First Honors, Mattapoisett 
Aidan Downey, 11, Second Honors, Mattapoisett 
Elizabeth Foley, 12, Second Honors, Mattapoisett 
Marc Domagala, 11, Second, Honors, Rochester 
Kate Downes, 12, Second Honors, Rochester 
Jeannette King, 11, Second Honors, Rochester 
Michelle King, 9, Second Honors, Rochester 
Martha MacGregor, 11, Second Honors, Rochester 
Kayla Michaels, 12, First Honors, Wareham 
Justin Lopes Jr., 10, Second Honors, Wareham 
Julia Michaels, 10, Second Honors, Wareham 
Keith Beckford, 9, Second Honors, West Wareham
</post>
<signature>

</signature>
<external_links>

</external_links>
<country>US</country>
<main_image>http://mattapoisett.wickedlocal.com/storyimage/WL/20161216/NEWS/161217550/AR/0/AR-161217550.jpg</main_image>
</document>
