<?xml version="1.0" encoding="UTF-8"?>
<document>
<type>mainstream</type>
<forum>http://www.dailymail.co.uk/sport/football/articles.rss</forum>
<forum_title>Football Articles | Mail Online</forum_title>
<discussion_title>Man City vs Arsenal: Where will Sunday&apos;s title showdown be won and lost?</discussion_title>
<language>english</language>
<gmt_offset></gmt_offset>
<topic_url>http://www.dailymail.co.uk/sport/football/article-4040382/Arsenal-electric-break-Yaya-Toure-revitalised-talisman-Man-City.html</topic_url>
<topic_text>
Both Manchester City and Arsenal’s title hopes have been dented in the last seven days, with two surprising defeats against two struggling sides. 
City capitulated away at Leicester City last weekend before then beating Watford, while Arsenal gifted Everton victory by sitting back and waiting to be hit on Tuesday night. 
The pair meet at the Etihad Stadium on Sunday and here Sportsmail looks at where the game could be won and lost. 
PREDICTED LINE UPS 
Manchester City (4-1-4-1): Bravo; Zabaleta, Stones, Otamendi, Kolarov; Fernando; Sterling, Silva, Toure, De Bruyne; Nolito 
Arsenal (4-2-3-1): Cech; Bellerin, Gabriel, Koscielny, Monreal; Coquelin, Xhaka; Walcott, Ozil, Oxlade-Chamberlain; Sanchez 
Yaya Toure has been key for Manchester City since he returned to the team last month
Arsenal have the capability to punish City&apos;s fragile defence with their fast attackers
Arsenal are coming into the game off the back of a disappointing 2-1 defeat to Everton
If the football&apos;s on, it&apos;s on Live tables Fixtures Scores Premier League Premier League Championship League One League Two Scottish Premiership Scottish Div 1 Scottish Div 2 Scottish Div 3 Ligue 1 Serie A La Liga Bundesliga More tables More fixtures More scores WATCH THE COUNTER 
Pablo Zabaleta was relatively revealing after the victory over Watford in that City are wary of teams breaking at pace and managing to get in behind with too much ease. 
‘For that style of play, when you have a team that likes to play with a back four and a high line, and press high sometimes, you can be a little exposed at the back,’ he said. 
‘I think the main problem was we were not controlling the counter-attacks. We were conceding too many counter-attacks and needed to be more concentrated on those balls.’ 
Arsenal have been electric on the break this year and will want more options wide from Theo Walcott and Alex Oxlade-Chamberlain than were given at Goodison Park, should they retain their places. 
The two Englishmen were sluggish at Everton and Arsene Wenger appeared frustrated at a lack of urgency in piercing the home barrier. 
Arsenal should, however, have the confidence to soak pressure and invite City’s full backs - or wing-backs, depending on how Pep Guardiola sets up - to bomb forward before striking rapidly. 
No other side has made more interceptions in the Premier League per game than Arsenal’s 20 this season. That could be their most potent weapon. 
Pablo Zabaleta revealed after the victory over Watford that City are wary of teams with pace
Arsenal have been electric on the break this year but will want better from Theo Walcott
ARSENAL&apos;S LAST SIX RESULTS Nov 27: Arsenal 3-1 Bournemouth (Premier League) 
Nov 30: Arsenal 0-2 Southampton (League Cup) 
Dec 3: West Ham United 1-5 Arsenal (Premier League) 
Dec 6: Basel 1-4 Arsenal (Champions League Group A) 
Dec 10: Arsenal 3-1 Stoke (Premier League) 
Dec 13: Everton 2-1 Arsenal (Premier League) 
SET PIECES 
Neither look particularly solid from corners or free-kicks, as evidenced by Arsenal in the dying minutes at Everton when Ashley Williams nicked a late winner and escaping Mesut Ozil, who rather bafflingly was supposed to be marking him. 
City, too, are not overly solid with balls into the box and lack a commanding voice in there to direct. Joe Hart would often be vocal inside his own six-yard box, barking instructions, but there is not the same insistence from Claudio Bravo. 
John Stones is still learning the game and not a huge talker as yet, while the lack of Fernandinho will not help in that regard either. 
Wenger and Guardiola will both look at the other’s defensive organisation and believe opportunities can be sought with decent deliveries and a willingness to attack them. 
Ashley Williams&apos; winner for Everton against Arsenal on Tuesday came from a set piece
City are also vulnerable from set pieces with keeper Claudio Bravo not commanding enough
MANCHESTER CITY&apos;S LAST SIX RESULTS Nov 23: Borussia Monchengladbach 1-1 Manchester City (Champions League) 
Nov 26: Burnley 1-2 Manchester City (Premier League) 
Dec 3: Manchester City 1-3 Chelsea (Premier League) 
Dec 6: Manchester City 1-1 Celtic (Champions League) 
Dec 10: Leicester 4-2 Manchester City (Premier League) 
Dec 14: Manchester City 2-0 Watford (Premier League) 
GUARDIOLA VS WENGER 
A real dilemma for Guardiola this weekend. City desperately need the points but the Catalan has always insisted he will not compromise on his style of play. 
Fair enough, few can argue with such a decorated manager, but it will be fascinating to see whether he sticks or twists on Sunday. 
Wenger has beaten Guardiola twice in their eight meetings - when facing far superior teams to this City squad, it has to be said - and seems to know how to pick holes to exploit, although he has never been victorious away from home. 
Guardiola won four of the eight, with two draws, and tends to really hammer Arsenal when his teams start motoring. His Barcelona put four and three past them, with Bayern Munich netting five in November last year. 
City manager Pep Guardiola has always insisted he will not compromise on his style of play
Arsenal boss Arsene Wenger has beaten Guardiola only twice in their eight meetings
KEY BATTLES 
Yaya Toure vs Francis Coquelin 
Just a matter of weeks ago it would haveve seemed inconceivable that Toure is likely to feature in such a titanic fixture, but here he is in contention to play just ahead of Fernando. 
The Ivorian - whose drink-driving charge has no bearing over whether he is selected or not - has impressed after being welcomed back into the fold. 
But Coquelin represents a huge task. The Frenchman is nimble in possession, strong in the tackle and is beginning to stamp his mark on games more often. 
Arsenal’s No 34 is quick over five yards and will look to break beyond Toure, who could need assistance from others around. 
Toure has been in great form, but Francis Coquelin (right) represents a huge task
Nicolas Otamendi vs Alexis Sanchez 
This must be keeping Guardiola up at night, the prospect of Sanchez - even with his ongoing contract issues - going up against a fragile back line. 
Otamendi or Stones could pick him up but whoever does must not go chasing the Chilean around the Etihad and hold their position. 
If they wander, the threat in behind is huge. Sanchez’s trickery means Otamendi in particular has to remain on his feet too. 
Nicolas Otamendi (left) is very vulnerable to the skill, trickery and pace of Alexis Sanchez
Fernando vs Mesut Ozil 
Ozil was poor at Everton in midweek. He looked disinterested and sauntered about with no real intention. City will hope the same Ozil shows up this weekend and it will be Fernando’s job to bully him out of the game. 
Fernando will start with Fernandinho’s suspension and the knee ligament damage Ilkay Gundogan sustained and should just be told to keep it simple. 
Block Ozil’s path, harry and unsettle him at every turn and City will be able to go back to front quickly, utilising Kevin De Bruyne and Raheem Sterling. 
Fernando (left) will start for City against Arsenal, while Mesut Ozil must improve after Everton
</topic_text>
<spam_score>0.00</spam_score>
<post_num>6</post_num>
<post_id>post-6</post_id>
<post_url>http://www.dailymail.co.uk/sport/football/article-4040382/Arsenal-electric-break-Yaya-Toure-revitalised-talisman-Man-City.html#164171532</post_url>
<post_date>20161216</post_date>
<post_time>1206</post_time>
<username>dai</username>
<post>
Yes, Yaya does look revitalised. I wouldnt mind a drop of the stuff he&apos;s been drinking.
</post>
<signature>

</signature>
<external_links>

</external_links>
<country>GB</country>
<main_image>http://i.dailymail.co.uk/i/pix/2016/12/16/12/3B708A5900000578-0-image-a-88_1481889707272.jpg</main_image>
</document>
