<?xml version="1.0" encoding="UTF-8"?>
<document>
<type>mainstream</type>
<forum>http://www.hirstart.hu/site/rss.php?pid=8&amp;id=236</forum>
<forum_title>Hírstart RSS - Partnerdoboz (pid=8) | urbanlegends.hu</forum_title>
<discussion_title>Mabisz: a magyarok az államtól remélik a biztonságos nyugdíjas éveket</discussion_title>
<language>hungarian</language>
<gmt_offset></gmt_offset>
<topic_url>http://www.hirstart.hu/hk/20161217_meg_mindig_az_allamtol_remeljuk_a_nyugdijat</topic_url>
<topic_text>
Origo Tegnap 11:55 Gazdaság + A hazai lakosság alig több mint a fele takarít meg kisebb-nagyobb rendszerességgel. A megkérdezettek 22 százaléka rendszeresen, további 30 százalék esetenként, a ténylegesen megtakarítók elsősorban a 30–49 év közötti korosztályok gazdaságilag aktív tagjai közül kerülnek ki, írja a Századvég Alapítvány a Magyar Biztosítók Szövetsége…
</topic_text>
<spam_score>0.00</spam_score>
<post_num>1</post_num>
<post_id>post-1</post_id>
<post_url>http://www.hirstart.hu/hk/20161217_meg_mindig_az_allamtol_remeljuk_a_nyugdijat</post_url>
<post_date>20161217</post_date>
<post_time>0827</post_time>
<username>Magyar Idők</username>
<post>
Origo Tegnap 11:55 Gazdaság + A hazai lakosság alig több mint a fele takarít meg kisebb-nagyobb rendszerességgel. A megkérdezettek 22 százaléka rendszeresen, további 30 százalék esetenként, a ténylegesen megtakarítók elsősorban a 30–49 év közötti korosztályok gazdaságilag aktív tagjai közül kerülnek ki, írja a Századvég Alapítvány a Magyar Biztosítók Szövetsége…
</post>
<signature>

</signature>
<external_links>

</external_links>
<country>HU</country>
<main_image>http://stat.hirstart.hu/image/20161216/1130831/megint_egy_remiszto_adat_a_nyugdijrol-600x315-crop.jpg</main_image>
</document>
