<?xml version="1.0" encoding="UTF-8"?>
<document>
<type>mainstream</type>
<forum>http://www.rtrs.tv/vijesti/rss.php</forum>
<forum_title>РТРС :: RSS</forum_title>
<discussion_title>Авганистан- Екстремисти убили пет службеница</discussion_title>
<language>serbian</language>
<gmt_offset></gmt_offset>
<topic_url>http://www.rtrs.tv/vijesti/vijest.php?id=235025</topic_url>
<topic_text>
17/12/2016 | 09:08   Авганистан- Екстремисти убили пет службеница Најмање шест особа је убијено на аеродрому у провинцији Кандахар у Авганистану, међу којима пет аеродромских службеница, преносе агенције. Напад у Кабулу Фото: AP 
Најмање тројица наоружаних моторциклиста отворили су ватру на аутомобил у којима су се службенице превозиле до посла. 
Директор аеродрома је казао да су запослене жене радиле за приватну компанију која је прегледала пртљаг и по потреби претресале путнице на аеродрому. 
Како је објаснио, након бројних пријетњи људи који се не слажу да жене треба да раде, жене су забринуте за своју безбједност. 
Свих пет службеница је убијено, поред њихових возача. Још нико није преузео одговорност за тај напад. 
Жене у Авганистану направиле су велики искорак од када је свргнут талибански режим 2001. године, међутим и даље нису присутне у јавном животу и и трпе висок ниво насиља, угњетавања и малтретирања. 
Канцеларија државног тужиоца регистровала је у првих осам месеци 2016. години 3.700 случајева насиља над женама. 
Извор: Агенције
</topic_text>
<spam_score>0.00</spam_score>
<post_num>1</post_num>
<post_id>post-1</post_id>
<post_url>http://www.rtrs.tv/vijesti/vijest.php?id=235025</post_url>
<post_date>20161217</post_date>
<post_time>0808</post_time>
<username></username>
<post>
17/12/2016 | 09:08   Авганистан- Екстремисти убили пет службеница Најмање шест особа је убијено на аеродрому у провинцији Кандахар у Авганистану, међу којима пет аеродромских службеница, преносе агенције. Напад у Кабулу Фото: AP 
Најмање тројица наоружаних моторциклиста отворили су ватру на аутомобил у којима су се службенице превозиле до посла. 
Директор аеродрома је казао да су запослене жене радиле за приватну компанију која је прегледала пртљаг и по потреби претресале путнице на аеродрому. 
Како је објаснио, након бројних пријетњи људи који се не слажу да жене треба да раде, жене су забринуте за своју безбједност. 
Свих пет службеница је убијено, поред њихових возача. Још нико није преузео одговорност за тај напад. 
Жене у Авганистану направиле су велики искорак од када је свргнут талибански режим 2001. године, међутим и даље нису присутне у јавном животу и и трпе висок ниво насиља, угњетавања и малтретирања. 
Канцеларија државног тужиоца регистровала је у првих осам месеци 2016. години 3.700 случајева насиља над женама. 
Извор: Агенције
</post>
<signature>

</signature>
<external_links>

</external_links>
<country>TV</country>
<main_image>../_FOTO/nwz/0856/085678.jpg</main_image>
</document>
