<?xml version="1.0" encoding="UTF-8"?>
<document>
<type>mainstream</type>
<forum>http://www.ogunhaber.com/rss</forum>
<forum_title>OGUNHABER</forum_title>
<discussion_title>Libya Anlaşması’nın 1. yıldönümü mesajı</discussion_title>
<language>turkish</language>
<gmt_offset></gmt_offset>
<topic_url>http://www.ogunhaber.com/siyaset/libya-anlasmasi-nin-1-yildonumu-mesaji-705926h.html</topic_url>
<topic_text>
Libya Anlaşması’nın 1. yıldönümü mesajı Libya Anlaşması’nın 1. yıldönümü mesajı 0 - + Dışişleri Bakanlığından Libya Siyasi Anlaşması’nın imzalanmasının 1. yıldönümü dolayısıyla yayımlanan mesajda, Bundan sonra da Libya’da güvenlik ve istikrarın tesisine yönelik çabalara katkıda bulunmayı sürdürecektir denildi. Haber: İhlas Haber Ajansı - Dışişleri Bakanlığından yapılan yazılı açıklamada, Libya’da güvenlik ve istikrarın kapsayıcı bir siyasi süreç kapsamında yeniden tesis edilmesi çabalarına rehberlik edecek yol haritası niteliğindeki Libya Siyasi Anlaşması’nın imzalanmasından itibaren 1 yıl geçtiği hatırlatılarak, “Anlaşma’ya varan sürecin her aşamasında yer alan ve sürece yapıcı katkılarda bulunan Türkiye, Anlaşma’yla kurulan siyasi yapıların işlevselleştirilmesi ve belirlenen hedeflerin hayata geçirilmesi hedefine bağlıdır. Bu bağlamda, Türkiye, anılan tarihten bu yana, BM Güvenlik Konseyi kararlarına uygun olarak, Başkanlık Konseyi’ni ve Anlaşma’da öngörülen diğer kurumları Libya’da tek meşru muhatap olarak kabul etmektedir” denildi. Anlaşmanın silahların susmasına, ülkenin birliğinin yeniden sağlanmasına ve müreffeh bir Libya’nın elbirliğiyle kurulmasına imkan verecek önemli bir ahdi çerçeve oluşturmaya devam etmekte olduğunu, bununla birlikte, uygulamada yaşanan bazı sıkıntıların Libya halkının özlem duyduğu istikrar ve refah ortamının sağlanmasında gecikmeye sebep olduğu ifade edildi. Bu itibarla, Libya’da kalıcı barışın yeniden tesisi için daha fazla gayret gösterilmesi gerektiğine inanıldığı belirtilerek, “Anlaşmada öngörülen meşru kurumların görevlerini yerine getirmek konusunda daha fazla azim göstermeleri, tüm Libyalı aktörlerin ise bu meşru kurumların çabalarına destek olmaları lazımdır” değerlendirmelerine yer verildi. Açıklamanın devamında, “Ayrıca, başkent Trablus başta olmak üzere, Libya’daki tüm aktörleri görüş ayrılıklarını şiddete başvurmadan uzlaşmacı yollarla gidermeye ve sağduyuyla hareket etmeye çağırıyoruz. Keza, Birleşmiş Milletler ve uluslararası toplumun da benzer şekilde üzerlerine düşen sorumluluğu yerine getirerek, Libyalı kardeşlerimizin mevcut anlaşmazlıklarının aşılmasına daha somut destek vermeleri önem taşımaktadır. Bu vesileyle, Libya’nın Sirte kentinde DEAŞ terör örgütüyle mücadelede kahramanca savaşan tüm Libyalı kardeşlerimizi elde ettikleri zaferden dolayı kutluyoruz. DEAŞ’la mücadelede yaralanan 600’ün üzerinde Libyalının ülkemizde tedavisini sağlayan Türkiye, bugüne kadar olduğu gibi, bundan sonra da Libya’da güvenlik ve istikrarın tesisine yönelik çabalara katkıda bulunmayı sürdürecektir” ifadelerine yer verildi.
</topic_text>
<spam_score>0.00</spam_score>
<post_num>1</post_num>
<post_id>post-1</post_id>
<post_url>http://www.ogunhaber.com/siyaset/libya-anlasmasi-nin-1-yildonumu-mesaji-705926h.html</post_url>
<post_date>20161217</post_date>
<post_time>0858</post_time>
<username></username>
<post>
Libya Anlaşması’nın 1. yıldönümü mesajı Libya Anlaşması’nın 1. yıldönümü mesajı 0 - + Dışişleri Bakanlığından Libya Siyasi Anlaşması’nın imzalanmasının 1. yıldönümü dolayısıyla yayımlanan mesajda, Bundan sonra da Libya’da güvenlik ve istikrarın tesisine yönelik çabalara katkıda bulunmayı sürdürecektir denildi. Haber: İhlas Haber Ajansı - Dışişleri Bakanlığından yapılan yazılı açıklamada, Libya’da güvenlik ve istikrarın kapsayıcı bir siyasi süreç kapsamında yeniden tesis edilmesi çabalarına rehberlik edecek yol haritası niteliğindeki Libya Siyasi Anlaşması’nın imzalanmasından itibaren 1 yıl geçtiği hatırlatılarak, “Anlaşma’ya varan sürecin her aşamasında yer alan ve sürece yapıcı katkılarda bulunan Türkiye, Anlaşma’yla kurulan siyasi yapıların işlevselleştirilmesi ve belirlenen hedeflerin hayata geçirilmesi hedefine bağlıdır. Bu bağlamda, Türkiye, anılan tarihten bu yana, BM Güvenlik Konseyi kararlarına uygun olarak, Başkanlık Konseyi’ni ve Anlaşma’da öngörülen diğer kurumları Libya’da tek meşru muhatap olarak kabul etmektedir” denildi. Anlaşmanın silahların susmasına, ülkenin birliğinin yeniden sağlanmasına ve müreffeh bir Libya’nın elbirliğiyle kurulmasına imkan verecek önemli bir ahdi çerçeve oluşturmaya devam etmekte olduğunu, bununla birlikte, uygulamada yaşanan bazı sıkıntıların Libya halkının özlem duyduğu istikrar ve refah ortamının sağlanmasında gecikmeye sebep olduğu ifade edildi. Bu itibarla, Libya’da kalıcı barışın yeniden tesisi için daha fazla gayret gösterilmesi gerektiğine inanıldığı belirtilerek, “Anlaşmada öngörülen meşru kurumların görevlerini yerine getirmek konusunda daha fazla azim göstermeleri, tüm Libyalı aktörlerin ise bu meşru kurumların çabalarına destek olmaları lazımdır” değerlendirmelerine yer verildi. Açıklamanın devamında, “Ayrıca, başkent Trablus başta olmak üzere, Libya’daki tüm aktörleri görüş ayrılıklarını şiddete başvurmadan uzlaşmacı yollarla gidermeye ve sağduyuyla hareket etmeye çağırıyoruz. Keza, Birleşmiş Milletler ve uluslararası toplumun da benzer şekilde üzerlerine düşen sorumluluğu yerine getirerek, Libyalı kardeşlerimizin mevcut anlaşmazlıklarının aşılmasına daha somut destek vermeleri önem taşımaktadır. Bu vesileyle, Libya’nın Sirte kentinde DEAŞ terör örgütüyle mücadelede kahramanca savaşan tüm Libyalı kardeşlerimizi elde ettikleri zaferden dolayı kutluyoruz. DEAŞ’la mücadelede yaralanan 600’ün üzerinde Libyalının ülkemizde tedavisini sağlayan Türkiye, bugüne kadar olduğu gibi, bundan sonra da Libya’da güvenlik ve istikrarın tesisine yönelik çabalara katkıda bulunmayı sürdürecektir” ifadelerine yer verildi.
</post>
<signature>

</signature>
<external_links>

</external_links>
<country>US</country>
<main_image>http://www.ogunhaber.com/assets/uploads/news/disisleri_bakanligindan_halepteki_sivillere_yonelik_saldirilara_tepki_1481631363_842.jpg</main_image>
</document>
