<?xml version="1.0" encoding="UTF-8"?>
<document>
<type>mainstream</type>
<forum>http://www.ng.kz/modules/newbb_plus/cache/forum.xml</forum>
<forum_title>НГ :: Форум</forum_title>
<discussion_title>Новости: Николай ВОРОНИН: Так демократия или диктаторство? (26)</discussion_title>
<language>russian</language>
<gmt_offset></gmt_offset>
<topic_url>http://www.ng.kz/modules/newbb_plus/viewtopic.php?post_id=612138&amp;topic_id=28176&amp;forumid=1</topic_url>
<topic_text>
(Полноправные пользователи) Сообщений: 386 Регистрация: 06.10.16 Отправлено: 17.12.16 - 13:18 Цитата: ВЧКа: Ещё один анархист на форуме?) Добро пожаловать в клуб) Эхо хабар Re: Николай ВОРОНИН: Так демократия или диктаторство? #17 Отправлено: 17.12.16 - 13:32 Аа-а.. После тоталитарного совкоСссср какая демократия..!?!В рсфср Путин тоже подмял все под себя. Дума ручная, интеллигенция ходит строем, телевизор кажет одно и то же..Кто первыми отошёл от идеологии совка те живут лучшеСкажите спасибо что хоть так .. Абс Re: Николай ВОРОНИН: Так демократия или диктаторство? #18 Отправлено: 17.12.16 - 13:35 Если бы в праздник РК не напечатал какую-либо гадость в адрес страны пребывания, &quot;НГ&quot; не был бы &quot;НГ&quot;. Любой, имеющий маломальское понятие о приличий человек, постеснялся бы говорить гадости в адрес празднующего юбилей, но такие понятия чужды этому изданию и авторам типа воронина, им лишь бы заработать свои тридцать сребреников! Эхо Хабара Re: Николай ВОРОНИН: Так демократия или диктаторство? Отправлено: 17.12.16 - 13:37 Цитата: ВЧКа: раскачивать лодку как на Украине.Спят и видят! Ну это больше к тебе подходит. Фотя Re: Николай ВОРОНИН: Так демократия или диктаторство? #20 Отправлено: 17.12.16 - 13:57 Так, наблюдение : кто-нибудь из нас или вас позвонил родным,друзьям или сослуживцам, или на улице просто сказал прохожему &quot;С днем независимости !&quot;? Вот мы и ответили сами себе, как мы относимся к этому &quot;календарному&quot; празднику... Уже просто всех раздражает , что мы так бедно живем.
</topic_text>
<spam_score>0.00</spam_score>
<post_num>1</post_num>
<post_id>post-1</post_id>
<post_url>http://www.ng.kz/modules/newbb_plus/viewtopic.php?post_id=612138&amp;topic_id=28176&amp;forumid=1</post_url>
<post_date>20161217</post_date>
<post_time>0841</post_time>
<username>ксюшадь</username>
<post>
(Полноправные пользователи) Сообщений: 386 Регистрация: 06.10.16 Отправлено: 17.12.16 - 13:18 Цитата: ВЧКа: Ещё один анархист на форуме?) Добро пожаловать в клуб) Эхо хабар Re: Николай ВОРОНИН: Так демократия или диктаторство? #17 Отправлено: 17.12.16 - 13:32 Аа-а.. После тоталитарного совкоСссср какая демократия..!?!В рсфср Путин тоже подмял все под себя. Дума ручная, интеллигенция ходит строем, телевизор кажет одно и то же..Кто первыми отошёл от идеологии совка те живут лучшеСкажите спасибо что хоть так .. Абс Re: Николай ВОРОНИН: Так демократия или диктаторство? #18 Отправлено: 17.12.16 - 13:35 Если бы в праздник РК не напечатал какую-либо гадость в адрес страны пребывания, &quot;НГ&quot; не был бы &quot;НГ&quot;. Любой, имеющий маломальское понятие о приличий человек, постеснялся бы говорить гадости в адрес празднующего юбилей, но такие понятия чужды этому изданию и авторам типа воронина, им лишь бы заработать свои тридцать сребреников! Эхо Хабара Re: Николай ВОРОНИН: Так демократия или диктаторство? Отправлено: 17.12.16 - 13:37 Цитата: ВЧКа: раскачивать лодку как на Украине.Спят и видят! Ну это больше к тебе подходит. Фотя Re: Николай ВОРОНИН: Так демократия или диктаторство? #20 Отправлено: 17.12.16 - 13:57 Так, наблюдение : кто-нибудь из нас или вас позвонил родным,друзьям или сослуживцам, или на улице просто сказал прохожему &quot;С днем независимости !&quot;? Вот мы и ответили сами себе, как мы относимся к этому &quot;календарному&quot; празднику... Уже просто всех раздражает , что мы так бедно живем.
</post>
<signature>

</signature>
<external_links>

</external_links>
<country>KZ</country>
<main_image></main_image>
</document>
