<?xml version="1.0" encoding="UTF-8"?>
<document>
<type>mainstream</type>
<forum>https://www.5giay.vn/thoi-trang-nam/index.rss</forum>
<forum_title>Thời Trang Nam</forum_title>
<discussion_title>[SẢN PHẨM MỚI ] Giày da công sở thời trang cho nam - Giày tây nam mới</discussion_title>
<language>vietnamese</language>
<gmt_offset></gmt_offset>
<topic_url>https://www.5giay.vn/threads/san-pham-moi-giay-da-cong-so-thoi-trang-cho-nam-giay-tay-nam-moi.8698710/</topic_url>
<topic_text>
Tìm kiếm bài viết theo id [SẢN PHẨM MỚI ] Giày da công sở thời trang cho nam - Giày tây nam mới Thảo luận trong &apos; Thời Trang Nam &apos; bắt đầu bởi Giaydabo.vn , 17/12/16 lúc 16:16 . ID Topic : 8698710 Click để hiển thị số điện thoại Địa chỉ liên hệ: 60/9 Phan Chu Trinh Phường 24 Quận Bình Thạnh Tp HCM, Quận Bình Thạnh, TP.Hồ Chí Minh (Bản đồ) Ngày đăng: Store của thành viên Giaydabo.vn Ẩn 5giay Store Giaydabo.vn Thành Viên Mới Gian hàng [SẢN PHẨM MỚI ] Giày da công sở thời trang cho nam - Giày tây nam mới cập nhật là dòng sản phẩm từ thương hiệu www.giaydabo.vn , dòng sản phẩm cho các tín đồ thời trang công sở hoặc cũng có thể sử dụng cho các dịp event , họp mặt, lễ tiệc cực kì sang trọng và đẳng cấp Sản phẩm được gia công trực tiếp từ xưởng với chất liệu da bò 100% , Bảo hành 12 tháng , có thêm lớp da bọc bên trong giày độc đáo , giao hàng toàn quốc nhanh chóng , đủ size đủ kiểu , hỗ trợ và phát triển tốt nhất cho các đại lý,shop giày và cộng tác viên vì không phải qua trung gian nên giá gốc và chất lượng hoặc các vấn đềbảo hành, quyền lợi người tiêu dùng đều được hỗ trợ nhanh nhất liên hệ để được tư vấn : 0909.365.512 - 01647.991.451 Địa chỉ cửa hàng : 60/9 Phan Chu Trinh P.24 Q.Bình Thạnh Tp HCM Fanpage facebook : https://www.facebook.com/giaydanamdeptphcm [SẢN PHẨM MỚI ] Giày da công sở thời trang cho nam - Giày tây nam mới cập nhật : gọi ngay để có giá tốt hôm nay ! #1 Tags
</topic_text>
<spam_score>0.00</spam_score>
<post_num>1</post_num>
<post_id>post-1</post_id>
<post_url>https://www.5giay.vn/threads/san-pham-moi-giay-da-cong-so-thoi-trang-cho-nam-giay-tay-nam-moi.8698710/</post_url>
<post_date>20161217</post_date>
<post_time>0916</post_time>
<username>Giaydabo.vn (invalid@example.com)</username>
<post>
Tìm kiếm bài viết theo id [SẢN PHẨM MỚI ] Giày da công sở thời trang cho nam - Giày tây nam mới Thảo luận trong &apos; Thời Trang Nam &apos; bắt đầu bởi Giaydabo.vn , 17/12/16 lúc 16:16 . ID Topic : 8698710 Click để hiển thị số điện thoại Địa chỉ liên hệ: 60/9 Phan Chu Trinh Phường 24 Quận Bình Thạnh Tp HCM, Quận Bình Thạnh, TP.Hồ Chí Minh (Bản đồ) Ngày đăng: Store của thành viên Giaydabo.vn Ẩn 5giay Store Giaydabo.vn Thành Viên Mới Gian hàng [SẢN PHẨM MỚI ] Giày da công sở thời trang cho nam - Giày tây nam mới cập nhật là dòng sản phẩm từ thương hiệu www.giaydabo.vn , dòng sản phẩm cho các tín đồ thời trang công sở hoặc cũng có thể sử dụng cho các dịp event , họp mặt, lễ tiệc cực kì sang trọng và đẳng cấp Sản phẩm được gia công trực tiếp từ xưởng với chất liệu da bò 100% , Bảo hành 12 tháng , có thêm lớp da bọc bên trong giày độc đáo , giao hàng toàn quốc nhanh chóng , đủ size đủ kiểu , hỗ trợ và phát triển tốt nhất cho các đại lý,shop giày và cộng tác viên vì không phải qua trung gian nên giá gốc và chất lượng hoặc các vấn đềbảo hành, quyền lợi người tiêu dùng đều được hỗ trợ nhanh nhất liên hệ để được tư vấn : 0909.365.512 - 01647.991.451 Địa chỉ cửa hàng : 60/9 Phan Chu Trinh P.24 Q.Bình Thạnh Tp HCM Fanpage facebook : https://www.facebook.com/giaydanamdeptphcm [SẢN PHẨM MỚI ] Giày da công sở thời trang cho nam - Giày tây nam mới cập nhật : gọi ngay để có giá tốt hôm nay ! #1 Tags
</post>
<signature>

</signature>
<external_links>

</external_links>
<country>VN</country>
<main_image>http://s1.storage.5giay.vn/image/2016/12/20161217_756b028b723af02da9a24ee410e48a9c_1481966116.jpg</main_image>
</document>
