<?xml version="1.0" encoding="UTF-8"?>
<document>
<type>mainstream</type>
<forum>http://www.therepublic.com/feed/cat/11400</forum>
<forum_title>Europe – The Republic</forum_title>
<discussion_title>Car bomb kills 13 Turkish commandos, army says</discussion_title>
<language>english</language>
<gmt_offset></gmt_offset>
<topic_url>http://www.therepublic.com/2016/12/17/eu-turkey-attack/</topic_url>
<topic_text>
By DOMINQUE SOGUEL - 12/17/16 4:07 AM 
ISTANBUL — Thirteen Turkish troops were killed and 48 others wounded in a car bomb attack in the central Anatolian province of Kayseri on Saturday morning, the Turkish military reported. 
In a statement, the Turkish armed forces said the car bomb went off at 8:45 a.m. and targeted on-leave military personnel from the Kayseri Commando Brigade. 
The wounded were rushed to hospitals in the region. The army said civilians may have also been casualties of the “treacherous attack.” 
State-run Anadolu Agency said the car bomb went off at an entrance gate of Erciyes University, hitting a public transportation bus that included on-leave soldiers among its passengers. 
Speaking about the Kayseri explosion, Vice Prime Minister Veysi Kaynak said in remarks broadcast on NTV that “treacherous factions” had taken aim at commandos from the Kayseri Airforce Brigade, who had been “training exclusively for the safety of our people.” 
Turkey’s prime ministry office imposed a temporary blackout on coverage of the explosion and urged media to refrain from publishing anything that may cause “fear in the public, panic and disorder and which may serve the aims of terrorist organizations.” 
Turkey is facing renewed conflict with Kurdish rebels in the southeast and has suffered a string of suicide and car bombing attacks this year. 
The blast comes a week after a car bomb struck riot police posted outside a soccer stadium in Istanbul following a match. That attack killed 44 people, mostly police officers, and wounded scores others. Kurdish militants claimed the Istanbul attack. 
Turkey is a member of NATO and partner in the U.S.-led coalition against the Islamic State group, which has been blamed for multiple attacks in Turkey. 
Ayse Wieting, Bulut Emiroglu and Neyran Elden in Istanbul also contributed reporting.
</topic_text>
<spam_score>0.00</spam_score>
<post_num>1</post_num>
<post_id>post-1</post_id>
<post_url>http://www.therepublic.com/2016/12/17/eu-turkey-attack/</post_url>
<post_date>20161217</post_date>
<post_time>0746</post_time>
<username>The Associated Press</username>
<post>
By DOMINQUE SOGUEL - 12/17/16 4:07 AM 
ISTANBUL — Thirteen Turkish troops were killed and 48 others wounded in a car bomb attack in the central Anatolian province of Kayseri on Saturday morning, the Turkish military reported. 
In a statement, the Turkish armed forces said the car bomb went off at 8:45 a.m. and targeted on-leave military personnel from the Kayseri Commando Brigade. 
The wounded were rushed to hospitals in the region. The army said civilians may have also been casualties of the “treacherous attack.” 
State-run Anadolu Agency said the car bomb went off at an entrance gate of Erciyes University, hitting a public transportation bus that included on-leave soldiers among its passengers. 
Speaking about the Kayseri explosion, Vice Prime Minister Veysi Kaynak said in remarks broadcast on NTV that “treacherous factions” had taken aim at commandos from the Kayseri Airforce Brigade, who had been “training exclusively for the safety of our people.” 
Turkey’s prime ministry office imposed a temporary blackout on coverage of the explosion and urged media to refrain from publishing anything that may cause “fear in the public, panic and disorder and which may serve the aims of terrorist organizations.” 
Turkey is facing renewed conflict with Kurdish rebels in the southeast and has suffered a string of suicide and car bombing attacks this year. 
The blast comes a week after a car bomb struck riot police posted outside a soccer stadium in Istanbul following a match. That attack killed 44 people, mostly police officers, and wounded scores others. Kurdish militants claimed the Istanbul attack. 
Turkey is a member of NATO and partner in the U.S.-led coalition against the Islamic State group, which has been blamed for multiple attacks in Turkey. 
Ayse Wieting, Bulut Emiroglu and Neyran Elden in Istanbul also contributed reporting.
</post>
<signature>

</signature>
<external_links>

</external_links>
<country>US</country>
<main_image>http://d1bdhkmqqz901h.cloudfront.net/1200x630/smart/http://s3.amazonaws.com/new-smedia/a41bb9bef2eb4081885cc5f64271f333/a6733fa9750a4075b26ff4a604a95c91.jpg</main_image>
</document>
