<?xml version="1.0" encoding="UTF-8"?>
<document>
<type>mainstream</type>
<forum>http://www.rtrs.tv/vijesti/rss.php</forum>
<forum_title>РТРС :: RSS</forum_title>
<discussion_title>Саобраћај се одвија по влажним коловозима</discussion_title>
<language>serbian</language>
<gmt_offset></gmt_offset>
<topic_url>http://www.rtrs.tv/vijesti/vijest.php?id=235026</topic_url>
<topic_text>
17/12/2016 | 09:15   Саобраћај се одвија по влажним коловозима У Републици Српској и ФБиХ возила јутрос саобраћају по мјестимично влажним коловозима, због чега се возачима препоручује да возе опрезније, саопштено је из Ауто-мото савеза Републике Српске. Путеви Фото: РТРС 
На дионицама магистралног пута Челинац-Котор Варош и Котор Варош-Ободник, због реконструкције и санације градске водоводне мреже режим саобраћања биће измијењен. 
На ауто-путу Бањалука-Градишка возила саобраћају без посебних ограничења, по мјестимично влажном коловозу. Због изградње вијадукта Маховљани на ауто-путу Бањалука-Добој /дионица Бањалука-Прњавор/, петља Маховљани затворена је за сав саобраћај, а возачи могу да користе петљу Александровац. 
Због изградње моста-вијадукта на регионалном путном правцу Стари Мајдан 2-Ламовита, потпуно је обустаљен саобраћај за сва возила. У току је изградња обилазнице око Брчког на магистралном путу Брчко-Бијељина, због чега је измијењен режим саобраћања у насељу Гредице, као и у насељу Горице. 
Због деминирања терена на регионалном путу Сапна-Каракај-Зворник у мјесту Засеок, долазиће до повремене обуставе саобраћања од 8.00 до 16.00 часова. 
На регионалном путу Котор Варош-Митровићи, због реконструкције и санације градске водоводне мреже, измијењен је режим саобраћања, а радови ће трајати до 31. децембра. На магистралном путу Брод на Дрини-граница БиХ/ЦГ /Шћепан Поље/, забрањено је саобраћање за сва возила тежа од 16 тона. 
У ФБиХ има поледице на коловозу, посебно у планинским предјелима, као и на мостовима и прилазима тунелима. Због радова на подручју Хрватске, могућа су дужа задржавања на граничним прелазима Брод-Славонски Брод и Орашје-Жупања. 
Извор: СРНА
</topic_text>
<spam_score>0.00</spam_score>
<post_num>1</post_num>
<post_id>post-1</post_id>
<post_url>http://www.rtrs.tv/vijesti/vijest.php?id=235026</post_url>
<post_date>20161217</post_date>
<post_time>0815</post_time>
<username></username>
<post>
17/12/2016 | 09:15   Саобраћај се одвија по влажним коловозима У Републици Српској и ФБиХ возила јутрос саобраћају по мјестимично влажним коловозима, због чега се возачима препоручује да возе опрезније, саопштено је из Ауто-мото савеза Републике Српске. Путеви Фото: РТРС 
На дионицама магистралног пута Челинац-Котор Варош и Котор Варош-Ободник, због реконструкције и санације градске водоводне мреже режим саобраћања биће измијењен. 
На ауто-путу Бањалука-Градишка возила саобраћају без посебних ограничења, по мјестимично влажном коловозу. Због изградње вијадукта Маховљани на ауто-путу Бањалука-Добој /дионица Бањалука-Прњавор/, петља Маховљани затворена је за сав саобраћај, а возачи могу да користе петљу Александровац. 
Због изградње моста-вијадукта на регионалном путном правцу Стари Мајдан 2-Ламовита, потпуно је обустаљен саобраћај за сва возила. У току је изградња обилазнице око Брчког на магистралном путу Брчко-Бијељина, због чега је измијењен режим саобраћања у насељу Гредице, као и у насељу Горице. 
Због деминирања терена на регионалном путу Сапна-Каракај-Зворник у мјесту Засеок, долазиће до повремене обуставе саобраћања од 8.00 до 16.00 часова. 
На регионалном путу Котор Варош-Митровићи, због реконструкције и санације градске водоводне мреже, измијењен је режим саобраћања, а радови ће трајати до 31. децембра. На магистралном путу Брод на Дрини-граница БиХ/ЦГ /Шћепан Поље/, забрањено је саобраћање за сва возила тежа од 16 тона. 
У ФБиХ има поледице на коловозу, посебно у планинским предјелима, као и на мостовима и прилазима тунелима. Због радова на подручју Хрватске, могућа су дужа задржавања на граничним прелазима Брод-Славонски Брод и Орашје-Жупања. 
Извор: СРНА
</post>
<signature>

</signature>
<external_links>

</external_links>
<country>TV</country>
<main_image>../_FOTO/nwz/0709/070966.jpg</main_image>
</document>
