<?xml version="1.0" encoding="UTF-8"?>
<document>
<type>mainstream</type>
<forum>http://www.rtrs.tv/vijesti/rss.php</forum>
<forum_title>РТРС :: RSS</forum_title>
<discussion_title>Турска- Експлодирао аутобус, 13 жртава, 48 рањених</discussion_title>
<language>serbian</language>
<gmt_offset></gmt_offset>
<topic_url>http://www.rtrs.tv/vijesti/vijest.php?id=235024</topic_url>
<topic_text>
17/12/2016 | 08:54 ⇒ 09:32   Турска- Експлодирао аутобус, 13 жртава, 48 рањених У граду Кајсерију у централној Турској јутрос је експлодирао аутобус док је пролазио поред аутомобила пуног експлозива у близини градског универзитета, при чему је 13 војника погинуло, а 48 рањено, саопштила је војска, док је канцеларија премијера привремено забранила медијско извјештавање. Експлозија у Турској - мета аутобус (Фото:twitter) 
Војска наводи да међу рањенима можда има и цивила, преноси Ројтерс. 
Канцеларија турског премијера затражила је од медијских организација да се уздрже од објављивања било каквих информација које би могле да узрокују &quot;страх у јавности, панику и нереде и које би могле да служе циљевима терористичких организација&quot;, укључујући вријеме експлозије, изјаве званичника, податке о рањеним и погинулима, као и о осумњиченима, преноси АП. 
Потпредсједник турске владе Вејси Кајнак изјавио је да је напад аутомобилом-бомбом изведен на аутобус који је превозио војнике, потврдивши да има рањених, али је напоменуо да се за сада не зна колико има погинулих. Он је навео да јутрошња експлозија подсјећа на напад од прошле недјеље испред стадиона у Истанбулу. 
Аутобус је превозио цивиле и војнике ван дужности, а до експлозије је дошло у близини аутобуске станице у кампусу Универзитета Ерчијес у Кајсерију, наводи турска телевизија НТВ. 
Кајсери је један од главних градова централне Турске, кључно индустријско средиште које се, иначе, сматра мирном облашћу. 
Налази се западно од подручја земље гдје су протеклих мјесеци вођене борбе између курдских екстремиста и безбједносних снага. 
До најновијег инцидента је дошло недељу дана након што је у двоструком бомбашком нападу курдских екстремиста испред стадиона у Истанбулу убијено више од 40 људи, а рањено најмање 100. 
У Турској је током ове године изведен низ погубних бомбашких напада, за који се криве и џихадисти и курдски екстремисти. 
Извор: Агенције
</topic_text>
<spam_score>0.00</spam_score>
<post_num>1</post_num>
<post_id>post-1</post_id>
<post_url>http://www.rtrs.tv/vijesti/vijest.php?id=235024</post_url>
<post_date>20161217</post_date>
<post_time>0754</post_time>
<username></username>
<post>
17/12/2016 | 08:54 ⇒ 09:32   Турска- Експлодирао аутобус, 13 жртава, 48 рањених У граду Кајсерију у централној Турској јутрос је експлодирао аутобус док је пролазио поред аутомобила пуног експлозива у близини градског универзитета, при чему је 13 војника погинуло, а 48 рањено, саопштила је војска, док је канцеларија премијера привремено забранила медијско извјештавање. Експлозија у Турској - мета аутобус (Фото:twitter) 
Војска наводи да међу рањенима можда има и цивила, преноси Ројтерс. 
Канцеларија турског премијера затражила је од медијских организација да се уздрже од објављивања било каквих информација које би могле да узрокују &quot;страх у јавности, панику и нереде и које би могле да служе циљевима терористичких организација&quot;, укључујући вријеме експлозије, изјаве званичника, податке о рањеним и погинулима, као и о осумњиченима, преноси АП. 
Потпредсједник турске владе Вејси Кајнак изјавио је да је напад аутомобилом-бомбом изведен на аутобус који је превозио војнике, потврдивши да има рањених, али је напоменуо да се за сада не зна колико има погинулих. Он је навео да јутрошња експлозија подсјећа на напад од прошле недјеље испред стадиона у Истанбулу. 
Аутобус је превозио цивиле и војнике ван дужности, а до експлозије је дошло у близини аутобуске станице у кампусу Универзитета Ерчијес у Кајсерију, наводи турска телевизија НТВ. 
Кајсери је један од главних градова централне Турске, кључно индустријско средиште које се, иначе, сматра мирном облашћу. 
Налази се западно од подручја земље гдје су протеклих мјесеци вођене борбе између курдских екстремиста и безбједносних снага. 
До најновијег инцидента је дошло недељу дана након што је у двоструком бомбашком нападу курдских екстремиста испред стадиона у Истанбулу убијено више од 40 људи, а рањено најмање 100. 
У Турској је током ове године изведен низ погубних бомбашких напада, за који се криве и џихадисти и курдски екстремисти. 
Извор: Агенције
</post>
<signature>

</signature>
<external_links>

</external_links>
<country>TV</country>
<main_image>../_FOTO/nwz/0934/093414.jpg</main_image>
</document>
