<?xml version="1.0" encoding="UTF-8"?>
<document>
<type>mainstream</type>
<forum>http://onedio.com//support/rss.xml</forum>
<forum_title>Onedio Rss</forum_title>
<discussion_title>Kayseri&apos;deki Terör Saldırısına Sosyal Medyadan Tepkiler: &apos;Başaramayacaksınız&apos;</discussion_title>
<language>turkish</language>
<gmt_offset></gmt_offset>
<topic_url>https://onedio.com/haber/kayseri-deki-teror-saldirisina-sosyal-medyadan-tepkiler-745288</topic_url>
<topic_text>
— Yılmaz Özdil (@YlmzSozcu) 17 Aralık 2016 Ölenler hep işinde gücünde,geçim derdinde, ana, yar hasretinde.Vebali terörü alet eden,semirtenlerin boynuna. #terörülanetliyoruz #Kayseri — Mert FIRAT (@mert__firat) 17 Aralık 2016 Ülke huzursuz ve güvensiz. Her gün yeni bir bela. Ve ne acı, ülkeyi bu duruma nasıl getirdik sorusuyla yüzleşemeyen siyasiler! #KAYSERİ — fatih portakal (@fatihportakal) 17 Aralık 2016 İzne çıkan silahsız askerleri taşıyan otobüse bombalı araçla saldıran haysiyetsiz,ve aşağılık teröristler.Allah belanızı versin #Kayseri — Cenk Tosun (@CenkTosun_) 17 Aralık 2016 İzne çıkan askerler. Öğrenciler. Ve onların umut dolu hikayelerine hain, kalleş, kanlı bir bombayla nokta koyan terör. #Kayseri — Yekta Kopan (@yektakopan) 17 Aralık 2016 Katiller yine gençleri öldürmüş. Biz lanetleyeceğiz, şehit oldular diye biri &quot;müjde&quot; verecek, ötekiler &quot;Yola devam&quot; diyecek. Yeter! #Kayseri — Ece Temelkuran (@ETemelkuran) 17 Aralık 2016 Kayseri&apos;de askerlerimizi, sivil vatandaşlarımızı, milletimizin birliğini hedef alan saldırıyı lanetliyorum. #Başaramayacaksınız pic.twitter.com/aQO5n8Ce40 — Akif Çağatay Kılıç (@ackilic76) 17 Aralık 2016 Halk çocukları katlediliyor; hep yeni yeni analar ağlıyor. Lanetliyorum bu terörü, bu terör sarmalına mahkum edilmeyi de... #Kayseri — Sezgin Tanrıkulu (@MSTanrikulu) 17 Aralık 2016 Türkiye kocaman bir cenaze evi artık #Kayseri —şengül hablemitoğlu (@s_hablemitoglu) 17 Aralık 2016 Huzur kentimiz Kayseri&apos;de askerlerimize karşı bu terör saldırısını yapanlara lanet olsun. — Abdullah Gül (@cbabdullahgul) 17 Aralık 2016 Çarşı iznindeki asker çocuklara halk otobüsünde saldırmak... ne adilik, ne korkaklık. Alıştırmaya çalıştırıyor terör, alışmamalı. #Kayseri — Koray Çalışkan (@koraycaliskan) 17 Aralık 2016 Kalleşliğiniz tescilli. AMA başaramayacaksınız, bu ülkeyi bölemeyeceksiniz, bizi bitiremeyeceksiniz... #Kayseri — Arda Turan (@ArdaTuran) 17 Aralık 2016 #Kayseri yetti gari,bu kabusdan uyanalım gari! #Başaramayacaklar Birbirimize düşmeyeceğiz!Şehitlere rahmet,kalanlara sabır, teröre lanet! — irfan değirmenci (@degirmencirfan) 17 Aralık 2016 Kelimeler tükendi, yüreğimiz yanıyor! Yüzlerce ana, kuzusundan haber almak için sokağı gözlüyor. Bu acının tarifi yok! #Kayseri — Gamze Akkuşİlgezdi (@gamzeilgezdi) 17 Aralık 2016 Kayseride halka ve komandolara yapılan alçak saldırının hesabını Kayseri komando Suriye ve Irakta soracaktır.Allah yardım etsin onlara — Prof. Dr. Ümit Özdağ (@umitozdag) 17 Aralık 2016 Yıllarca uzaktan izleyip üzüldüğümüz Ortadoğu ülkesine döndük. Şimdi aynışekilde başka birileri rahat ülkesinde bizi izliyor #Kayseri — Aylin Kotil (@aylin_kotil) 17 Aralık 2016 Aklıçoktan terketmişölüm makineleri onlar, anlamıyorlar. Yine de içimden geleni haykırayım: &quot;Yeter!&quot; #Kayseri https://t.co/AgVrLE0lE9
</topic_text>
<spam_score>0.00</spam_score>
<post_num>1</post_num>
<post_id>post-1</post_id>
<post_url>https://onedio.com/haber/kayseri-deki-teror-saldirisina-sosyal-medyadan-tepkiler-745288</post_url>
<post_date>20161217</post_date>
<post_time>0855</post_time>
<username>Onedio Medya</username>
<post>
— Yılmaz Özdil (@YlmzSozcu) 17 Aralık 2016 Ölenler hep işinde gücünde,geçim derdinde, ana, yar hasretinde.Vebali terörü alet eden,semirtenlerin boynuna. #terörülanetliyoruz #Kayseri — Mert FIRAT (@mert__firat) 17 Aralık 2016 Ülke huzursuz ve güvensiz. Her gün yeni bir bela. Ve ne acı, ülkeyi bu duruma nasıl getirdik sorusuyla yüzleşemeyen siyasiler! #KAYSERİ — fatih portakal (@fatihportakal) 17 Aralık 2016 İzne çıkan silahsız askerleri taşıyan otobüse bombalı araçla saldıran haysiyetsiz,ve aşağılık teröristler.Allah belanızı versin #Kayseri — Cenk Tosun (@CenkTosun_) 17 Aralık 2016 İzne çıkan askerler. Öğrenciler. Ve onların umut dolu hikayelerine hain, kalleş, kanlı bir bombayla nokta koyan terör. #Kayseri — Yekta Kopan (@yektakopan) 17 Aralık 2016 Katiller yine gençleri öldürmüş. Biz lanetleyeceğiz, şehit oldular diye biri &quot;müjde&quot; verecek, ötekiler &quot;Yola devam&quot; diyecek. Yeter! #Kayseri — Ece Temelkuran (@ETemelkuran) 17 Aralık 2016 Kayseri&apos;de askerlerimizi, sivil vatandaşlarımızı, milletimizin birliğini hedef alan saldırıyı lanetliyorum. #Başaramayacaksınız pic.twitter.com/aQO5n8Ce40 — Akif Çağatay Kılıç (@ackilic76) 17 Aralık 2016 Halk çocukları katlediliyor; hep yeni yeni analar ağlıyor. Lanetliyorum bu terörü, bu terör sarmalına mahkum edilmeyi de... #Kayseri — Sezgin Tanrıkulu (@MSTanrikulu) 17 Aralık 2016 Türkiye kocaman bir cenaze evi artık #Kayseri —şengül hablemitoğlu (@s_hablemitoglu) 17 Aralık 2016 Huzur kentimiz Kayseri&apos;de askerlerimize karşı bu terör saldırısını yapanlara lanet olsun. — Abdullah Gül (@cbabdullahgul) 17 Aralık 2016 Çarşı iznindeki asker çocuklara halk otobüsünde saldırmak... ne adilik, ne korkaklık. Alıştırmaya çalıştırıyor terör, alışmamalı. #Kayseri — Koray Çalışkan (@koraycaliskan) 17 Aralık 2016 Kalleşliğiniz tescilli. AMA başaramayacaksınız, bu ülkeyi bölemeyeceksiniz, bizi bitiremeyeceksiniz... #Kayseri — Arda Turan (@ArdaTuran) 17 Aralık 2016 #Kayseri yetti gari,bu kabusdan uyanalım gari! #Başaramayacaklar Birbirimize düşmeyeceğiz!Şehitlere rahmet,kalanlara sabır, teröre lanet! — irfan değirmenci (@degirmencirfan) 17 Aralık 2016 Kelimeler tükendi, yüreğimiz yanıyor! Yüzlerce ana, kuzusundan haber almak için sokağı gözlüyor. Bu acının tarifi yok! #Kayseri — Gamze Akkuşİlgezdi (@gamzeilgezdi) 17 Aralık 2016 Kayseride halka ve komandolara yapılan alçak saldırının hesabını Kayseri komando Suriye ve Irakta soracaktır.Allah yardım etsin onlara — Prof. Dr. Ümit Özdağ (@umitozdag) 17 Aralık 2016 Yıllarca uzaktan izleyip üzüldüğümüz Ortadoğu ülkesine döndük. Şimdi aynışekilde başka birileri rahat ülkesinde bizi izliyor #Kayseri — Aylin Kotil (@aylin_kotil) 17 Aralık 2016 Aklıçoktan terketmişölüm makineleri onlar, anlamıyorlar. Yine de içimden geleni haykırayım: &quot;Yeter!&quot; #Kayseri https://t.co/AgVrLE0lE9
</post>
<signature>

</signature>
<external_links>

</external_links>
<country>US</country>
<main_image>https://img-s1.onedio.com/id-5854fc002e07fdc931d300b8/rev-0/raw/s-e24e54af8e479f8c32ab8594a2a56b3826eeda2e.jpg</main_image>
</document>
