<?xml version="1.0" encoding="UTF-8"?>
<document>
<type>mainstream</type>
<forum>https://www.theguardian.com/uk/tv-and-radio</forum>
<forum_title>TV and radio | TV-and-radio | The Guardian</forum_title>
<discussion_title>Catch-up and download: From Fleabag to Chapo Trap House | Television &amp; radio</discussion_title>
<language>english</language>
<gmt_offset>-6</gmt_offset>
<topic_url>https://www.theguardian.com/tv-and-radio/2016/dec/17/catch-up-and-download</topic_url>
<topic_text>
BBC iPlayer Fleabag
Having spawned one of 2016’s most talked-about TV offerings, Phoebe Waller-Bridge’s tragicomic hit recently returned to its one-woman theatrical roots with a limited run at Soho Theatre. Tickets sold out in no time, but thankfully there’s another chance to catch the TV version, heavy on humiliation, masturbation, grief and acerbic one-liners.
Available now
Planet Earth II Playlists
For those who can’t get enough of the BBC1 nature documentary’s swoonsome visuals, the iPlayer is offering three half-hour interludes of aerial and drone footage from the series, set to a wide-ranging selection of music curated by Benji B, David Rodigan and Huw Stephens. Slow TV for viewers without the time, the selections veer from the obvious (Many Rivers To Cross over shots of a river) to the inspired (Alice Coltrane in the rainforest canopy). There’s no Tinariwen for the desert or Moby by the ocean but, yes, there is some jungle in the jungle.
Available to 27 Dec
BBC3 Seann Walsh: One For The Road
Feted observational comic/all-round wally Seann Walsh took his gags to the Highlands back in September as part of his One For The Road tour, along with punning “support act and driver” Mark Simmons. Expect carnage and comedy as the pair career around remote Scotland without a tour manager or 4G signal in sight in this one-off.
Available from Wednesday
 Seann Walsh (left) and Mark Simmons Netflix
Ten Percent
Naturally, this cameo-filled French dramedy about actors has drawn comparisons with the likes of Extras and Entourage. Its Parisian froideur and style do, however, give it a distinctly Euro edge. Agents Mathias, Andrea, Arlette and Gabriel look after some of France’s biggest names, but behind the doors of their swanky offices, trouble is afoot: actor Cécile de France is dropped from a US flick for being too old, while Mathias is pursued by an unexpected, persistent visitor.
Available from Sunday
Podcast Griefcast
A shroud of taboo, fear, mystery and polite euphemism still surrounds the way we speak about death today. Comic Cariad Lloyd – whose father died when she was 15 – draws on mortality with humour and warmth, throwing the shroud to one side as she speaks to fellow funnypeople about their own experiences of death. Episodes released so far feature Adam Buxton, Jayde Adams, Jon Harvey and Sara Pascoe, with more to follow.
Available now
Chapo Trap House
There’s a new demographic in US politics known as the Dirtbag Left. They’re the left-behind Bernie Bros; the young people energised by Sanders who voted for Clinton with a heavy heart, or didn’t vote at all. The sensibility is well represented by this podcast, which comes courtesy of a trio of smart but cynical twentysomethings whose first post-election mission is to eat plenty of humble pie. Their subsequent moves should be well worth watching as the response to Trump develops.
Available now
</topic_text>
<spam_score>0.02</spam_score>
<post_num>1</post_num>
<post_id>post-1</post_id>
<post_url>https://www.theguardian.com/tv-and-radio/2016/dec/17/catch-up-and-download</post_url>
<post_date>20161217</post_date>
<post_time>0900</post_time>
<username>The Guide</username>
<post>
BBC iPlayer Fleabag
Having spawned one of 2016’s most talked-about TV offerings, Phoebe Waller-Bridge’s tragicomic hit recently returned to its one-woman theatrical roots with a limited run at Soho Theatre. Tickets sold out in no time, but thankfully there’s another chance to catch the TV version, heavy on humiliation, masturbation, grief and acerbic one-liners.
Available now
Planet Earth II Playlists
For those who can’t get enough of the BBC1 nature documentary’s swoonsome visuals, the iPlayer is offering three half-hour interludes of aerial and drone footage from the series, set to a wide-ranging selection of music curated by Benji B, David Rodigan and Huw Stephens. Slow TV for viewers without the time, the selections veer from the obvious (Many Rivers To Cross over shots of a river) to the inspired (Alice Coltrane in the rainforest canopy). There’s no Tinariwen for the desert or Moby by the ocean but, yes, there is some jungle in the jungle.
Available to 27 Dec
BBC3 Seann Walsh: One For The Road
Feted observational comic/all-round wally Seann Walsh took his gags to the Highlands back in September as part of his One For The Road tour, along with punning “support act and driver” Mark Simmons. Expect carnage and comedy as the pair career around remote Scotland without a tour manager or 4G signal in sight in this one-off.
Available from Wednesday
 Seann Walsh (left) and Mark Simmons Netflix
Ten Percent
Naturally, this cameo-filled French dramedy about actors has drawn comparisons with the likes of Extras and Entourage. Its Parisian froideur and style do, however, give it a distinctly Euro edge. Agents Mathias, Andrea, Arlette and Gabriel look after some of France’s biggest names, but behind the doors of their swanky offices, trouble is afoot: actor Cécile de France is dropped from a US flick for being too old, while Mathias is pursued by an unexpected, persistent visitor.
Available from Sunday
Podcast Griefcast
A shroud of taboo, fear, mystery and polite euphemism still surrounds the way we speak about death today. Comic Cariad Lloyd – whose father died when she was 15 – draws on mortality with humour and warmth, throwing the shroud to one side as she speaks to fellow funnypeople about their own experiences of death. Episodes released so far feature Adam Buxton, Jayde Adams, Jon Harvey and Sara Pascoe, with more to follow.
Available now
Chapo Trap House
There’s a new demographic in US politics known as the Dirtbag Left. They’re the left-behind Bernie Bros; the young people energised by Sanders who voted for Clinton with a heavy heart, or didn’t vote at all. The sensibility is well represented by this podcast, which comes courtesy of a trio of smart but cynical twentysomethings whose first post-election mission is to eat plenty of humble pie. Their subsequent moves should be well worth watching as the response to Trump develops.
Available now
</post>
<signature>

</signature>
<external_links>
<external_link>https://i.guim.co.uk/img/media/4be4429fc4d82260b014eab210e4128820fbc9d6/0_533_960_576/960.jpg?w=700&amp;q=55&amp;auto=format&amp;usm=12&amp;fit=max&amp;s=c475e47ed2ce3683ed452ecefa777a7e</external_link><external_link>https://twitter.com/intent/tweet?text=Catch-up%20and%20download%3A%20From%20Fleabag%20to%20Chapo%20Trap%20House&amp;url=https%3A%2F%2Fwww.theguardian.com%2Ftv-and-radio%2F2016%2Fdec%2F17%2Fcatch-up-and-download%3FCMP%3Dshare_btn_tw%26page%3Dwith%3Aimg-2%23img-2</external_link><external_link>http://www.pinterest.com/pin/create/button/?description=Catch-up%20and%20download%3A%20From%20Fleabag%20to%20Chapo%20Trap%20House&amp;url=https%3A%2F%2Fwww.theguardian.com%2Ftv-and-radio%2F2016%2Fdec%2F17%2Fcatch-up-and-download%3Fpage%3Dwith%3Aimg-2%23img-2&amp;media=https%3A%2F%2Fmedia.guim.co.uk%2F4be4429fc4d82260b014eab210e4128820fbc9d6%2F0_533_960_576%2F960.jpg</external_link><external_link>https://i.guim.co.uk/img/media/4be4429fc4d82260b014eab210e4128820fbc9d6/0_533_960_576/master/960.jpg?w=605&amp;q=55&amp;auto=format&amp;usm=12&amp;fit=max&amp;s=278dc7a491e8032cca92a59e9573c8c8</external_link><external_link>https://i.guim.co.uk/img/media/4be4429fc4d82260b014eab210e4128820fbc9d6/0_533_960_576/master/960.jpg?w=445&amp;q=55&amp;auto=format&amp;usm=12&amp;fit=max&amp;s=9788be5d7517e63da35cc4f30bf1f939</external_link><external_link>https://i.guim.co.uk/img/media/4be4429fc4d82260b014eab210e4128820fbc9d6/0_533_960_576/master/960.jpg?w=605&amp;q=20&amp;auto=format&amp;usm=12&amp;fit=max&amp;dpr=2&amp;s=3e7145c501ffb9a74ad0027f3da6bb7f</external_link><external_link>https://www.facebook.com/dialog/share?app_id=180444840287&amp;href=https%3A%2F%2Fwww.theguardian.com%2Ftv-and-radio%2F2016%2Fdec%2F17%2Fcatch-up-and-download%3FCMP%3Dshare_btn_fb%26page%3Dwith%3Aimg-2%23img-2&amp;picture=https%3A%2F%2Fmedia.guim.co.uk%2F4be4429fc4d82260b014eab210e4128820fbc9d6%2F0_533_960_576%2F960.jpg</external_link><external_link>https://i.guim.co.uk/img/media/4be4429fc4d82260b014eab210e4128820fbc9d6/0_533_960_576/master/960.jpg?w=620&amp;q=20&amp;auto=format&amp;usm=12&amp;fit=max&amp;dpr=2&amp;s=68d5019954eeffa9fb1a12e5a4583438</external_link><external_link>http://www.bbc.co.uk/iplayer</external_link><external_link>https://player.fm/series/griefcast</external_link><external_link>http://www.bbc.co.uk/programmes/p040tlqx/episodes/player</external_link><external_link>https://i.guim.co.uk/img/media/4be4429fc4d82260b014eab210e4128820fbc9d6/0_533_960_576/master/960.jpg?w=445&amp;q=20&amp;auto=format&amp;usm=12&amp;fit=max&amp;dpr=2&amp;s=f24889a94e701cba82a852824c52d20c</external_link><external_link>https://i.guim.co.uk/img/media/4be4429fc4d82260b014eab210e4128820fbc9d6/0_533_960_576/master/960.jpg?w=300&amp;q=55&amp;auto=format&amp;usm=12&amp;fit=max&amp;s=c2625837aa8259b45e3a4c5f2b3eea7b</external_link><external_link>http://www.bbc.co.uk/programmes/p04glqgd</external_link><external_link>https://i.guim.co.uk/img/media/4be4429fc4d82260b014eab210e4128820fbc9d6/0_533_960_576/master/960.jpg?w=620&amp;q=55&amp;auto=format&amp;usm=12&amp;fit=max&amp;s=7bad95afb6721a2b348eb489b08190d3</external_link><external_link>https://soundcloud.com/chapo-trap-house</external_link>
</external_links>
<country>US</country>
<main_image>https://i.guim.co.uk/img/media/39739b4ac3015ba1cb4e7ab78bb66e4bfddf9256/0_53_960_576/master/960.jpg?w=1200&amp;amp;h=630&amp;amp;q=55&amp;amp;auto=format&amp;amp;usm=12&amp;amp;fit=crop&amp;amp;crop=faces%2Centropy&amp;amp;bm=normal&amp;amp;ba=bottom%2Cleft&amp;amp;blend64=aHR0cHM6Ly91cGxvYWRzLmd1aW0uY28udWsvMjAxNi8wNS8yNS9vdmVybGF5LWxvZ28tMTIwMC05MF9vcHQucG5n&amp;amp;s=01fdb39066982522ffd76363f99dff06</main_image>
</document>
