<?xml version="1.0" encoding="UTF-8"?>
<document>
<type>mainstream</type>
<forum>http://www.youm7.com/rss/SectionRss?SectionID=97</forum>
<forum_title>rss-تقارير مصرية</forum_title>
<discussion_title>&quot;مصر للطيران&quot; تنظم زيارة إلى الأقصر وأسوان لوفد سياحى وإعلامى بلجيكى - اليوم السابع</discussion_title>
<language>arabic</language>
<gmt_offset></gmt_offset>
<topic_url>http://www.youm7.com/story/2016/12/17/%D9%85%D8%B5%D8%B1-%D9%84%D9%84%D8%B7%D9%8A%D8%B1%D8%A7%D9%86-%D8%AA%D9%86%D8%B8%D9%85-%D8%B2%D9%8A%D8%A7%D8%B1%D8%A9-%D8%A5%D9%84%D9%89-%D8%A7%D9%84%D8%A3%D9%82%D8%B5%D8%B1-%D9%88%D8%A3%D8%B3%D9%88%D8%A7%D9%86-%D9%84%D9%88%D9%81%D8%AF-%D8%B3%D9%8A%D8%A7%D8%AD%D9%89-%D9%88%D8%A5%D8%B9%D9%84%D8%A7%D9%85%D9%89/3014105</topic_url>
<topic_text>
كتبت- رحاب نبيل استقبلت مصر للطيران بمطار القاهرة الدولى، اليوم السبت، وفداً يضم 12 من ممثلى كبرى شركات السياحة ووسائل الإعلام البلجيكية قادمين من العاصمة بروكسل على رحلة الشركة رقم MS 726 فى زيارة لمصر لعمل جولة تعريفية والاستمتاع بالمعالم السياحية والأثرية بمدينتى الأقصر وأسوان  خلال الفترة من 16 وحتى 20 ديسمبر الحالي، حيث تم تنظيم هذه الزيارة من خلال مكتب مصر للطيران ببروكسل بالتعاون مع هيئة تنشيط السياحة.   وقال الطيار شريف عزت، رئيس مجلس إدارة شركة مصر للطيران للخطوط الجوية: &quot;يسعدنا استضافة هذا الوفد السياحى والإعلامى وتواجده فى مصر فى هذه الفترة تحديداً، والتى تشهد الاستعداد لاستقبال احتفالات الكريسماس وأجازات رأس السنة واستقبال المدن السياحية المصرية العديد من الزائرين للاستمتاع بطقسها الدافئ خاصة فى هذا الوقت من العام، حيث تأتى هذه الزيارة فى ضوء الجهود التى تبذلها الشركة لتنشيط حركة السياحة الوافدة إلى جمهورية مصر العربية ومدنها ومقاصدها السياحية الهامة&quot;.   واستقبل فريق من العلاقات العامة بمصر للطيران الوفد البلجيكى، وتم منحهم هدايا تذكارية مهداه من شركة مصر للطيران للسياحة والأسواق الحرة.   يشار إلى أن مصر للطيران تسير 4 رحلات أسبوعيًا إلى بروكسل من خلال طراز الإيرباص ٣٢٠ التى تتسع الى نحو 145 راكبًا. 
موضوعات متعلقة.. بعد مرور 6 أشهر.. &quot;الطب الشرعى&quot; ينتهى من تحليل رفات ضحايا طائرة مصر للطيران المنكوبة.. لجنة التحقيق: وجود آثار مواد متفجرة على رفات الضحايا.. وخبراء الطيران: التقرير يشير لوضع المتفجرات بكابينة الركاب هيئة سلامة الطيران الفرنسى: لا يمكن استخلاص نتائج بشأن طائرة مصر للطيران
</topic_text>
<spam_score>0.00</spam_score>
<post_num>1</post_num>
<post_id>post-1</post_id>
<post_url>http://www.youm7.com/story/2016/12/17/%D9%85%D8%B5%D8%B1-%D9%84%D9%84%D8%B7%D9%8A%D8%B1%D8%A7%D9%86-%D8%AA%D9%86%D8%B8%D9%85-%D8%B2%D9%8A%D8%A7%D8%B1%D8%A9-%D8%A5%D9%84%D9%89-%D8%A7%D9%84%D8%A3%D9%82%D8%B5%D8%B1-%D9%88%D8%A3%D8%B3%D9%88%D8%A7%D9%86-%D9%84%D9%88%D9%81%D8%AF-%D8%B3%D9%8A%D8%A7%D8%AD%D9%89-%D9%88%D8%A5%D8%B9%D9%84%D8%A7%D9%85%D9%89/3014105</post_url>
<post_date>20161217</post_date>
<post_time>1118</post_time>
<username>youm7.com</username>
<post>
كتبت- رحاب نبيل استقبلت مصر للطيران بمطار القاهرة الدولى، اليوم السبت، وفداً يضم 12 من ممثلى كبرى شركات السياحة ووسائل الإعلام البلجيكية قادمين من العاصمة بروكسل على رحلة الشركة رقم MS 726 فى زيارة لمصر لعمل جولة تعريفية والاستمتاع بالمعالم السياحية والأثرية بمدينتى الأقصر وأسوان  خلال الفترة من 16 وحتى 20 ديسمبر الحالي، حيث تم تنظيم هذه الزيارة من خلال مكتب مصر للطيران ببروكسل بالتعاون مع هيئة تنشيط السياحة.   وقال الطيار شريف عزت، رئيس مجلس إدارة شركة مصر للطيران للخطوط الجوية: &quot;يسعدنا استضافة هذا الوفد السياحى والإعلامى وتواجده فى مصر فى هذه الفترة تحديداً، والتى تشهد الاستعداد لاستقبال احتفالات الكريسماس وأجازات رأس السنة واستقبال المدن السياحية المصرية العديد من الزائرين للاستمتاع بطقسها الدافئ خاصة فى هذا الوقت من العام، حيث تأتى هذه الزيارة فى ضوء الجهود التى تبذلها الشركة لتنشيط حركة السياحة الوافدة إلى جمهورية مصر العربية ومدنها ومقاصدها السياحية الهامة&quot;.   واستقبل فريق من العلاقات العامة بمصر للطيران الوفد البلجيكى، وتم منحهم هدايا تذكارية مهداه من شركة مصر للطيران للسياحة والأسواق الحرة.   يشار إلى أن مصر للطيران تسير 4 رحلات أسبوعيًا إلى بروكسل من خلال طراز الإيرباص ٣٢٠ التى تتسع الى نحو 145 راكبًا. 
موضوعات متعلقة.. بعد مرور 6 أشهر.. &quot;الطب الشرعى&quot; ينتهى من تحليل رفات ضحايا طائرة مصر للطيران المنكوبة.. لجنة التحقيق: وجود آثار مواد متفجرة على رفات الضحايا.. وخبراء الطيران: التقرير يشير لوضع المتفجرات بكابينة الركاب هيئة سلامة الطيران الفرنسى: لا يمكن استخلاص نتائج بشأن طائرة مصر للطيران
</post>
<signature>

</signature>
<external_links>

</external_links>
<country>US</country>
<main_image>http://img.youm7.com/large/122015112016282461220151118345924858661.jpg</main_image>
</document>
