<?xml version="1.0" encoding="UTF-8"?>
<document>
<type>mainstream</type>
<forum>http://www.capitalbay.news/feed/index.rss</forum>
<forum_title>CapitalBay</forum_title>
<discussion_title>He&apos;s innocent, insists mother of public schoolboy found guilty of gangland murder</discussion_title>
<language>english</language>
<gmt_offset></gmt_offset>
<topic_url>http://www.capitalbay.news/crime-news/1103791-he-s-innocent-insists-mother-of-public-schoolboy-found-guilty-of-gangland-murder.html</topic_url>
<topic_text>
Diana Lank insists her son, Rupert Ross, 34, is innocent of the gangland murder Ms Lank, 61, was cleared of plotting with civilian police to reveal witness identity She was cleared after jurors in her retrial were unable to agree to a verdict Ross gunned down Darcy Austin-Bruce, 20, in 2009 He was jailed alongside Leon De St Aubin, 38, for 30 years for the murder 
The mother of a public schoolboy turned murderous gangster insists he is innocent, even as she has been cleared of conspiring to uncover a key witness who helped put him behind bars. 
Even after going through the trials, Diana Lank, 61, said she felt she was doing the right thing for her son, Rupert Ross, 34 - currently serving life for gunning down an underworld rival outside Wandsworth prison. 
&apos;If the truth had come out in the beginning, I wouldn&apos;t be here. I didn&apos;t choose this path,&apos; she told The Times. 
She said that after Ross was convicted, she started looking into the case. 
&apos;He&apos;s my son and I love him,&apos; she said. &apos;But Rupert and Leon are innocent, that&apos;s more to the point.&apos; 
&apos;It is clear to me that the police didn&apos;t do their job properly.&apos; 
Ms Lank was cleared of plotting to find the identity of a protected witness in her son&apos;s murder trial. 
The wealthy Chelsea boutique owner was accused of trying to track down the witness who anonymously gave evidence to help convict her 34-year-old son Rupert Ross of murder. 
Ms Lank walked free from the Old Bailey after being acquitted by a judge of conspiring with two police detention officers to commit misconduct in a public office. The court heard how Lydia Lauro, 33, made persistent efforts to discover the identity of the witness by hacking into the intelligence database with the help of fellow police detention officer Hayden Cheremeh. 
Earlier this year, Cheremeh, 36, a former police community support officer (PCSO), and Lauro were found guilty of the plot between November 1 2011 and May 22 2013. They will be sentenced on January 20. 
Ms Lank, who ran a boutique on the King&apos;s Road in Chelsea, was accused of being the &apos;chief organiser&apos; of the plotters. 
But after nearly 40 hours of deliberations, jurors in her retrial were unable to agree a verdict. 
Following consideration by the Crown, prosecutor Mark Heywood QC announced it would not seek a second retrial, a move normally reserved for the most serious cases. 
Trial Judge Anthony Morris QC was invited to formally enter a not guilty verdict at the Old Bailey hearing. 
The case surrounded Ms Lank&apos;s son, Dulwich College ex-pupil Rupert Ross, now 35, and Leon De St Aubin, 39, who were jailed for life for the killing of Darcy Austin-Bruce outside Wandsworth jail on May 1 2009. 
Aubin&apos;s girlfriend Lauro got a job as a civilian worker at Hammersmith Police Station two months after they were convicted in 2011. 
No retrial: Ms Lank was accused of trying to track down the witness who anonymously gave evidence to help convict her 34-year-old son Rupert Ross of murder Lydia Lauro, 33, made persistent efforts to discover the identity of the witness by hacking into the intelligence database with the help of fellow police detention officer Hayden Cheremeh. Both were convicted this year 
She accessed the intelligence system at Hammersmith Police Station by persuading fellow Metropolitan Police detention officer Cheremeh into doing her a &apos;big favour&apos;. 
The retrial had heard how Lauro used Cheremeh&apos;s log-in to get into the Met&apos;s intelligence system and passed information to Ms Lank. 
Drug dealer Darcy Austin-Bruce was shot down outside the gates of Wandsworth Prison in 2009 
The restricted information was about a young woman who had given evidence from behind a screen, using a voice-altering device and under a pseudonym. 
It was then &apos;passed on to others ... who should not have had access to it&apos;, the court was told. 
The police detention officers had &apos;abused the very great trust placed in them&apos;, Mr Heywood said. 
&apos;A trust which all of us have in those people employed in that kind of role to deal properly with full regard to confidentiality.&apos; 
The court heard that Lauro even considered using the detention of a judge&apos;s son for being drunk and disorderly to contact his father but was advised by Cheremeh to &apos;take care&apos;. 
In November 2011, Ross, from Fulham, and firefighter Aubin, from Chelsea, were handed a minimum term of 30 years for murder. 
Their trial at the Old Bailey had heard how Ross disguised himself as a lawyer to gun down his rival outside Wandsworth jail in south London after getting caught up in the drug-dealing underworld. 
He wrote in his diary that he was &apos;living a gangster lifestyle, making good money and living a fast life&apos;. Convicted: Rupert Ross, 34, left, and Leon De St Aubin, 39, right, were jailed for life for the killing of Darcy Austin-Bruce outside Wandsworth jail on May 1 2009. 
Ross was from a wealthy background, with some of his family working as lawyers, but fell under the spell of drugs. 
He shot Mr Austin-Bruce, 20, five times outside the jail in May 2009, having been tipped off from inside the jail that the victim would be visiting someone inside. Afterwards, Ross was sped away on a stolen moped. 
The Court of Appeal dismissed applications by Ross and Aubin to appeal against their convictions and sentences.   21 minutes ago
</topic_text>
<spam_score>0.00</spam_score>
<post_num>1</post_num>
<post_id>post-1</post_id>
<post_url>http://www.capitalbay.news/crime-news/1103791-he-s-innocent-insists-mother-of-public-schoolboy-found-guilty-of-gangland-murder.html</post_url>
<post_date>20161217</post_date>
<post_time>0846</post_time>
<username></username>
<post>
Diana Lank insists her son, Rupert Ross, 34, is innocent of the gangland murder Ms Lank, 61, was cleared of plotting with civilian police to reveal witness identity She was cleared after jurors in her retrial were unable to agree to a verdict Ross gunned down Darcy Austin-Bruce, 20, in 2009 He was jailed alongside Leon De St Aubin, 38, for 30 years for the murder 
The mother of a public schoolboy turned murderous gangster insists he is innocent, even as she has been cleared of conspiring to uncover a key witness who helped put him behind bars. 
Even after going through the trials, Diana Lank, 61, said she felt she was doing the right thing for her son, Rupert Ross, 34 - currently serving life for gunning down an underworld rival outside Wandsworth prison. 
&apos;If the truth had come out in the beginning, I wouldn&apos;t be here. I didn&apos;t choose this path,&apos; she told The Times. 
She said that after Ross was convicted, she started looking into the case. 
&apos;He&apos;s my son and I love him,&apos; she said. &apos;But Rupert and Leon are innocent, that&apos;s more to the point.&apos; 
&apos;It is clear to me that the police didn&apos;t do their job properly.&apos; 
Ms Lank was cleared of plotting to find the identity of a protected witness in her son&apos;s murder trial. 
The wealthy Chelsea boutique owner was accused of trying to track down the witness who anonymously gave evidence to help convict her 34-year-old son Rupert Ross of murder. 
Ms Lank walked free from the Old Bailey after being acquitted by a judge of conspiring with two police detention officers to commit misconduct in a public office. The court heard how Lydia Lauro, 33, made persistent efforts to discover the identity of the witness by hacking into the intelligence database with the help of fellow police detention officer Hayden Cheremeh. 
Earlier this year, Cheremeh, 36, a former police community support officer (PCSO), and Lauro were found guilty of the plot between November 1 2011 and May 22 2013. They will be sentenced on January 20. 
Ms Lank, who ran a boutique on the King&apos;s Road in Chelsea, was accused of being the &apos;chief organiser&apos; of the plotters. 
But after nearly 40 hours of deliberations, jurors in her retrial were unable to agree a verdict. 
Following consideration by the Crown, prosecutor Mark Heywood QC announced it would not seek a second retrial, a move normally reserved for the most serious cases. 
Trial Judge Anthony Morris QC was invited to formally enter a not guilty verdict at the Old Bailey hearing. 
The case surrounded Ms Lank&apos;s son, Dulwich College ex-pupil Rupert Ross, now 35, and Leon De St Aubin, 39, who were jailed for life for the killing of Darcy Austin-Bruce outside Wandsworth jail on May 1 2009. 
Aubin&apos;s girlfriend Lauro got a job as a civilian worker at Hammersmith Police Station two months after they were convicted in 2011. 
No retrial: Ms Lank was accused of trying to track down the witness who anonymously gave evidence to help convict her 34-year-old son Rupert Ross of murder Lydia Lauro, 33, made persistent efforts to discover the identity of the witness by hacking into the intelligence database with the help of fellow police detention officer Hayden Cheremeh. Both were convicted this year 
She accessed the intelligence system at Hammersmith Police Station by persuading fellow Metropolitan Police detention officer Cheremeh into doing her a &apos;big favour&apos;. 
The retrial had heard how Lauro used Cheremeh&apos;s log-in to get into the Met&apos;s intelligence system and passed information to Ms Lank. 
Drug dealer Darcy Austin-Bruce was shot down outside the gates of Wandsworth Prison in 2009 
The restricted information was about a young woman who had given evidence from behind a screen, using a voice-altering device and under a pseudonym. 
It was then &apos;passed on to others ... who should not have had access to it&apos;, the court was told. 
The police detention officers had &apos;abused the very great trust placed in them&apos;, Mr Heywood said. 
&apos;A trust which all of us have in those people employed in that kind of role to deal properly with full regard to confidentiality.&apos; 
The court heard that Lauro even considered using the detention of a judge&apos;s son for being drunk and disorderly to contact his father but was advised by Cheremeh to &apos;take care&apos;. 
In November 2011, Ross, from Fulham, and firefighter Aubin, from Chelsea, were handed a minimum term of 30 years for murder. 
Their trial at the Old Bailey had heard how Ross disguised himself as a lawyer to gun down his rival outside Wandsworth jail in south London after getting caught up in the drug-dealing underworld. 
He wrote in his diary that he was &apos;living a gangster lifestyle, making good money and living a fast life&apos;. Convicted: Rupert Ross, 34, left, and Leon De St Aubin, 39, right, were jailed for life for the killing of Darcy Austin-Bruce outside Wandsworth jail on May 1 2009. 
Ross was from a wealthy background, with some of his family working as lawyers, but fell under the spell of drugs. 
He shot Mr Austin-Bruce, 20, five times outside the jail in May 2009, having been tipped off from inside the jail that the victim would be visiting someone inside. Afterwards, Ross was sped away on a stolen moped. 
The Court of Appeal dismissed applications by Ross and Aubin to appeal against their convictions and sentences.   21 minutes ago
</post>
<signature>

</signature>
<external_links>

</external_links>
<country>US</country>
<main_image>http://www.capitalbay.news/thumbnail.php?file=Diana_Lank_251357241.jpg&amp;size=article_large</main_image>
</document>
