<?xml version="1.0" encoding="UTF-8"?>
<document>
<type>mainstream</type>
<forum>http://www.theguardian.com/theguardian/2014/sep/10/mainsection/rss</forum>
<forum_title>The Guardian</forum_title>
<discussion_title>I was hired as an assistant, but have ended up doing the job of a manager | Money</discussion_title>
<language>english</language>
<gmt_offset></gmt_offset>
<topic_url>https://www.theguardian.com/money/2016/dec/16/hired-assistant-doing-job-of-manager-pay-rise</topic_url>
<topic_text>
Six months ago I joined a small company as an area assistant. Two months after starting, my area manager was made redundant and I ended up with his workload as well as my own.
He was asked to leave because our company has been purchased by a multinational. The new boss of our company has been working with me for the past few months and I’ve been praised for my work many times. 
However, my duties are obviously way beyond what I was hired to do and I have landed up with an incredible amount of responsibility. I am now doing exactly the same job as the “redundant” area manager but am still, on paper, an “assistant”.
My co-workers also seem to resent the fact I have a good relationship with the boss and I feel this gets in the way of my work. I suppose this is a hangover from the takeover, which caused a lot of worry and was unsettling for everyone. 
I like my position and the upside is that I get to learn and be challenged more than before. However, not surprisingly, I want a pay rise. My boss seems reluctant to discuss this. I only mentioned it once, saying I expected a rise at some point, but that’s all.
What should I do? I can get another job for double the money (I am not exaggerating!) but I enjoy what I do.
Do you need advice on a work issue? For Jeremy’s and readers’ help, send a brief email to dear.jeremy@theguardian.com . Please note that he is unable to answer questions of a legal nature or to reply personally.
</topic_text>
<spam_score>0.00</spam_score>
<post_num>12</post_num>
<post_id>post-12</post_id>
<post_url>https://www.theguardian.com/money/2016/dec/16/hired-assistant-doing-job-of-manager-pay-rise#comment-89593709</post_url>
<post_date>20161216</post_date>
<post_time>1253</post_time>
<username>Featured1Teacher</username>
<post>
If a multinational took over and started cutting jobs, it sounds like they have plans to make the company more profitable . Your new managers remit is probably to save money and achieve the same on a much lower budget. Hence you (and probably others) are doing more work for less. Your situation isn&apos;t some unfortunate side effect of the takeover - it&apos;s most likely the business plan.
Get a new job. You may gain a couple of extra thousand with a well thought out conversation but in this kind of environment you are unlikely to hit the opportunities you could get in another firm.
</post>
<signature>

</signature>
<external_links>

</external_links>
<country>US</country>
<main_image>https://i.guim.co.uk/img/media/95398edb548772bbebd36e1f8cf9148e223b1e34/0_41_640_384/master/640.jpg?w=1200&amp;amp;h=630&amp;amp;q=55&amp;amp;auto=format&amp;amp;usm=12&amp;amp;fit=crop&amp;amp;crop=faces%2Centropy&amp;amp;bm=normal&amp;amp;ba=bottom%2Cleft&amp;amp;blend64=aHR0cHM6Ly91cGxvYWRzLmd1aW0uY28udWsvMjAxNi8wNS8yNS9vdmVybGF5LWxvZ28tMTIwMC05MF9vcHQucG5n&amp;amp;s=eae3730b9776293eb2cf452624ec4878</main_image>
</document>
