<?xml version="1.0" encoding="UTF-8"?>
<document>
<type>mainstream</type>
<forum>http://rssfeeds.delawareonline.com/wilmington-news</forum>
<forum_title>GANNETT Syndication Service</forum_title>
<discussion_title>Student nonprofit Y Innovations eyes creative solutions</discussion_title>
<language>english</language>
<gmt_offset></gmt_offset>
<topic_url>http://www.delawareonline.com/story/news/education/2016/12/16/student-nonprofit-y-innovations-eyes-creative-solutions/95492296/</topic_url>
<topic_text>
Student nonprofit Y Innovations eyes creative solutions Ken Mammarella, Special to The News Journal 10:39 p.m. EST December 16, 2016 Facebook A link has been posted to your Facebook feed. Buy Photo High schoolers (from left) Steven Burns, Dhruv Mohnot and Brennan Stark at the earthen storage building on the grounds of the Siegel JCC they created. The trio founded a nonprofit for their numerous goals. William Bretzger, The News Journal Y Innovations chose a technique called cob, which uses clay, sand and straw and then finished the building with lime plaster, paint, a wooden roof and bamboo shingles. Submitted A storage shed at the Siegel JCC was build by student nonprofit Y Innovations that is interested in sustainable structures. Submitted Bamboo for shingles was cut at Archmere senior Brennan Stark&apos;s home. Submitted Fullscreen Buy Photo High schoolers (from left) Brennan Stark, Steven Burns and Dhruv Mohnot at the earthen storage building on the grounds of the Siegel JCC they created. The trio founded a non profit for their numerous goals. William Bretzger, The News Journal Fullscreen Buy Photo Bamboo makes up part of the roofing on the cob storage shed high schoolers Steven Burns, Dhruv Mohnot and Brennan Stark created on the grounds of the Siegel JCC. The trio founded a nonprofit for their numerous goals. William Bretzger, The News Journal Fullscreen Buy Photo The cob storage shed made by high schoolers Steven Burns, Dhruv Mohnot and Brennan Stark on the grounds of the Siegel JCC. The trio founded a nonprofit for their numerous goals. William Bretzger, The News Journal Fullscreen Buy Photo Glass jars make a window in the earthen storage building created by high schoolers Steven Burns, Dhruv Mohnot and Brennan Stark on the grounds of the Siegel JCC. The trio founded a nonprofit for their numerous goals. William Bretzger, The News Journal Like this topic? You may also like these photo galleries: Replay Last Slide Next Slide Buy Photo High schoolers (from left) Steven Burns, Brennan Stark and Dhruv Mohnot at the earthen storage building they created on the grounds of the Siegel JCC. The trio founded a nonprofit for their numerous goals. (Photo: William Bretzger, The News Journal) Buy Photo 
The small storage shed built this year at the Siegel JCC might be the start of something big. 
The North Wilmington building is interesting in itself, and includes 15 tons of sand among its all-natural components and was built with 800 hours of sweat equity, by no one over the age of 18. 
But the back story is unusual: It’s the first sustainable development project by Y Innovations, a student-led nonprofit started this year to come up with creative solutions to common problems. 
“The best way to achieve innovation is for people to see projects happening,” said Archmere senior Brennan Stark, co-founder with Mt. Pleasant senior Steven Burns. “Progress doesn’t just happen. It comes from smart people working together.” Stark, Burns and Concord senior Dhruv Mohnot – once P.S. du Pont Middle classmates – lead Y Innovations, named for the word “why.” 
“‘Why’ questions are often the most insightful,” Stark said. “They hit those aha! moments.” 
It started when Stark read Michio Kaku’s “Physics of the Future: How Science Will Shape Human Destiny and Our Daily Lives by the Year 2100.” 
“Crazy, inspiring stuff,” he said. “Crazy, talented people can harness their powers, think creatively and come up with crazy solutions.” 
Y Innovations chose a technique called cob, which uses clay, sand and straw and then finished the building with lime plaster, paint, a wooden roof and bamboo shingles. (Photo: Submitted) 
That led him to Elon Musk’s “first principles” theory of breaking down problems into fundamentals. 
A storage shed at the Siegel JCC was build by student nonprofit Y Innovations that is interested in sustainable structures. (Photo: Submitted) 
He shared his ideas with Burns (“I go for big-picture thinking”) and Mohnot (“I serve as a grounding factor, based on what’s reasonable and practical for our resources”). 
So maybe Burns’ idea of an eco-friendly city was too big-picture. Maybe Stark’s interest in artificial intelligence, nanotechnology and self-driving cars was too impractical. Instead, Burns’ making lunches for the homeless led to Y Innovations’ plan to “build sustainable, affordable, environmentally friendly homes in order to help build sustainable, stable, productive lives for those in need.” 
First, the students set up a federally recognized 501(c)(3) nonprofit so they could get donations and grants. They created a website (http://ycorp.us) to be transparent and spread interest in their work. 
The first was a small shed at Stark’s North Wilmington home. The second was the shed to store material for the ropes course at the Jewish Community Center, where Stark was a camp counselor. 
STORY: Their something blue was a pickup. 
They chose a technique called cob, which uses clay (dug nearby), sand and straw. The shed, with a 7.2-foot diameter, was finished with lime plaster, paint, a wooden roof and bamboo shingles cut at Stark’s home. 
Thunderstorms collapsed sections more than once; they scrapped a tin roof after deeming it too flexible; and the door needed seven installations to get it right. All part of the learning curve. 
“These kids are so incredibly professional,” JCC liaison Katie Glazier said of the 43 Archmere, Cab Calloway, Concord, Mt. Pleasant and Padua students involved. “It was a wonderful experience.” 
They’re looking to the next project (they’ve talked to the state about creating a similar structure in a park, perhaps using straw bales) and the big one beyond that – a home for someone homeless. 
Bamboo for shingles was cut at Archmere senior Brennan Stark&apos;s home. (Photo: Submitted) 
They’ve broken down that homework into three phrases: expertise (Stark and Burns devoted time in Ohio to learn from natural builder Chris McClellan, and they’re researching land-use law), construction (“nice enough so someone would want to live in it,” Stark said) and scaling up to building a village of homes (hence interchanges with Dover’s Port Hope project). 
The shed cost $1,200, which the JCC paid for. A preliminary design for a 500-square-foot home is costing out at $4,500, excluding appliances. They hope to find a place to begin building in the spring. 
That’s roughly when they’re out of school and weather is most conducive for their chosen method. 
“Eventually, we hope to scale our operations,” Stark said, “and we think that by building one home, we can demonstrate the viability of natural building as a means of alleviating homelessness.” 
Although their repeated goal is to help others, it’s also helping these students grow. 
“We all became more patient and resilient,” Mohnot said. 1 CONNECT 1 COMMENT EMAIL MORE Read or Share this story: http://delonline.us/2hQDFq8 TOP VIDEOS
</topic_text>
<spam_score>0.00</spam_score>
<post_num>1</post_num>
<post_id>post-1</post_id>
<post_url>http://www.delawareonline.com/story/news/education/2016/12/16/student-nonprofit-y-innovations-eyes-creative-solutions/95492296/</post_url>
<post_date>20161217</post_date>
<post_time>0339</post_time>
<username>Ken Mammarella, Special to The News Journal</username>
<post>
Student nonprofit Y Innovations eyes creative solutions Ken Mammarella, Special to The News Journal 10:39 p.m. EST December 16, 2016 Facebook A link has been posted to your Facebook feed. Buy Photo High schoolers (from left) Steven Burns, Dhruv Mohnot and Brennan Stark at the earthen storage building on the grounds of the Siegel JCC they created. The trio founded a nonprofit for their numerous goals. William Bretzger, The News Journal Y Innovations chose a technique called cob, which uses clay, sand and straw and then finished the building with lime plaster, paint, a wooden roof and bamboo shingles. Submitted A storage shed at the Siegel JCC was build by student nonprofit Y Innovations that is interested in sustainable structures. Submitted Bamboo for shingles was cut at Archmere senior Brennan Stark&apos;s home. Submitted Fullscreen Buy Photo High schoolers (from left) Brennan Stark, Steven Burns and Dhruv Mohnot at the earthen storage building on the grounds of the Siegel JCC they created. The trio founded a non profit for their numerous goals. William Bretzger, The News Journal Fullscreen Buy Photo Bamboo makes up part of the roofing on the cob storage shed high schoolers Steven Burns, Dhruv Mohnot and Brennan Stark created on the grounds of the Siegel JCC. The trio founded a nonprofit for their numerous goals. William Bretzger, The News Journal Fullscreen Buy Photo The cob storage shed made by high schoolers Steven Burns, Dhruv Mohnot and Brennan Stark on the grounds of the Siegel JCC. The trio founded a nonprofit for their numerous goals. William Bretzger, The News Journal Fullscreen Buy Photo Glass jars make a window in the earthen storage building created by high schoolers Steven Burns, Dhruv Mohnot and Brennan Stark on the grounds of the Siegel JCC. The trio founded a nonprofit for their numerous goals. William Bretzger, The News Journal Like this topic? You may also like these photo galleries: Replay Last Slide Next Slide Buy Photo High schoolers (from left) Steven Burns, Brennan Stark and Dhruv Mohnot at the earthen storage building they created on the grounds of the Siegel JCC. The trio founded a nonprofit for their numerous goals. (Photo: William Bretzger, The News Journal) Buy Photo 
The small storage shed built this year at the Siegel JCC might be the start of something big. 
The North Wilmington building is interesting in itself, and includes 15 tons of sand among its all-natural components and was built with 800 hours of sweat equity, by no one over the age of 18. 
But the back story is unusual: It’s the first sustainable development project by Y Innovations, a student-led nonprofit started this year to come up with creative solutions to common problems. 
“The best way to achieve innovation is for people to see projects happening,” said Archmere senior Brennan Stark, co-founder with Mt. Pleasant senior Steven Burns. “Progress doesn’t just happen. It comes from smart people working together.” Stark, Burns and Concord senior Dhruv Mohnot – once P.S. du Pont Middle classmates – lead Y Innovations, named for the word “why.” 
“‘Why’ questions are often the most insightful,” Stark said. “They hit those aha! moments.” 
It started when Stark read Michio Kaku’s “Physics of the Future: How Science Will Shape Human Destiny and Our Daily Lives by the Year 2100.” 
“Crazy, inspiring stuff,” he said. “Crazy, talented people can harness their powers, think creatively and come up with crazy solutions.” 
Y Innovations chose a technique called cob, which uses clay, sand and straw and then finished the building with lime plaster, paint, a wooden roof and bamboo shingles. (Photo: Submitted) 
That led him to Elon Musk’s “first principles” theory of breaking down problems into fundamentals. 
A storage shed at the Siegel JCC was build by student nonprofit Y Innovations that is interested in sustainable structures. (Photo: Submitted) 
He shared his ideas with Burns (“I go for big-picture thinking”) and Mohnot (“I serve as a grounding factor, based on what’s reasonable and practical for our resources”). 
So maybe Burns’ idea of an eco-friendly city was too big-picture. Maybe Stark’s interest in artificial intelligence, nanotechnology and self-driving cars was too impractical. Instead, Burns’ making lunches for the homeless led to Y Innovations’ plan to “build sustainable, affordable, environmentally friendly homes in order to help build sustainable, stable, productive lives for those in need.” 
First, the students set up a federally recognized 501(c)(3) nonprofit so they could get donations and grants. They created a website (http://ycorp.us) to be transparent and spread interest in their work. 
The first was a small shed at Stark’s North Wilmington home. The second was the shed to store material for the ropes course at the Jewish Community Center, where Stark was a camp counselor. 
STORY: Their something blue was a pickup. 
They chose a technique called cob, which uses clay (dug nearby), sand and straw. The shed, with a 7.2-foot diameter, was finished with lime plaster, paint, a wooden roof and bamboo shingles cut at Stark’s home. 
Thunderstorms collapsed sections more than once; they scrapped a tin roof after deeming it too flexible; and the door needed seven installations to get it right. All part of the learning curve. 
“These kids are so incredibly professional,” JCC liaison Katie Glazier said of the 43 Archmere, Cab Calloway, Concord, Mt. Pleasant and Padua students involved. “It was a wonderful experience.” 
They’re looking to the next project (they’ve talked to the state about creating a similar structure in a park, perhaps using straw bales) and the big one beyond that – a home for someone homeless. 
Bamboo for shingles was cut at Archmere senior Brennan Stark&apos;s home. (Photo: Submitted) 
They’ve broken down that homework into three phrases: expertise (Stark and Burns devoted time in Ohio to learn from natural builder Chris McClellan, and they’re researching land-use law), construction (“nice enough so someone would want to live in it,” Stark said) and scaling up to building a village of homes (hence interchanges with Dover’s Port Hope project). 
The shed cost $1,200, which the JCC paid for. A preliminary design for a 500-square-foot home is costing out at $4,500, excluding appliances. They hope to find a place to begin building in the spring. 
That’s roughly when they’re out of school and weather is most conducive for their chosen method. 
“Eventually, we hope to scale our operations,” Stark said, “and we think that by building one home, we can demonstrate the viability of natural building as a means of alleviating homelessness.” 
Although their repeated goal is to help others, it’s also helping these students grow. 
“We all became more patient and resilient,” Mohnot said. 1 CONNECT 1 COMMENT EMAIL MORE Read or Share this story: http://delonline.us/2hQDFq8 TOP VIDEOS
</post>
<signature>

</signature>
<external_links>

</external_links>
<country>US</country>
<main_image>http://www.gannett-cdn.com/-mm-/a2b9dcf90a9c2ea40815190892b60240ed89005a/c=0-177-4071-2477&amp;amp;r=x1683&amp;amp;c=3200x1680/local/-/media/2016/12/16/Wilmington/Wilmington/636174558100933285-121516-wil-jcc-the-shed51251.jpg</main_image>
</document>
