<?xml version="1.0" encoding="UTF-8"?>
<document>
<type>mainstream</type>
<forum>http://kurier.at/xml/feed</forum>
<forum_title>kurier.at - KURIER</forum_title>
<discussion_title>Brand in Innsbrucker Wohnung: Zwei Mädchen tot</discussion_title>
<language>german</language>
<gmt_offset></gmt_offset>
<topic_url>https://kurier.at/chronik/oesterreich/brand-in-innsbrucker-wohnung-zwei-maedchen-tot/236.296.579</topic_url>
<topic_text>
Zwei Mädchen im Alter von vier und sieben Jahren sind in der Nacht auf Samstag bei einem Brand in einer Innsbrucker Wohnung ums Leben gekommen. Was die Ursache des Feuers war, war vorerst unklar. Brandermittler nahmen Samstagfrüh ihre Arbeit vor Ort auf.
Die Einsatzkräfte waren kurz nach 2.00 Uhr zu dem Mehrparteienhaus in der Kranebitter Allee gerufen worden. Bei ihrem Eintreffen stand das Kinderzimmer bereits in Vollbrand.
Die beiden Eltern und zwei weitere Kinder konnten sich in Sicherheit bringen. Sie wurden in die Innsbrucker Klinik eingeliefert und psychologisch betreut.
</topic_text>
<spam_score>0.00</spam_score>
<post_num>2</post_num>
<post_id>post-2</post_id>
<post_url>https://kurier.at/chronik/oesterreich/brand-in-innsbrucker-wohnung-zwei-maedchen-tot/236.296.579</post_url>
<post_date>20161217</post_date>
<post_time></post_time>
<username>erwin kuehlbauer</username>
<post>
Eltern konnten sich in Sicherheit bringen? Und die Kinder zurücklassen?
</post>
<signature>

</signature>
<external_links>

</external_links>
<country>AT</country>
<main_image>https://images.kurier.at/46-75505143.jpg/235.702.395</main_image>
</document>
