<?xml version="1.0" encoding="UTF-8"?>
<document>
<type>mainstream</type>
<forum>http://weekweek.org/feed</forum>
<forum_title>WeekWeek - Download Tech House Techno Deep Minimal House</forum_title>
<discussion_title>VA – This Is Toolroom 2017</discussion_title>
<language>english</language>
<gmt_offset></gmt_offset>
<topic_url>http://weekweek.org/2016/12/va-this-is-toolroom-2017/</topic_url>
<topic_text>
Title: This Is Toolroom 2017 Label: Toolroom Genre: Tech House, Techno, Deep Rel. Date: 16-12-2016 Quality: 320 kbps 
Adrian Hour – Thats It (Original Mix) Aisha Zoe, Aisha Zoe Albertina Bailey Cox, Mad Villains – Senses feat. Aisha Zoe feat. Aisha Zoe (Extended Mix) Alec Troniq – Python (David Keno Remix) Alex Neri – All Around (Original Mix) Anja Schneider – Sunny Side Up (Original Mix) Anna – Face Your Fears (Original Mix) Ben Remember – Shaker (Original Mix) Bruno Gentile, Min – Rotate feat. Bruno Gentile (Sante Sansone Remix) Dan Caster – Good Tho (Original Mix) De La Swing – No Rules (Original Mix) DJ S.K.T – Hot Tainted Love (Extended Mix) Dosem – Projection (Original Mix) Dwu, Gioc – Super Bass (Wade Remix) Flashmob – Last To Come (Original Mix) Format B – Okeey Yaaah (Original Mix) Gifty, Carnao Beats, Roger Sanchez – Make Me Wonder feat. Gifty (Original Mix) Jammhot – Angelis (Original Mix) Janai, Sonny Fodera – You &amp; I feat. Janai (Extended Mix) Jesse Rose – Black Twitter (Original Mix) Jewel Kid – About Life (Original Mix) Joeski – Angels (Original Mix) Joris Voorn – Orange (Original Mix) Kevin Over – Why Me (Original Mix) Kevin Yost – Empty House (Original Mix) Ki Creighton – Off The Bat (Oscar L Remix) Kisch, Leela D – Love All Day feat. Leela D (Extended Mix) Kydus – Deliver Me (Mat Joe Remix) Leftwing, Kody – Future (Original Mix) Luttrell – Need You (Original Mix) Matthias Tanzmann – Mirage (Original Mix) Montel – Paper Wings (Original Mix) Mr V, Raffa Fl – How We Do (Raffa FL Re Edit) Namito, Jonny Cruz – No Slave (Josh Butler Walk Remix) Nicone, Philip Bader – Lxbd 3 (Original Mix) Pirupa – Sunday Morning (Carlo Lio Remix) Prok &amp; Fitch – Tears (Latmun Remix) Ramon Tapia – Move One (Original Mix) Reelow – Attention Problems (Original Mix) Ronnie Spiteri – Outlaw (Original Mix) Solardo – Tribesmen (Original Mix) Sous Sol – Beside You (Dario D Attis Remix) Steve Edwards, Tuff London – Front Line (Original Mix) Veerus, Maxie Devine – My Beat (Wade Remix) Vince Watson – Speaker Freaker (Original Mix) Yotto – Fire Walk (Extended Mix) Zbonk – Get Back (Lee Walker Remix) VA – This Is Toolroom 2017 (Continuous DJ Mix 1) VA – This Is Toolroom 2017 (Continuous DJ Mix 2) 
Download
</topic_text>
<spam_score>0.00</spam_score>
<post_num>1</post_num>
<post_id>post-1</post_id>
<post_url>http://weekweek.org/2016/12/va-this-is-toolroom-2017/</post_url>
<post_date>20161216</post_date>
<post_time>1750</post_time>
<username>!</username>
<post>
Title: This Is Toolroom 2017 Label: Toolroom Genre: Tech House, Techno, Deep Rel. Date: 16-12-2016 Quality: 320 kbps 
Adrian Hour – Thats It (Original Mix) Aisha Zoe, Aisha Zoe Albertina Bailey Cox, Mad Villains – Senses feat. Aisha Zoe feat. Aisha Zoe (Extended Mix) Alec Troniq – Python (David Keno Remix) Alex Neri – All Around (Original Mix) Anja Schneider – Sunny Side Up (Original Mix) Anna – Face Your Fears (Original Mix) Ben Remember – Shaker (Original Mix) Bruno Gentile, Min – Rotate feat. Bruno Gentile (Sante Sansone Remix) Dan Caster – Good Tho (Original Mix) De La Swing – No Rules (Original Mix) DJ S.K.T – Hot Tainted Love (Extended Mix) Dosem – Projection (Original Mix) Dwu, Gioc – Super Bass (Wade Remix) Flashmob – Last To Come (Original Mix) Format B – Okeey Yaaah (Original Mix) Gifty, Carnao Beats, Roger Sanchez – Make Me Wonder feat. Gifty (Original Mix) Jammhot – Angelis (Original Mix) Janai, Sonny Fodera – You &amp; I feat. Janai (Extended Mix) Jesse Rose – Black Twitter (Original Mix) Jewel Kid – About Life (Original Mix) Joeski – Angels (Original Mix) Joris Voorn – Orange (Original Mix) Kevin Over – Why Me (Original Mix) Kevin Yost – Empty House (Original Mix) Ki Creighton – Off The Bat (Oscar L Remix) Kisch, Leela D – Love All Day feat. Leela D (Extended Mix) Kydus – Deliver Me (Mat Joe Remix) Leftwing, Kody – Future (Original Mix) Luttrell – Need You (Original Mix) Matthias Tanzmann – Mirage (Original Mix) Montel – Paper Wings (Original Mix) Mr V, Raffa Fl – How We Do (Raffa FL Re Edit) Namito, Jonny Cruz – No Slave (Josh Butler Walk Remix) Nicone, Philip Bader – Lxbd 3 (Original Mix) Pirupa – Sunday Morning (Carlo Lio Remix) Prok &amp; Fitch – Tears (Latmun Remix) Ramon Tapia – Move One (Original Mix) Reelow – Attention Problems (Original Mix) Ronnie Spiteri – Outlaw (Original Mix) Solardo – Tribesmen (Original Mix) Sous Sol – Beside You (Dario D Attis Remix) Steve Edwards, Tuff London – Front Line (Original Mix) Veerus, Maxie Devine – My Beat (Wade Remix) Vince Watson – Speaker Freaker (Original Mix) Yotto – Fire Walk (Extended Mix) Zbonk – Get Back (Lee Walker Remix) VA – This Is Toolroom 2017 (Continuous DJ Mix 1) VA – This Is Toolroom 2017 (Continuous DJ Mix 2) 
Download
</post>
<signature>

</signature>
<external_links>

</external_links>
<country>RU</country>
<main_image></main_image>
</document>
