<?xml version="1.0" encoding="UTF-8"?>
<document>
<type>mainstream</type>
<forum>http://www.schwarzwaelder-bote.de/.rss.feed</forum>
<forum_title>Schwarzwälder Bote - Lokal</forum_title>
<discussion_title>Bad-Dürrheim: Wohnstadt oder Kurort?</discussion_title>
<language>german</language>
<gmt_offset></gmt_offset>
<topic_url>http://www.schwarzwaelder-bote.de/inhalt.bad-duerrheim-wohnstadt-oder-kurort.0736f702-105d-41cc-907c-b3640dddfeb9.html</topic_url>
<topic_text>
Von Schwarzwälder-Bote 17.12.2016 - 03:00 Uhr &apos; 
(flo). In manchen Belangen ist es für die FDP-Fraktion bereits &quot;fünf vor zwölf&quot;. Dem Haushalt stimmen die Freidemokraten zu, haben dabei aber einige &quot;Bauchschmerzen&quot;, so Fraktionssprecherin Andrea Kanold in der Haushaltsrede. &quot;Wir haben mit unseren Anträgen deutlich gemacht, dass der Haushalt 2017 verzichtbare Ausgaben enthält. Für uns von der FDP ist bei der Belastung der Bürger und Gewerbetreibenden durch die Erhöhungen der Grund- und Gewerbesteuer eine Schmerzgrenze erreicht, die wir nicht überschreiten werden.&quot;. Kanold sieht eine hohe Kreditaufnahme unter anderem wegen der Neugestaltung des Minaras kommen, des Weiteren ließen sich die Sanierungen der Huber- und Luisenstraße sowie des Haus des Gastes nicht ewig auf die lange Bank schieben. Die FPD riskiert den Blick in die Zukunft und fragt sich, wie Bad Dürrheim künftig aussieht. Kanold: &quot;Unsere Stadt steht nun an einem Punkt, an dem sich die Entscheidungsträger erklären müssen. Soll sich die Kommune weiter zu einer Wohnstadt entwickeln oder aber verstehen wir uns als kurtouristisches Zentrum im Schwarzwald-Baar-Kreis mit den Schwerpunkten Gesundheit und Prävention auf der Basis von Salz, Sole und Wasser. Kur und Tourismus waren immer schon die Grundlage für das Wohlergehen in unserer Stadt. Ich und meine Fraktion stehen weiter dafür ein.&quot; Die Freidemokraten können sich einen die Stadtteile besser anbindenden und von Ehrenamtlichen organisierten Bürgerbus gut vorstellen. Eine solche Verbindung gäbe es schon in diversen Orten und funktioniere hervorragend. Artikel bewerten
</topic_text>
<spam_score>0.00</spam_score>
<post_num>1</post_num>
<post_id>post-1</post_id>
<post_url>http://www.schwarzwaelder-bote.de/inhalt.bad-duerrheim-wohnstadt-oder-kurort.0736f702-105d-41cc-907c-b3640dddfeb9.html</post_url>
<post_date>20161217</post_date>
<post_time>0200</post_time>
<username></username>
<post>
Von Schwarzwälder-Bote 17.12.2016 - 03:00 Uhr &apos; 
(flo). In manchen Belangen ist es für die FDP-Fraktion bereits &quot;fünf vor zwölf&quot;. Dem Haushalt stimmen die Freidemokraten zu, haben dabei aber einige &quot;Bauchschmerzen&quot;, so Fraktionssprecherin Andrea Kanold in der Haushaltsrede. &quot;Wir haben mit unseren Anträgen deutlich gemacht, dass der Haushalt 2017 verzichtbare Ausgaben enthält. Für uns von der FDP ist bei der Belastung der Bürger und Gewerbetreibenden durch die Erhöhungen der Grund- und Gewerbesteuer eine Schmerzgrenze erreicht, die wir nicht überschreiten werden.&quot;. Kanold sieht eine hohe Kreditaufnahme unter anderem wegen der Neugestaltung des Minaras kommen, des Weiteren ließen sich die Sanierungen der Huber- und Luisenstraße sowie des Haus des Gastes nicht ewig auf die lange Bank schieben. Die FPD riskiert den Blick in die Zukunft und fragt sich, wie Bad Dürrheim künftig aussieht. Kanold: &quot;Unsere Stadt steht nun an einem Punkt, an dem sich die Entscheidungsträger erklären müssen. Soll sich die Kommune weiter zu einer Wohnstadt entwickeln oder aber verstehen wir uns als kurtouristisches Zentrum im Schwarzwald-Baar-Kreis mit den Schwerpunkten Gesundheit und Prävention auf der Basis von Salz, Sole und Wasser. Kur und Tourismus waren immer schon die Grundlage für das Wohlergehen in unserer Stadt. Ich und meine Fraktion stehen weiter dafür ein.&quot; Die Freidemokraten können sich einen die Stadtteile besser anbindenden und von Ehrenamtlichen organisierten Bürgerbus gut vorstellen. Eine solche Verbindung gäbe es schon in diversen Orten und funktioniere hervorragend. Artikel bewerten
</post>
<signature>

</signature>
<external_links>

</external_links>
<country>DE</country>
<main_image>http://www.schwarzwaelder-bote.de/www/schwarzwaelder_bote/images/logo_social.jpg</main_image>
</document>
