<?xml version="1.0" encoding="UTF-8"?>
<document>
<type>mainstream</type>
<forum>http://www.ogunhaber.com/rss</forum>
<forum_title>OGUNHABER</forum_title>
<discussion_title>Emeklilikte yaşa takılanlara son haber</discussion_title>
<language>turkish</language>
<gmt_offset></gmt_offset>
<topic_url>http://www.ogunhaber.com/siyaset/emeklilikte-yasa-takilanlara-son-haber-705919h.html</topic_url>
<topic_text>
Emeklilikte yaşa takılanlara son haber Emeklilikte yaşa takılanlara son haber 0 - + Çalışma ve Sosyal Güvenlik Bakanı Mehmet Müezzinoğlu, emeklilikle yaşa takılanlara ilişkin, Yaş ile ilgili bir düzenleme kurumun aktüeryal dengesini olumsuz etkileyecek ve hazine transferlerinin artmasına sebep olacaktır dedi. Haber: İnternet Haber Servisi - CHP Niğde Milletvekili Ömer Fethi Gürer soru önergesinde emeklilikle yaşa takılanlar için bir düzenleme yapılıp yapılmayacağını sordu. Soru önergesini yanıtlayan Çalışma Bakanı, &quot;Emeklilik sistemlerinde finansal sürdürülebilirliğin temel sigortacılık ilkeleri içinde devam edebilmesinde yaş en önemli parametrelerden biridir. Dolayısıyla, yaş ile ilgili bir düzenleme kurumun aktüeryal dengesini olumsuz etkileyecek ve hazine transferlerinin artmasına sebep olacaktır. Bu kapsamda kurumun temel amacı sosyal sigortacılık ilkelerine dayalı, etkin, adil, kolay erişilebilir, aktüeryal ve mali açıdan sürdürülebilir, çağdaş standartlarda sosyal güvenlik sistemini yürütmektir&quot; dedi. KAYNAK: A HABER
</topic_text>
<spam_score>0.00</spam_score>
<post_num>1</post_num>
<post_id>post-1</post_id>
<post_url>http://www.ogunhaber.com/siyaset/emeklilikte-yasa-takilanlara-son-haber-705919h.html</post_url>
<post_date>20161217</post_date>
<post_time>0854</post_time>
<username></username>
<post>
Emeklilikte yaşa takılanlara son haber Emeklilikte yaşa takılanlara son haber 0 - + Çalışma ve Sosyal Güvenlik Bakanı Mehmet Müezzinoğlu, emeklilikle yaşa takılanlara ilişkin, Yaş ile ilgili bir düzenleme kurumun aktüeryal dengesini olumsuz etkileyecek ve hazine transferlerinin artmasına sebep olacaktır dedi. Haber: İnternet Haber Servisi - CHP Niğde Milletvekili Ömer Fethi Gürer soru önergesinde emeklilikle yaşa takılanlar için bir düzenleme yapılıp yapılmayacağını sordu. Soru önergesini yanıtlayan Çalışma Bakanı, &quot;Emeklilik sistemlerinde finansal sürdürülebilirliğin temel sigortacılık ilkeleri içinde devam edebilmesinde yaş en önemli parametrelerden biridir. Dolayısıyla, yaş ile ilgili bir düzenleme kurumun aktüeryal dengesini olumsuz etkileyecek ve hazine transferlerinin artmasına sebep olacaktır. Bu kapsamda kurumun temel amacı sosyal sigortacılık ilkelerine dayalı, etkin, adil, kolay erişilebilir, aktüeryal ve mali açıdan sürdürülebilir, çağdaş standartlarda sosyal güvenlik sistemini yürütmektir&quot; dedi. KAYNAK: A HABER
</post>
<signature>

</signature>
<external_links>

</external_links>
<country>US</country>
<main_image>http://www.ogunhaber.com/assets/uploads/news/emeklilikte_yasa_takilanlara_son_haber_1481964940_499.jpeg</main_image>
</document>
