<?xml version="1.0" encoding="UTF-8"?>
<document>
<type>mainstream</type>
<forum>http://www.ideal.es/granada/rss/atom/portada</forum>
<forum_title>RSS de noticias de portada</forum_title>
<discussion_title>Granada ya tiene su canción como «la ciudad más bonita de España»</discussion_title>
<language>spanish</language>
<gmt_offset></gmt_offset>
<topic_url>http://www.ideal.es/granada/culturas/201612/16/granada-tiene-cancion-como-20161216114008.html</topic_url>
<topic_text>
El arte ni se compra ni se vende, el arte está o no está. Siendo natural de Granada el arte casi se lleva por castigo y a Javi DeHaro le sucede. Nacido en 1993 en la capital granadina, es un artista que fusiona el rap con el flamenco de un modo que logra llegar a las entrañas de quien escucha su música.
Aprovechando que Granada ha sido designada como &quot;la ciudad más bonita de España &quot;, este cantante granadino ha querido honrar a su tierra con una canción dedicada a todos los que como él se sientan parte de un lugar que ama. No está solo, Javi DeHaro está apadrinado por la finalista de &apos;Se llama Copla&apos;, Anabel Collado natural de Atarfe.
Es un reto entre granadinos, entre amantes de la música y la tierra. Entre quienes tienen el arte como forma de vida y el corazón puesto en cada letra. Javi DeHaro nos regala esta canción que seguro que formará parte del extenso legado cultural granadino.
 
</topic_text>
<spam_score>0.00</spam_score>
<post_num>2</post_num>
<post_id>post-2</post_id>
<post_url>http://www.ideal.es/granada/culturas/201612/16/granada-tiene-cancion-como-20161216114008.html</post_url>
<post_date>20161217</post_date>
<post_time>0950</post_time>
<username>AnJG10+</username>
<post>
La copla no tiene desperdicio. Para mi gusto fea, fea..
</post>
<signature>

</signature>
<external_links>

</external_links>
<country>ES</country>
<main_image>http://www.ideal.es/noticias/201612/16/media/cortadas/alhambra-kVrE-U21720993915eoF-575x323@Ideal.jpg</main_image>
</document>
