<?xml version="1.0" encoding="UTF-8"?>
<document>
<type>mainstream</type>
<forum>http://feeds.feedburner.com/TheBestNews</forum>
<forum_title>The Best News</forum_title>
<discussion_title>Σούπερ Λίγκα: Ο ΠΑΟΚ θέλει το τρίποντο στην Κέρκυρα</discussion_title>
<language>greek</language>
<gmt_offset></gmt_offset>
<topic_url>http://www.thebest.gr/news/index/viewStory/420797</topic_url>
<topic_text>
Σούπερ Λίγκα: Ο ΠΑΟΚ θέλει το τρίποντο στην Κέρκυρα Σημαντικές αναμετρήσεις για την 15η αγωνιστική 
Το πρωτάθλημα της Σούπερ Λίγκα εισέρχεται από σήμερα στη 15η αγωνιστική, ενώ ως γνωστό εκκρεμούν τρεις που έχουν αναβληθεί. Όλες οι συναντήσεις του τριημέρου παρουσιάζουν βαθμολογικό ενδιαφέρον, για διαφορετικό για κάθε ομάδα λόγο. 
Ο Παναθηναϊκός, που με τον Μαρίνο Ουζουνίδη στον πάγκο μετρά δύο συνεχείς νίκες (ΠΑΟΚ, Ατρόμητος) και την «επική» πρόκριση στο Κύπελλο Ελλάδας, θα δοκιμαστεί την Κυριακή στη Λάρισα, απέναντι σε μια ομάδα που ψάχνει απεγνωσμένα για βαθμούς, καθώς βρίσκεται μόλις στο +1 από τη ζώνη του υποβιβασμού. 
Δύσκολο αναμένεται και το έργο του ΠΑΟΚ, που θα παίξει απόψε στην Κέρκυρα απέναντι στο φορμαρισμένο συγκρότημα του Μιχάλη Γρηγορίου. Το παιχνίδι που ξεχωρίζει, ωστόσο, είναι εκείνο με το οποίο θα πέσει η αυλαία της 15ης ημέρας. 
Τη Δευτέρα η ΑΕΚ θα υποδεχθεί στο ΟΑΚΑ τον ΠΑΣ Γιάννινα, που μπορεί να προέρχεται από εντός έδρας ήττα απέναντι στον Ολυμπιακό αλλά είναι μια συμπαγής, δυσκολοκατάβλητη και μαχητική ομάδα. Αν όμως η Ένωση θέλει να παραμείνει κοντά στον δεύτερο Παναθηναϊκό, τότε θα πρέπει να πάρει τους τρεις βαθμούς. 
Ο πρωτοπόρος Ολυμπιακός λογικά δεν θα έχει ιδιαίτερο πρόβλημα στο «Γ. Καραϊσκάκης» απέναντι στον –αξιόμαχο, πάντως- Παναιτωλικό, ενώ Βέροια, Πλατανιάς, Ηρακλής και Λεβαδειακός θα επιδιώξουν να εκμεταλλευτούν τις έδρες τους απέναντι σε Ξάνθη, Ατρόμητο, Αστέρα Τρίπολης και Πανιώνιο, αντίστοιχα, καθώς βρίσκονται στα χαμηλά της βαθμολογίας. 
Αυτό όμως μόνο εύκολο δεν θα είναι, αφού οι φιλοξενούμενοι διαθέτουν ισχυρές ομάδες, βρίσκονται στις υψηλές θέσεις της κατάταξης (εκτός των Αρκάδων) και θα παλέψουν για το «διπλό» που θα τους διατηρήσει στους στόχους τους. 
ΔΙΑΒΑΣΤΕ ΕΠΙΣΗΣ
</topic_text>
<spam_score>0.00</spam_score>
<post_num>1</post_num>
<post_id>post-1</post_id>
<post_url>http://www.thebest.gr/news/index/viewStory/420797</post_url>
<post_date>20161217</post_date>
<post_time>0854</post_time>
<username>info@thebest.gr ()</username>
<post>
Σούπερ Λίγκα: Ο ΠΑΟΚ θέλει το τρίποντο στην Κέρκυρα Σημαντικές αναμετρήσεις για την 15η αγωνιστική 
Το πρωτάθλημα της Σούπερ Λίγκα εισέρχεται από σήμερα στη 15η αγωνιστική, ενώ ως γνωστό εκκρεμούν τρεις που έχουν αναβληθεί. Όλες οι συναντήσεις του τριημέρου παρουσιάζουν βαθμολογικό ενδιαφέρον, για διαφορετικό για κάθε ομάδα λόγο. 
Ο Παναθηναϊκός, που με τον Μαρίνο Ουζουνίδη στον πάγκο μετρά δύο συνεχείς νίκες (ΠΑΟΚ, Ατρόμητος) και την «επική» πρόκριση στο Κύπελλο Ελλάδας, θα δοκιμαστεί την Κυριακή στη Λάρισα, απέναντι σε μια ομάδα που ψάχνει απεγνωσμένα για βαθμούς, καθώς βρίσκεται μόλις στο +1 από τη ζώνη του υποβιβασμού. 
Δύσκολο αναμένεται και το έργο του ΠΑΟΚ, που θα παίξει απόψε στην Κέρκυρα απέναντι στο φορμαρισμένο συγκρότημα του Μιχάλη Γρηγορίου. Το παιχνίδι που ξεχωρίζει, ωστόσο, είναι εκείνο με το οποίο θα πέσει η αυλαία της 15ης ημέρας. 
Τη Δευτέρα η ΑΕΚ θα υποδεχθεί στο ΟΑΚΑ τον ΠΑΣ Γιάννινα, που μπορεί να προέρχεται από εντός έδρας ήττα απέναντι στον Ολυμπιακό αλλά είναι μια συμπαγής, δυσκολοκατάβλητη και μαχητική ομάδα. Αν όμως η Ένωση θέλει να παραμείνει κοντά στον δεύτερο Παναθηναϊκό, τότε θα πρέπει να πάρει τους τρεις βαθμούς. 
Ο πρωτοπόρος Ολυμπιακός λογικά δεν θα έχει ιδιαίτερο πρόβλημα στο «Γ. Καραϊσκάκης» απέναντι στον –αξιόμαχο, πάντως- Παναιτωλικό, ενώ Βέροια, Πλατανιάς, Ηρακλής και Λεβαδειακός θα επιδιώξουν να εκμεταλλευτούν τις έδρες τους απέναντι σε Ξάνθη, Ατρόμητο, Αστέρα Τρίπολης και Πανιώνιο, αντίστοιχα, καθώς βρίσκονται στα χαμηλά της βαθμολογίας. 
Αυτό όμως μόνο εύκολο δεν θα είναι, αφού οι φιλοξενούμενοι διαθέτουν ισχυρές ομάδες, βρίσκονται στις υψηλές θέσεις της κατάταξης (εκτός των Αρκάδων) και θα παλέψουν για το «διπλό» που θα τους διατηρήσει στους στόχους τους. 
ΔΙΑΒΑΣΤΕ ΕΠΙΣΗΣ
</post>
<signature>

</signature>
<external_links>

</external_links>
<country>GR</country>
<main_image>http://cdn.thebest.gr/media/images/original/sjmaadhwwe5854f9a349275.jpg</main_image>
</document>
