<?xml version="1.0" encoding="UTF-8"?>
<document>
<type>mainstream</type>
<forum>http://gate.ahram.org.eg/Portal/5/مدارس وجامعات/196/14.aspx</forum>
<forum_title>محافظات - بوابة الأهرام </forum_title>
<discussion_title>إخلاء إداري لـ 6 منازل للخطورة الداهمة على السكان بالمنزلة في الدقهلية</discussion_title>
<language>arabic</language>
<gmt_offset>2</gmt_offset>
<topic_url>http://gate.ahram.org.eg/NewsContent/5/35/1266740/محافظات/أخبار/إخلاء-إداري-لـ---منازل-للخطورة-الداهمة-على-السكان-.aspx</topic_url>
<topic_text>
أخلى مركز ومدينة المنزلة، بمحافظة الدقهلية، في الساعات الأولى من صباح اليوم الخميس، 6 منازل إداريًا، لخطورتها الداهمة، وذلك بالتنسيق مع مركز شرطة المنزلة.
تمت عملية الإخلاء بإشراف عثمان السيد عثمان، رئيس مركز ومدينة المنزلة، ورئاسة نائبه طارق شلبي، بناءً على تقرير لجنة المنشآت ولجنة التظلمات المؤيدة، وتحرر محاضر إخلاء تحت أرقام 5906/19016 إداري مركز شرطة المنزلة.
اقرأ ايضا: بعد تكرار التسمم بمدارس الدقهلية.. اكشاف 40 كيلو &quot;فيشار&quot; فاسد بميت سلسيل نفوق 40 رأس ماشية في حريق بمزرعة في ميت سلسيل بالدقهلية إصابة 27 طالبًا بالتسمم في مدرسة ابتدائية بالمنزلة
</topic_text>
<spam_score>0.20</spam_score>
<post_num>1</post_num>
<post_id>post-1</post_id>
<post_url>http://gate.ahram.org.eg/NewsContent/5/35/1266740/محافظات/أخبار/إخلاء-إداري-لـ---منازل-للخطورة-الداهمة-على-السكان-.aspx</post_url>
<post_date>20161013</post_date>
<post_time>1033</post_time>
<username>الدقهلية - منى باشا</username>
<post>
أخلى مركز ومدينة المنزلة، بمحافظة الدقهلية، في الساعات الأولى من صباح اليوم الخميس، 6 منازل إداريًا، لخطورتها الداهمة، وذلك بالتنسيق مع مركز شرطة المنزلة.
تمت عملية الإخلاء بإشراف عثمان السيد عثمان، رئيس مركز ومدينة المنزلة، ورئاسة نائبه طارق شلبي، بناءً على تقرير لجنة المنشآت ولجنة التظلمات المؤيدة، وتحرر محاضر إخلاء تحت أرقام 5906/19016 إداري مركز شرطة المنزلة.
اقرأ ايضا: بعد تكرار التسمم بمدارس الدقهلية.. اكشاف 40 كيلو &quot;فيشار&quot; فاسد بميت سلسيل نفوق 40 رأس ماشية في حريق بمزرعة في ميت سلسيل بالدقهلية إصابة 27 طالبًا بالتسمم في مدرسة ابتدائية بالمنزلة
</post>
<signature>

</signature>
<external_links>

</external_links>
<country>EG</country>
<main_image>http://gate.ahram.org.eg/Media/News/2016/1/6/2016-635876956476571449-657_main.jpg</main_image>
</document>
