<?xml version="1.0" encoding="UTF-8"?>
<document>
<type>mainstream</type>
<forum>http://www.schwarzwaelder-bote.de/.rss.feed</forum>
<forum_title>Schwarzwälder Bote - Lokal</forum_title>
<discussion_title>Bad-Dürrheim: Solider Kompromiss</discussion_title>
<language>german</language>
<gmt_offset></gmt_offset>
<topic_url>http://www.schwarzwaelder-bote.de/inhalt.bad-duerrheim-solider-kompromiss.95676a9a-2f9c-4e0f-993d-5214aa6a0700.html</topic_url>
<topic_text>
Von Schwarzwälder-Bote 17.12.2016 - 03:00 Uhr &apos; 
(flo). &quot;Haushaltspläne sind naturgemäß Kompromisse, angesiedelt zwischen den Koordinaten wünschenswert und machbar&quot;, so begann SPD-Fraktionssprecher Andreas Nachbaur seine Haushaltsrede. Den aktuellen Haushalt bezeichnen die Sozialdemokraten als &quot;solide, ausgewogen und ausgeglichen&quot;, schon länger aber würden die entscheidenden Rahmenbedingungen für die Gemeindehaushalte auf Landes- und Bundesebene geschaffen. &quot;Noch im November mussten wir von lediglich 500 000 Euro Zuweisung an den Vermögenshaushalt ausgehen, die neuesten Zahlen aus Stuttgart brachten uns aber die Verdoppelung des Betrages&quot;, so Nachbaur. Sowohl wünschenswert wie auch machbar hält die SPD ein stärkeres Engagement bei der Kulturförderung, diesbezüglich habe Bad Dürrheim deutlich Nachholbedarf. Durch das Engagement der Sozialdemokraten kann die Stadt im kommenden Jahr 1000 Euro aufwenden, um eine sakrale Skulptur des Hammereisenbacher Bildhauers Wolfgang Kleiser anzukaufen, diese soll in der Friedhofskapelle aufgestellt werden. Das Drehen an der kommunalen Steuerschraube ist laut SPD ausgereizt. Nachbaur zufolge bringen die Erhöhungen von Grund- und Gewerbesteuer schätzungsweise 270 000 Euro zusätzlich in die Kasse. Mit einem Hebesatz von 500 Prozent bei der Grundsteuer B findet sich Bad Dürrheim ab 2017 und im Landesvergleich in der absoluten Spitzengruppe. &quot;Wir gehören damit zu den neun teuersten der 1101 Kommunen Baden-Württembergs und konkurrieren mit Städten wie Stuttgart, Freiburg und Tübingen&quot;, konstatiert Nachbaur. Artikel bewerten
</topic_text>
<spam_score>0.00</spam_score>
<post_num>1</post_num>
<post_id>post-1</post_id>
<post_url>http://www.schwarzwaelder-bote.de/inhalt.bad-duerrheim-solider-kompromiss.95676a9a-2f9c-4e0f-993d-5214aa6a0700.html</post_url>
<post_date>20161217</post_date>
<post_time>0200</post_time>
<username></username>
<post>
Von Schwarzwälder-Bote 17.12.2016 - 03:00 Uhr &apos; 
(flo). &quot;Haushaltspläne sind naturgemäß Kompromisse, angesiedelt zwischen den Koordinaten wünschenswert und machbar&quot;, so begann SPD-Fraktionssprecher Andreas Nachbaur seine Haushaltsrede. Den aktuellen Haushalt bezeichnen die Sozialdemokraten als &quot;solide, ausgewogen und ausgeglichen&quot;, schon länger aber würden die entscheidenden Rahmenbedingungen für die Gemeindehaushalte auf Landes- und Bundesebene geschaffen. &quot;Noch im November mussten wir von lediglich 500 000 Euro Zuweisung an den Vermögenshaushalt ausgehen, die neuesten Zahlen aus Stuttgart brachten uns aber die Verdoppelung des Betrages&quot;, so Nachbaur. Sowohl wünschenswert wie auch machbar hält die SPD ein stärkeres Engagement bei der Kulturförderung, diesbezüglich habe Bad Dürrheim deutlich Nachholbedarf. Durch das Engagement der Sozialdemokraten kann die Stadt im kommenden Jahr 1000 Euro aufwenden, um eine sakrale Skulptur des Hammereisenbacher Bildhauers Wolfgang Kleiser anzukaufen, diese soll in der Friedhofskapelle aufgestellt werden. Das Drehen an der kommunalen Steuerschraube ist laut SPD ausgereizt. Nachbaur zufolge bringen die Erhöhungen von Grund- und Gewerbesteuer schätzungsweise 270 000 Euro zusätzlich in die Kasse. Mit einem Hebesatz von 500 Prozent bei der Grundsteuer B findet sich Bad Dürrheim ab 2017 und im Landesvergleich in der absoluten Spitzengruppe. &quot;Wir gehören damit zu den neun teuersten der 1101 Kommunen Baden-Württembergs und konkurrieren mit Städten wie Stuttgart, Freiburg und Tübingen&quot;, konstatiert Nachbaur. Artikel bewerten
</post>
<signature>

</signature>
<external_links>

</external_links>
<country>DE</country>
<main_image>http://www.schwarzwaelder-bote.de/www/schwarzwaelder_bote/images/logo_social.jpg</main_image>
</document>
