<?xml version="1.0" encoding="UTF-8"?>
<document>
<type>mainstream</type>
<forum>http://www.dailymail.co.uk/sport/football/articles.rss</forum>
<forum_title>Football Articles | Mail Online</forum_title>
<discussion_title>Arsenal news: Alexis Sanchez has &apos;house seized by Spanish authorities&apos; in tax investigation</discussion_title>
<language>english</language>
<gmt_offset></gmt_offset>
<topic_url>http://www.dailymail.co.uk/sport/football/article-4041026/Arsenal-star-Alexis-Sanchez-house-seized-Spanish-authorities-tax-investigation.html</topic_url>
<topic_text>
Arsenal forward Alexis Sanchez is being investigated over his tax affairs while he was at Barcelona. 
The Chilean has had his luxury four-bed house seized in Spain amid an ongoing tax investigation, with the Spanish authorities claiming he owes them €3,702,540 (around £3.12million) in unpaid taxes. 
The alleged debts relate to his time with the La Liga giants prior to joining Arsenal in 2014, corresponding to the years 2011, 2012 and 2013. 
Alexis Sanchez is the latest name to become embroiled in an investigation on tax evasion
The former Barcelona forward has been accused of simulating the sale of his image rights
El Mundo Deportivo reported on Friday that Sanchez had been accused of simulating the sale of his image rights through Numidia Trading, a shell company, in Malta. 
It had previously been alleged that the 27-year-old had defrauded the government out of £827,000 and that he diverted his earnings through the shell company in order to avoid paying the appropriate level of tax. 
The Spanish daily claimed it was another sign of the authorities paying close inspection to the financial on goings at Barcelona, after previous cases involving Javier Mascherano, Lionel Messi and Samuel Eto&apos;o. 
Sanchez, who is said to own 99 per cent of the company, owns the four-bedroom house, complete with two bathrooms, a toilet, kitchen, lounge and entrance hall. 
Arsenal forward Sanchez moved to the Premier League in 2014 after three seasons with Barca
The 27-year-old is alleged to have not declared his earnings in full according to Spanish papers
In November, another Spanish paper, El Periodico, claimed prosecutor Miguel Angel Perez de Gregorio raised a criminal complaint against the footballer for his alleged failure to pay tax on his image rights and for not declaring his earnings in their entirety. 
The Arsenal star&apos;s agent vehemently denied the claims against his client in a statement which read: &apos;Alexis Sanchez has perfectly obeyed every one of the laws imposed by the countries where he has resided. 
&apos;We ask the press and public at large for the upmost respect until the completion of the ongoing administrative and judicial process.&apos; 
Neymar was another player who has seen his assets frozen, and while Messi was given a 21-month suspended prison sentence after he and his father were found guilty of tax evasion, neither spent time in prison due to Spanish laws on non-violent first-time offenders.
</topic_text>
<spam_score>0.00</spam_score>
<post_num>2</post_num>
<post_id>post-2</post_id>
<post_url>http://www.dailymail.co.uk/sport/football/article-4041026/Arsenal-star-Alexis-Sanchez-house-seized-Spanish-authorities-tax-investigation.html#164204274</post_url>
<post_date>20161216</post_date>
<post_time>1447</post_time>
<username>Zagal</username>
<post>
Spain is a tax hell
</post>
<signature>

</signature>
<external_links>

</external_links>
<country>GB</country>
<main_image>http://i.dailymail.co.uk/i/pix/2016/12/16/14/3B5A789300000578-0-image-a-33_1481897147428.jpg</main_image>
</document>
