<?xml version="1.0" encoding="UTF-8"?>
<document>
<type>mainstream</type>
<forum>http://litecoinforum.org/.xml/?type=rss;PHPSESSID=TSDGRJW2ddCi3VIMLtVIi3</forum>
<forum_title>Litecoin Forum</forum_title>
<discussion_title>Movers and additionally Packers - A resolution for a Move Must have</discussion_title>
<language>english</language>
<gmt_offset></gmt_offset>
<topic_url>http://litecoinforum.org/off-topic/movers-and-additionally-packers-a-resolution-for-a-move-must-have/</topic_url>
<topic_text>
  Hyderabad [/color] [/size]There are lots of moving organisations for sale in Hyderabad that are prominent designed for providing good quality, instant, cost-effective together with efficient shifting and moving services among shoppers and shoppers. Quite a few excellent along with known moving agencies inside Hyderabad can help you making use of their help as part of your relocation in so doing helping to make the method effortless and stress-free. It is mandatory that you have to strategy simply a particular location to contact these individuals, quite you can actually make contact with these anywhere from around the different branches found all around Indian. They also have your agencies within significant locations in addition to areas so as to help you in a person&apos;s separation blueprints in any neighborhood within the location. [/color] [/size]One of many significant elements associated with a superior going company is not wearing running shoes will help you in all ones relocations needs whether it&apos;s non commercial moving or business relocation. With the exception of getting with Hyderabad, workplaces from packers and movers companies can even be welcomed in all of huge locations with Asia which include Hyderabad, Gurgaon, Noida, Chandigarh, Mumbai, Pune, Bangalore, Kolkata, for example. All of these clinics have a concentrated group of experienced workers to aid ones own clients in the new house purchase course of action such as providing, relocating, running, unloading, unpacking, re-arranging, for example. [/color] [/size]Skilled packers understand the nature to your goods and therefore, pack all of them along with good quality from product that much better matches the character in the object. A fantastic packaging and transfer will be the proof of reliable assistance of a corporation. After that, these kind of quality services additionally promise everyone secure and safe moving of goods. [/color] [/size]However, the procedure of separation may be shared inside two areas which include residential relocation and commercial/corporate relocation. In the industry new house purchase classification, we can easily comprise going such as corporate new house purchase, business office heading, organization moving, store heading, conventional items relocating, for example. Literally regardless of how fancy a great deal that which kind of separation it&apos;s important to carryout because all of these relocations might truly create a strenuous in addition to stressful daytime. You may even end up in trouble wondering what you can do together with learn how to can. But you definitely will believe content with know that with the help of Indian relocating in addition to taking organizations you may perform every one of these employment in just not enough available time together with without any subsequent stress and anxiety. Which means, never truly feel lacking in searching enable the hands down professionally qualified workers who are at all times ready to help you within your relocation approach.
</topic_text>
<spam_score>0.00</spam_score>
<post_num>1</post_num>
<post_id>post-1</post_id>
<post_url>http://litecoinforum.org/off-topic/movers-and-additionally-packers-a-resolution-for-a-move-must-have/</post_url>
<post_date>20161217</post_date>
<post_time>0847</post_time>
<username></username>
<post>
  Hyderabad [/color] [/size]There are lots of moving organisations for sale in Hyderabad that are prominent designed for providing good quality, instant, cost-effective together with efficient shifting and moving services among shoppers and shoppers. Quite a few excellent along with known moving agencies inside Hyderabad can help you making use of their help as part of your relocation in so doing helping to make the method effortless and stress-free. It is mandatory that you have to strategy simply a particular location to contact these individuals, quite you can actually make contact with these anywhere from around the different branches found all around Indian. They also have your agencies within significant locations in addition to areas so as to help you in a person&apos;s separation blueprints in any neighborhood within the location. [/color] [/size]One of many significant elements associated with a superior going company is not wearing running shoes will help you in all ones relocations needs whether it&apos;s non commercial moving or business relocation. With the exception of getting with Hyderabad, workplaces from packers and movers companies can even be welcomed in all of huge locations with Asia which include Hyderabad, Gurgaon, Noida, Chandigarh, Mumbai, Pune, Bangalore, Kolkata, for example. All of these clinics have a concentrated group of experienced workers to aid ones own clients in the new house purchase course of action such as providing, relocating, running, unloading, unpacking, re-arranging, for example. [/color] [/size]Skilled packers understand the nature to your goods and therefore, pack all of them along with good quality from product that much better matches the character in the object. A fantastic packaging and transfer will be the proof of reliable assistance of a corporation. After that, these kind of quality services additionally promise everyone secure and safe moving of goods. [/color] [/size]However, the procedure of separation may be shared inside two areas which include residential relocation and commercial/corporate relocation. In the industry new house purchase classification, we can easily comprise going such as corporate new house purchase, business office heading, organization moving, store heading, conventional items relocating, for example. Literally regardless of how fancy a great deal that which kind of separation it&apos;s important to carryout because all of these relocations might truly create a strenuous in addition to stressful daytime. You may even end up in trouble wondering what you can do together with learn how to can. But you definitely will believe content with know that with the help of Indian relocating in addition to taking organizations you may perform every one of these employment in just not enough available time together with without any subsequent stress and anxiety. Which means, never truly feel lacking in searching enable the hands down professionally qualified workers who are at all times ready to help you within your relocation approach.
</post>
<signature>

</signature>
<external_links>

</external_links>
<country>US</country>
<main_image></main_image>
</document>
