<?xml version="1.0" encoding="UTF-8"?>
<document>
<type>mainstream</type>
<forum>http://www.kwwl.com/category/128862/news?clienttype=rss</forum>
<forum_title>kwwl.com - NEWS</forum_title>
<discussion_title>Streeter performs national anthem in &apos;We Matter&apos; shirt</discussion_title>
<language>english</language>
<gmt_offset></gmt_offset>
<topic_url>http://www.kwwl.com/story/34078247/streeter-performs-national-anthem-in-we-matter-shirt</topic_url>
<topic_text>
Streeter performs national anthem in &apos;We Matter&apos; shirt Posted: Updated: (AP Photo/Matt Slocum). Sevyn Streeter sings the national anthem before an NBA basketball game between the Philadelphia 76ers and the Los Angeles Lakers, Friday, Dec. 16, 2016, in Philadelphia. (AP Photo/Matt Slocum). Sevyn Streeter, center, sings the national anthem before an NBA basketball game between the Philadelphia 76ers and the Los Angeles Lakers, Friday, Dec. 16, 2016, in Philadelphia. Updated: Saturday,   More &gt;&gt; 
PHILADELPHIA (AP) - Sevyn Streeter performed the national anthem wearing a &quot;We Matter&quot; jersey before the Philadelphia 76ers&apos; game against the Los Angeles Lakers on Friday night. 
The R&amp;B artist had been scheduled to sing before the 76ers&apos; home opener in October, but was scratched by the team two minutes before the performance because she was wearing a &quot;We Matter&quot; T-shirt. 
The organization, following backlash from players and other members of the organization, apologized to Streeter two days later and invited her to sing at a future game. 
Streeter came to center court on Friday in a black jersey with the words &quot;We Matter&quot; above the No. 7. She received applause upon her introduction and cheers when she completed the song.  
</topic_text>
<spam_score>0.00</spam_score>
<post_num>1</post_num>
<post_id>post-1</post_id>
<post_url>http://www.kwwl.com/story/34078247/streeter-performs-national-anthem-in-we-matter-shirt</post_url>
<post_date>20161217</post_date>
<post_time>0858</post_time>
<username></username>
<post>
Streeter performs national anthem in &apos;We Matter&apos; shirt Posted: Updated: (AP Photo/Matt Slocum). Sevyn Streeter sings the national anthem before an NBA basketball game between the Philadelphia 76ers and the Los Angeles Lakers, Friday, Dec. 16, 2016, in Philadelphia. (AP Photo/Matt Slocum). Sevyn Streeter, center, sings the national anthem before an NBA basketball game between the Philadelphia 76ers and the Los Angeles Lakers, Friday, Dec. 16, 2016, in Philadelphia. Updated: Saturday,   More &gt;&gt; 
PHILADELPHIA (AP) - Sevyn Streeter performed the national anthem wearing a &quot;We Matter&quot; jersey before the Philadelphia 76ers&apos; game against the Los Angeles Lakers on Friday night. 
The R&amp;B artist had been scheduled to sing before the 76ers&apos; home opener in October, but was scratched by the team two minutes before the performance because she was wearing a &quot;We Matter&quot; T-shirt. 
The organization, following backlash from players and other members of the organization, apologized to Streeter two days later and invited her to sing at a future game. 
Streeter came to center court on Friday in a black jersey with the words &quot;We Matter&quot; above the No. 7. She received applause upon her introduction and cheers when she completed the song.  
</post>
<signature>

</signature>
<external_links>

</external_links>
<country>US</country>
<main_image>http://images.worldnow.com/AP/images/12720499_G.jpg</main_image>
</document>
