<?xml version="1.0" encoding="UTF-8"?>
<document>
<type>mainstream</type>
<forum>http://www.dailymail.co.uk/sport/football/articles.rss</forum>
<forum_title>Football Articles | Mail Online</forum_title>
<discussion_title>West Brom manager Tony Pulis wants Saido Berahino to sign new contract with club but is readying himself for another transfer saga</discussion_title>
<language>english</language>
<gmt_offset></gmt_offset>
<topic_url>http://www.dailymail.co.uk/sport/football/article-4040924/West-Brom-manager-Tony-Pulis-wants-Saido-Berahino-sign-new-contract-club-readying-transfer-saga.html</topic_url>
<topic_text>
West Bromwich Albion boss Tony Pulis is bracing himself for another Saido Berahino transfer saga in January. 
But the Baggies manager has warned Berahino that the club will not be pressured into selling him for a knock-down price. 
The 23-year-old will be absent again from West Brom&apos;s meeting with Manchester United on Saturday despite making his comeback from fitness problems in the club&apos;s under-23s side on Monday. 
Tony Pulis insists that any deal for Saido Berahino has to be right for West Brom
But with his contract due to expire at the end of the season, West Brom still expect interest from rival clubs during the transfer window. 
Pulis, though, insists he still wants Berahino to stay and sign a new deal and warned potential buyers any deal must be right for West Brom. 
&apos;It&apos;s three-party thing,&apos; said Pulis. 
&apos;There were deals 18 months ago for Saido to leave and it didn&apos;t suit the club so it wasn&apos;t done. 
The Baggies manager wants 23-year-old Berahino to sign a new deal at the club
&apos;It has to be right for Saido, ourselves and the club who want to buy him. 
&apos;I am hoping he will stay and get his head down and want to stay. 
&apos;It&apos;s happened before and it&apos;ll happen again, there will be people talking to him and telling what he should and shouldn&apos;t be doing. 
&apos;It&apos;s up to him to work it out, he&apos;s big enough now to make decisions for himself.&apos; 
Berahino played 90 minutes in Monday&apos;s 1-0 under-23s defeat to Wolves - his first appearance since early September. 
West Brom, who have won their last four league games, host Manchester United on Saturday
But after sending him twice to a fitness camp in France, Pulis says Berahino is still not ready for first-team action. 
&apos;He played the under-23s on Monday and he needs more games,&apos; said Pulis. 
&apos;We need to get him more game time. fingers crossed he&apos;ll stay with us. the window opens again and you don&apos;t know what&apos;s going to happen. 
&apos;He needs another couple of games before we can put him in.&apos;
</topic_text>
<spam_score>0.00</spam_score>
<post_num>1</post_num>
<post_id>post-1</post_id>
<post_url>http://www.dailymail.co.uk/sport/football/article-4040924/West-Brom-manager-Tony-Pulis-wants-Saido-Berahino-sign-new-contract-club-readying-transfer-saga.html</post_url>
<post_date>20161216</post_date>
<post_time>1353</post_time>
<username>Steve Madeley, Wardles</username>
<post>
West Bromwich Albion boss Tony Pulis is bracing himself for another Saido Berahino transfer saga in January. 
But the Baggies manager has warned Berahino that the club will not be pressured into selling him for a knock-down price. 
The 23-year-old will be absent again from West Brom&apos;s meeting with Manchester United on Saturday despite making his comeback from fitness problems in the club&apos;s under-23s side on Monday. 
Tony Pulis insists that any deal for Saido Berahino has to be right for West Brom
But with his contract due to expire at the end of the season, West Brom still expect interest from rival clubs during the transfer window. 
Pulis, though, insists he still wants Berahino to stay and sign a new deal and warned potential buyers any deal must be right for West Brom. 
&apos;It&apos;s three-party thing,&apos; said Pulis. 
&apos;There were deals 18 months ago for Saido to leave and it didn&apos;t suit the club so it wasn&apos;t done. 
The Baggies manager wants 23-year-old Berahino to sign a new deal at the club
&apos;It has to be right for Saido, ourselves and the club who want to buy him. 
&apos;I am hoping he will stay and get his head down and want to stay. 
&apos;It&apos;s happened before and it&apos;ll happen again, there will be people talking to him and telling what he should and shouldn&apos;t be doing. 
&apos;It&apos;s up to him to work it out, he&apos;s big enough now to make decisions for himself.&apos; 
Berahino played 90 minutes in Monday&apos;s 1-0 under-23s defeat to Wolves - his first appearance since early September. 
West Brom, who have won their last four league games, host Manchester United on Saturday
But after sending him twice to a fitness camp in France, Pulis says Berahino is still not ready for first-team action. 
&apos;He played the under-23s on Monday and he needs more games,&apos; said Pulis. 
&apos;We need to get him more game time. fingers crossed he&apos;ll stay with us. the window opens again and you don&apos;t know what&apos;s going to happen. 
&apos;He needs another couple of games before we can put him in.&apos;
</post>
<signature>

</signature>
<external_links>

</external_links>
<country>GB</country>
<main_image>http://i.dailymail.co.uk/i/pix/2016/12/16/13/3B50100F00000578-0-image-a-102_1481895383617.jpg</main_image>
</document>
