<?xml version="1.0" encoding="UTF-8"?>
<document>
<type>mainstream</type>
<forum></forum>
<forum_title></forum_title>
<discussion_title>Flash - Canada police raid Montreal pot stores after Trudeau&apos;s warning - France 24</discussion_title>
<language>english</language>
<gmt_offset></gmt_offset>
<topic_url>http://www.france24.com/en/20161217-canada-police-raid-montreal-pot-stores-after-trudeaus-warning</topic_url>
<topic_text>
© AFP | One of the illegal recreational cannabis stores that were opened recently in Montreal, Quebec MONTREAL (AFP) - 
Police in Montreal raided six cannabis shops one day after they opened, following a warning by Prime Minister Justin Trudeau that recreational marijuana is not yet legal in Canada. 
Ten people were arrested in Friday&apos;s raids, police said, including veteran pro-cannabis activist Marc Emery. 
Trudeau, who campaigned last year on a promise to end nearly a century of pot prohibition, warned that the government is still at least one year away from legalizing pot use. 
&quot;We haven&apos;t changed the legislation yet,&quot; Trudeau told reporters earlier in Montreal. &quot;It is coming, but we&apos;re going to take the time to do it right.&quot; 
Until that happens, the current ban on the possession and sale of marijuana for recreational use remains in effect, he said. 
Emery on Thursday however went ahead and opened in Montreal six boutiques of the Cannabis Culture franchise chain, which already exist in other cities. 
Police raided the stores at the end of the day as buyers braved frosty conditions to crowd into the boutiques to buy marijuana. 
&quot;The prime minister is a disgrace, as is the Mayor of Montreal, Denis Coderre,&quot; Emery cried out as he was being taken away by police. 
Those arrested will face charges of drug trafficking and possession of items for trafficking purposes, the Montreal police department said. 
Police reported seizing 18 kilos of cannabis, as well as money and equipment including scales and containers. 
Emery, the self-proclaimed &quot;Prince of Pot,&quot; has been arrested multiple times. 
He was even extradited to the United States in 2010 and served just under five years in prison for selling on his website and mailing more than four million marijuana seeds. He returned to Canada after his release in August 2014. 
In cities across Canada in the last year, entrepreneurs have opened storefronts seeking to grab market share ahead of the promised legalization. 
The dispensaries themselves claim to be operating in a &quot;gray area&quot; of the law. Many have been raided by police only to defiantly reopen days later. 
Trudeau admitted in 2013 to having smoked pot five or six times in his life, including at a dinner party with friends since being elected to parliament. 
On Tuesday, an expert panel unveiled a blueprint for creating a legal market for cannabis including plain packaging and labelling, restrictions on advertising, and retail distribution. 
Under the proposed rules, individuals would be allowed to grow up to four plants at home for personal use. 
Personal possession, however, would be limited to 30 grams (one ounce). 
In settling on a minimum age of 18, the experts discounted the warnings of health groups concerned about the potential impact of marijuana on developing brains under the age of 25. 
Trudeau called this proposal a &quot;fair compromise&quot; after recently pointing out that youths today can buy pot on the black market more easily than beer. © 2016 AFP 
</topic_text>
<spam_score>0.27</spam_score>
<post_num>1</post_num>
<post_id>post-1</post_id>
<post_url>http://www.france24.com/en/20161217-canada-police-raid-montreal-pot-stores-after-trudeaus-warning</post_url>
<post_date>20161217</post_date>
<post_time></post_time>
<username></username>
<post>
© AFP | One of the illegal recreational cannabis stores that were opened recently in Montreal, Quebec MONTREAL (AFP) - 
Police in Montreal raided six cannabis shops one day after they opened, following a warning by Prime Minister Justin Trudeau that recreational marijuana is not yet legal in Canada. 
Ten people were arrested in Friday&apos;s raids, police said, including veteran pro-cannabis activist Marc Emery. 
Trudeau, who campaigned last year on a promise to end nearly a century of pot prohibition, warned that the government is still at least one year away from legalizing pot use. 
&quot;We haven&apos;t changed the legislation yet,&quot; Trudeau told reporters earlier in Montreal. &quot;It is coming, but we&apos;re going to take the time to do it right.&quot; 
Until that happens, the current ban on the possession and sale of marijuana for recreational use remains in effect, he said. 
Emery on Thursday however went ahead and opened in Montreal six boutiques of the Cannabis Culture franchise chain, which already exist in other cities. 
Police raided the stores at the end of the day as buyers braved frosty conditions to crowd into the boutiques to buy marijuana. 
&quot;The prime minister is a disgrace, as is the Mayor of Montreal, Denis Coderre,&quot; Emery cried out as he was being taken away by police. 
Those arrested will face charges of drug trafficking and possession of items for trafficking purposes, the Montreal police department said. 
Police reported seizing 18 kilos of cannabis, as well as money and equipment including scales and containers. 
Emery, the self-proclaimed &quot;Prince of Pot,&quot; has been arrested multiple times. 
He was even extradited to the United States in 2010 and served just under five years in prison for selling on his website and mailing more than four million marijuana seeds. He returned to Canada after his release in August 2014. 
In cities across Canada in the last year, entrepreneurs have opened storefronts seeking to grab market share ahead of the promised legalization. 
The dispensaries themselves claim to be operating in a &quot;gray area&quot; of the law. Many have been raided by police only to defiantly reopen days later. 
Trudeau admitted in 2013 to having smoked pot five or six times in his life, including at a dinner party with friends since being elected to parliament. 
On Tuesday, an expert panel unveiled a blueprint for creating a legal market for cannabis including plain packaging and labelling, restrictions on advertising, and retail distribution. 
Under the proposed rules, individuals would be allowed to grow up to four plants at home for personal use. 
Personal possession, however, would be limited to 30 grams (one ounce). 
In settling on a minimum age of 18, the experts discounted the warnings of health groups concerned about the potential impact of marijuana on developing brains under the age of 25. 
Trudeau called this proposal a &quot;fair compromise&quot; after recently pointing out that youths today can buy pot on the black market more easily than beer. © 2016 AFP 
</post>
<signature>

</signature>
<external_links>

</external_links>
<country>FR</country>
<main_image>http://scd.france24.com/en/files/imagecache/home_1024/images/afp/cfd0264cf19cc9395ddefa4481046c884363b4da_0.jpg</main_image>
</document>
