<?xml version="1.0" encoding="UTF-8"?>
<document>
<type>mainstream</type>
<forum>http://biz.chosun.com/site/data/rss/rss.xml</forum>
<forum_title>조선비즈</forum_title>
<discussion_title>뉴욕 증시 하락 마감…美·中 드론 놓고 외교마찰</discussion_title>
<language>korean</language>
<gmt_offset></gmt_offset>
<topic_url>http://biz.chosun.com/site/data/html_dir/2016/12/17/2016121700271.html</topic_url>
<topic_text>
뉴욕 증시 하락 마감…美·中 드론 놓고 외교마찰 뉴욕=송현 통신원 입력 : 2016.12.17 06:51 16일(현지시각) 미국 뉴욕 증시가 하락 마감했다. 미중 관계 악화 우려에 증시가 장 중 하락 반전했다.우량주 중심의 다우존스 산업평균은 전날보다 0.04% 하락한 1만9843.41, 대형주 중심의 S&amp;P500은 0.18% 내린 2258.07에 거래를 마쳤다. 기술주 중심의 나스닥은 0.36% 바진 5437.16에 거래를 마감했다.상승세로 거래를 시작한 뉴욕 증시는 장 중 하락세로 전환했다. 미 국방부는 남중국해에서 해양학 조사를 벌이던 미 해군 소속 드론을 중국 정부가 나포했다며 반환을 요구했다. 펜타곤의 제프 데이비스 대변인은 “명확히 표시가 되어있는 미국 소유로 반환을 원한다”면서 “재발을 원치 않는다”고 말했다.보야 파이낸셜의 카린 캐버너 스트래티지스트는 “중국과 미국의 관계에 따라 투자자들의 투자 심리가 움직인다”고 말했다. 테미스 트레이딩의 마크 케프너 디렉터는 “증시 피로감이 다소 있다”고 말했다.중국과의 외교 마찰 소식에 국채와 금, 엔화 등 안전자산 매수세가 강해졌다. 10년 만기 미국 국채 금리는 2.62%에서 2.56%로 하락했다.(국채 가격 상승, 국채 금리 하락) 달러화 대비 엔화 환율은 전날(달러당 118.66엔)보다 하락한 달러당 117.94엔을 기록했다. 뉴욕상품거래소(COMEX)에서 2월 인도분 금 선물 가격은 0.7% 상승한 온스당 1137.40달러를 기록했다.주택 지표는 악화했다. 11월 주택 착공 건수는 전달보다 18.7% 감소한 연율 기준 109만건을 기록했다. 9년 최대치를 기록했던 전달보다 감소한 것으로 전년 같은 기간보다 6.9% 적다. 마켓워치 전문가 예상치 124만건을 밑돌았다.전날 급등했던 달러화 가치는 하락했다. ICE 달러인덱스가 0.2% 하락한 102.86을 기록했다.유통주가 모두 하락했다. JP모간은 노드스트롬에 대한 투자 의견을 ‘중립’에서 ‘비중 축소’로 하향 조정했고, 노드스트롬 주가가 8.67% 급락했다. 콜스가 7.97%, 메이시스가 6.65% 내렸다. 갭도 6.49% 하락했다. Copyrights © ChosunBiz.com
</topic_text>
<spam_score>0.00</spam_score>
<post_num>1</post_num>
<post_id>post-1</post_id>
<post_url>http://biz.chosun.com/site/data/html_dir/2016/12/17/2016121700271.html</post_url>
<post_date>20161216</post_date>
<post_time>2151</post_time>
<username>뉴욕=송현 통신원( (songhyun@chosunbiz.com)</username>
<post>
뉴욕 증시 하락 마감…美·中 드론 놓고 외교마찰 뉴욕=송현 통신원 입력 : 2016.12.17 06:51 16일(현지시각) 미국 뉴욕 증시가 하락 마감했다. 미중 관계 악화 우려에 증시가 장 중 하락 반전했다.우량주 중심의 다우존스 산업평균은 전날보다 0.04% 하락한 1만9843.41, 대형주 중심의 S&amp;P500은 0.18% 내린 2258.07에 거래를 마쳤다. 기술주 중심의 나스닥은 0.36% 바진 5437.16에 거래를 마감했다.상승세로 거래를 시작한 뉴욕 증시는 장 중 하락세로 전환했다. 미 국방부는 남중국해에서 해양학 조사를 벌이던 미 해군 소속 드론을 중국 정부가 나포했다며 반환을 요구했다. 펜타곤의 제프 데이비스 대변인은 “명확히 표시가 되어있는 미국 소유로 반환을 원한다”면서 “재발을 원치 않는다”고 말했다.보야 파이낸셜의 카린 캐버너 스트래티지스트는 “중국과 미국의 관계에 따라 투자자들의 투자 심리가 움직인다”고 말했다. 테미스 트레이딩의 마크 케프너 디렉터는 “증시 피로감이 다소 있다”고 말했다.중국과의 외교 마찰 소식에 국채와 금, 엔화 등 안전자산 매수세가 강해졌다. 10년 만기 미국 국채 금리는 2.62%에서 2.56%로 하락했다.(국채 가격 상승, 국채 금리 하락) 달러화 대비 엔화 환율은 전날(달러당 118.66엔)보다 하락한 달러당 117.94엔을 기록했다. 뉴욕상품거래소(COMEX)에서 2월 인도분 금 선물 가격은 0.7% 상승한 온스당 1137.40달러를 기록했다.주택 지표는 악화했다. 11월 주택 착공 건수는 전달보다 18.7% 감소한 연율 기준 109만건을 기록했다. 9년 최대치를 기록했던 전달보다 감소한 것으로 전년 같은 기간보다 6.9% 적다. 마켓워치 전문가 예상치 124만건을 밑돌았다.전날 급등했던 달러화 가치는 하락했다. ICE 달러인덱스가 0.2% 하락한 102.86을 기록했다.유통주가 모두 하락했다. JP모간은 노드스트롬에 대한 투자 의견을 ‘중립’에서 ‘비중 축소’로 하향 조정했고, 노드스트롬 주가가 8.67% 급락했다. 콜스가 7.97%, 메이시스가 6.65% 내렸다. 갭도 6.49% 하락했다. Copyrights © ChosunBiz.com
</post>
<signature>

</signature>
<external_links>

</external_links>
<country>KR</country>
<main_image>http://image.chosun.com/sitedata/image/201612/17/2016121700242_0.jpg</main_image>
</document>
