<?xml version="1.0" encoding="UTF-8"?>
<document>
<type>mainstream</type>
<forum>http://feeds.feedburner.com/TheBestNews</forum>
<forum_title>The Best News</forum_title>
<discussion_title>Μπάσκετ: Ο Απόλλωνας Carna υποδέχεται (17:00) τον Άρη</discussion_title>
<language>greek</language>
<gmt_offset></gmt_offset>
<topic_url>http://www.thebest.gr/news/index/viewStory/420792</topic_url>
<topic_text>
Μπάσκετ: Ο Απόλλωνας Carna υποδέχεται (17:00) τον Άρη Στην Περιβόλα για το πρωτάθλημα 
O Απόλλων Carna υποδέχεται σήμερα (17:00) τον Άρη, για την 11η αγωνιστική της Stoiximan.gr Basket League. Οι &quot;μελανόλευκοι&quot; θέλουν να εκμεταλλευτούν το πλεονέκτημα της έδρας και να πάρουν το θετικό αποτέλεσμα. 
Από εκεί και πέρα ο Κώστας Μέξας και οι παίκτες του γνωρίζουν την δυσκολία της αναμέτρησης και έχουν προετοιμαστεί κατάλληλα γι αυτό το παιχνίδι. 
Επίσης από την πατρινή ομάδα ανακοινώθηκε: «Η &quot;οικογένεια&quot; του Απόλλωνα στο πλαίσιο των κοινωνικών της δράσεων και συναισθανόμενη την ευθύνη απέναντι στην τοπική κοινωνία, αποφάσισε στα δύο επόμενα εντός έδρας παιχνίδια να γίνει συγκέντρωση ρούχων, τροφίμων και παιχνιδιών τα οποία θα διατεθούν στους συνανθρώπους μας που τα έχουν ανάγκη. 
Η συγκέντρωση των ειδών πρώτης ανάγκης θα γίνεται στο αθλητικό κέντρο της Περιβόλας τόσο στο παιχνίδι του προσεχούς Σαββάτου (17/12) με τον Άρη όσο και στην αναμέτρηση της 12ης αγωνιστικής με την Κύμη που έχει προγραμματιστεί για τις 26 Δεκεμβρίου. 
Τα τρόφιμα θα πρέπει να είναι μακράς διαρκείας, ενώ τα ρούχα και τα παιχνίδια πρέπει να είναι καινούργια ή σε πολύ καλή κατάσταση. 
Οι ιθύνοντες του Απόλλωνα ζητούν από τους φίλους της ομάδας να ανταποκριθούν σε αυτή την πρόσκληση και να δείξουν το κοινωνικό τους πρόσωπο ενόψει και των εορτών των Χριστουγέννων και της Πρωτοχρονιάς». 
Το πρόγραμμα της αγωνιστικής:
</topic_text>
<spam_score>0.00</spam_score>
<post_num>1</post_num>
<post_id>post-1</post_id>
<post_url>http://www.thebest.gr/news/index/viewStory/420792</post_url>
<post_date>20161217</post_date>
<post_time>0841</post_time>
<username>info@thebest.gr ()</username>
<post>
Μπάσκετ: Ο Απόλλωνας Carna υποδέχεται (17:00) τον Άρη Στην Περιβόλα για το πρωτάθλημα 
O Απόλλων Carna υποδέχεται σήμερα (17:00) τον Άρη, για την 11η αγωνιστική της Stoiximan.gr Basket League. Οι &quot;μελανόλευκοι&quot; θέλουν να εκμεταλλευτούν το πλεονέκτημα της έδρας και να πάρουν το θετικό αποτέλεσμα. 
Από εκεί και πέρα ο Κώστας Μέξας και οι παίκτες του γνωρίζουν την δυσκολία της αναμέτρησης και έχουν προετοιμαστεί κατάλληλα γι αυτό το παιχνίδι. 
Επίσης από την πατρινή ομάδα ανακοινώθηκε: «Η &quot;οικογένεια&quot; του Απόλλωνα στο πλαίσιο των κοινωνικών της δράσεων και συναισθανόμενη την ευθύνη απέναντι στην τοπική κοινωνία, αποφάσισε στα δύο επόμενα εντός έδρας παιχνίδια να γίνει συγκέντρωση ρούχων, τροφίμων και παιχνιδιών τα οποία θα διατεθούν στους συνανθρώπους μας που τα έχουν ανάγκη. 
Η συγκέντρωση των ειδών πρώτης ανάγκης θα γίνεται στο αθλητικό κέντρο της Περιβόλας τόσο στο παιχνίδι του προσεχούς Σαββάτου (17/12) με τον Άρη όσο και στην αναμέτρηση της 12ης αγωνιστικής με την Κύμη που έχει προγραμματιστεί για τις 26 Δεκεμβρίου. 
Τα τρόφιμα θα πρέπει να είναι μακράς διαρκείας, ενώ τα ρούχα και τα παιχνίδια πρέπει να είναι καινούργια ή σε πολύ καλή κατάσταση. 
Οι ιθύνοντες του Απόλλωνα ζητούν από τους φίλους της ομάδας να ανταποκριθούν σε αυτή την πρόσκληση και να δείξουν το κοινωνικό τους πρόσωπο ενόψει και των εορτών των Χριστουγέννων και της Πρωτοχρονιάς». 
Το πρόγραμμα της αγωνιστικής:
</post>
<signature>

</signature>
<external_links>

</external_links>
<country>GR</country>
<main_image>http://cdn.thebest.gr/media/images/original/atkytbdalx5854f6001f006.jpg</main_image>
</document>
