<?xml version="1.0" encoding="UTF-8"?>
<document>
<type>mainstream</type>
<forum>http://www.framtidinord.no/?widgetName=polarisFeeds&amp;widgetId=6351127&amp;getXmlFeed=true</forum>
<forum_title>framtidinord RSS</forum_title>
<discussion_title>13 drept i eksplosjon i Tyrkia</discussion_title>
<language>norwegian</language>
<gmt_offset></gmt_offset>
<topic_url>http://www.framtidinord.no/ntb/utenriks/2016/12/17/13-drept-i-eksplosjon-i-Tyrkia-13945107.ece</topic_url>
<topic_text>
  13 drept i eksplosjon i Tyrkia 13 drept i eksplosjon i Tyrkia Istanbul (NTB-AFP-DPA): 13 soldater er drept og 48 såret i en eksplosjon i byen Kayseri i den sentrale delen av Tyrkia, opplyser hæren. utenriks  13  30 
Bussen sto parkert utenfor Erciyes-universitetet og fraktet soldater som skulle hjem for helgen, får Al Jazeera opplyst. 
En bilbombe som ble utløst da en bil kjørte forbi, rammet bussens venstre side, ifølge nyhetsbyrået Dogan. 
Eksplosjonen fant sted rundt klokken 8.45 lørdag morgen lokal tid. 
Kayseri er en industriby sentralt i landet, om lag 300 kilometer sørøst for hovedstaden Ankara, og regnes for å være et rolig område. (©NTB) Mer å lese på Framtid i Nord: {{item.title}} 
 
</topic_text>
<spam_score>0.00</spam_score>
<post_num>1</post_num>
<post_id>post-1</post_id>
<post_url>http://www.framtidinord.no/ntb/utenriks/2016/12/17/13-drept-i-eksplosjon-i-Tyrkia-13945107.ece</post_url>
<post_date>20161217</post_date>
<post_time>0813</post_time>
<username></username>
<post>
  13 drept i eksplosjon i Tyrkia 13 drept i eksplosjon i Tyrkia Istanbul (NTB-AFP-DPA): 13 soldater er drept og 48 såret i en eksplosjon i byen Kayseri i den sentrale delen av Tyrkia, opplyser hæren. utenriks  13  30 
Bussen sto parkert utenfor Erciyes-universitetet og fraktet soldater som skulle hjem for helgen, får Al Jazeera opplyst. 
En bilbombe som ble utløst da en bil kjørte forbi, rammet bussens venstre side, ifølge nyhetsbyrået Dogan. 
Eksplosjonen fant sted rundt klokken 8.45 lørdag morgen lokal tid. 
Kayseri er en industriby sentralt i landet, om lag 300 kilometer sørøst for hovedstaden Ankara, og regnes for å være et rolig område. (©NTB) Mer å lese på Framtid i Nord: {{item.title}} 
 
</post>
<signature>

</signature>
<external_links>

</external_links>
<country>NO</country>
<main_image>http://static.polarismedia.no/skins/prod/publication/framtidinord/gfx/applefavicon.png</main_image>
</document>
