<?xml version="1.0" encoding="UTF-8"?>
<document>
<type>mainstream</type>
<forum>http://feeds.feedburner.com/TheBestNews</forum>
<forum_title>The Best News</forum_title>
<discussion_title>Ηλεία:Συνελήφθη 39χρονος για ναρκωτικά</discussion_title>
<language>greek</language>
<gmt_offset></gmt_offset>
<topic_url>http://www.thebest.gr/news/index/viewStory/420793</topic_url>
<topic_text>
Ηλεία:Συνελήφθη 39χρονος για ναρκωτικά Μετά από έλεγχο της ΟΠΚΕ 
Συνελήφθη, χθες το απόγευμα, στη Νέα Εθνική Οδό Πατρών – Πύργου, στο ύψος της Αρετής, από αστυνομικούς της Ομάδας Πρόληψης και Καταστολής Εγκληματικότητας, της Διεύθυνσης Αστυνομίας Ηλείας, ένας 39χρονος Έλληνας,Σύμφωνα με την αστυνομία σε έρευνα που ενεργήθηκε σε αυτοκίνητο που οδηγούσε, βρέθηκε και κατασχέθηκε μια αυτοσχέδια νάιλον συσκευασία που περιείχε κάνναβη βάρους οκτώ γραμμαρίων περίπου. Το thebest.gr δεν υιοθετεί κατ&apos; ανάγκην, τα σχόλια των αναγνωστών και σε περιπτώσεις υβριστικών, χυδαίων και ανακριβών πληροφοριών θα τα διαγράφει. 
Δημοσιεύτηκε:
</topic_text>
<spam_score>0.00</spam_score>
<post_num>1</post_num>
<post_id>post-1</post_id>
<post_url>http://www.thebest.gr/news/index/viewStory/420793</post_url>
<post_date>20161217</post_date>
<post_time>0827</post_time>
<username>info@thebest.gr ()</username>
<post>
Ηλεία:Συνελήφθη 39χρονος για ναρκωτικά Μετά από έλεγχο της ΟΠΚΕ 
Συνελήφθη, χθες το απόγευμα, στη Νέα Εθνική Οδό Πατρών – Πύργου, στο ύψος της Αρετής, από αστυνομικούς της Ομάδας Πρόληψης και Καταστολής Εγκληματικότητας, της Διεύθυνσης Αστυνομίας Ηλείας, ένας 39χρονος Έλληνας,Σύμφωνα με την αστυνομία σε έρευνα που ενεργήθηκε σε αυτοκίνητο που οδηγούσε, βρέθηκε και κατασχέθηκε μια αυτοσχέδια νάιλον συσκευασία που περιείχε κάνναβη βάρους οκτώ γραμμαρίων περίπου. Το thebest.gr δεν υιοθετεί κατ&apos; ανάγκην, τα σχόλια των αναγνωστών και σε περιπτώσεις υβριστικών, χυδαίων και ανακριβών πληροφοριών θα τα διαγράφει. 
Δημοσιεύτηκε:
</post>
<signature>

</signature>
<external_links>

</external_links>
<country>GR</country>
<main_image>http://cdn.thebest.gr/media/images/original/yhvvolcues5854f6dd1ceec.jpg</main_image>
</document>
