<?xml version="1.0" encoding="UTF-8"?>
<document>
<type>mainstream</type>
<forum>http://vesti.mk/rss/miks</forum>
<forum_title>VESTI.MK - Микс</forum_title>
<discussion_title>Херем: Знаеме дека Холандија ќе подготви нешто да не изненади (Start.mk)</discussion_title>
<language>macedonian</language>
<gmt_offset></gmt_offset>
<topic_url>http://vesti.mk/news/11370645/herem-znaeme-deka-holandija-kje-podgotvi-neshto-da-ne-iznenadi</topic_url>
<topic_text>
Херем: Знаеме дека Холандија ќе подготви нешто да не изненади пред 19 минути - Start.mk - Спорт Ракометната репрезентација на Норвешка славеше над Франција со 26:22 во второто полуфинале и ќе ја брани европската титула освоена пред две години. Херем: Знаеме дека Холандија ќе подготви нешто да не изненади пред 29 минути - Вечер - Спорт Ракометната репрезентација на Норвешка славеше над Франција со 26:22 во второто полуфинале и ќе ја брани европската титула освоена пред две години. се вчитува...
</topic_text>
<spam_score>0.00</spam_score>
<post_num>1</post_num>
<post_id>post-1</post_id>
<post_url>http://vesti.mk/news/11370645/herem-znaeme-deka-holandija-kje-podgotvi-neshto-da-ne-iznenadi</post_url>
<post_date>20161217</post_date>
<post_time>0955</post_time>
<username></username>
<post>
Херем: Знаеме дека Холандија ќе подготви нешто да не изненади пред 19 минути - Start.mk - Спорт Ракометната репрезентација на Норвешка славеше над Франција со 26:22 во второто полуфинале и ќе ја брани европската титула освоена пред две години. Херем: Знаеме дека Холандија ќе подготви нешто да не изненади пред 29 минути - Вечер - Спорт Ракометната репрезентација на Норвешка славеше над Франција со 26:22 во второто полуфинале и ќе ја брани европската титула освоена пред две години. се вчитува...
</post>
<signature>

</signature>
<external_links>

</external_links>
<country>MK</country>
<main_image>http://vecer.mk/files/styles/article/public/article/2016/12/17/444081-herem-znaeme-deka-holandija-kje-podgotvi-neshto-da-ne-iznenadi.jpg?itok=LSfNr1ud</main_image>
</document>
