<?xml version="1.0" encoding="UTF-8"?>
<document>
<type>mainstream</type>
<forum>http://www.lvmpd.com/News/PressReleases/tabid/288/rssid/5/Default.aspx</forum>
<forum_title>Press Releases</forum_title>
<discussion_title>SUV Rollover, W. Centennial Pkwy at N. Torrey Pines Dr, Critical Injury Traffic Collision, Event # 161215-3766</discussion_title>
<language>english</language>
<gmt_offset></gmt_offset>
<topic_url>http://www.lvmpd.com/News/PressReleases/tabid/288/EntryId/3585/SUV-Rollover-W-Centennial-Pkwy-at-N-Torrey-Pines-Dr-Critical-Injury-Traffic-Collision-Event-161215-3766.aspx</topic_url>
<topic_text>
SUV Rollover, W. Centennial Pkwy at N. Torrey Pines Dr, Critical Injury Traffic Collision, Event # 161215-3766 Dec 16
</topic_text>
<spam_score>0.00</spam_score>
<post_num>1</post_num>
<post_id>post-1</post_id>
<post_url>http://www.lvmpd.com/News/PressReleases/tabid/288/EntryId/3585/SUV-Rollover-W-Centennial-Pkwy-at-N-Torrey-Pines-Dr-Critical-Injury-Traffic-Collision-Event-161215-3766.aspx</post_url>
<post_date>20161216</post_date>
<post_time>1805</post_time>
<username></username>
<post>
SUV Rollover, W. Centennial Pkwy at N. Torrey Pines Dr, Critical Injury Traffic Collision, Event # 161215-3766 Dec 16
</post>
<signature>

</signature>
<external_links>

</external_links>
<country>US</country>
<main_image></main_image>
</document>
