<?xml version="1.0" encoding="UTF-8"?>
<document>
<type>mainstream</type>
<forum>http://www.dailymail.co.uk/sport/football/articles.rss</forum>
<forum_title>Football Articles | Mail Online</forum_title>
<discussion_title>Man U news: Jose Mourinho and Pep Guardiola share almost identical records</discussion_title>
<language>english</language>
<gmt_offset></gmt_offset>
<topic_url>http://www.dailymail.co.uk/sport/football/article-4040788/Jose-Mourinho-Pep-Guardiola-near-identical-records-season.html</topic_url>
<topic_text>
Who&apos;s had the worse start to life in their new job... Pep or Jose? Neither, it turns out.
Since arriving in Manchester over the summer - Jose Mourinho moving into Old Trafford and Pep Guardiola arriving four miles down the road at the Etihad - the two managerial heavyweights have not had everything their own way.
Mourinho has had his problems with faulty strikers, referees and water bottles, Guardiola with malfunctioning defenders, Sergio Aguero&apos;s elbow and Stan Collymore, and the pair have not enjoyed the honeymoon they must have hoped for. 
Jose Mourinho has endured an up-and-down start to life as Manchester United manager
Pep Guardiola&apos;s Manchester City won their first 10 games but have found life harder since
But at least they can take solace in the fact their predicaments are almost identical. 
Manchester folk define themselves as red or blue but there&apos;s little to separate the city&apos;s two teams so far this term. Both have played 26, won 15, drawn six and lost five in all competitions. 
City, despite their perfect, 10-game winning start to the season in which they scored 30 goals and conceded just six, have stumbled their way through to the Christmas fixtures. 
In the 16 games since, they have lost five times, drawn six and scored 24 goals, shipping a further 18 to leave them with a 58 per cent win rate. 
MANCHESTER CITY vs MANCHESTER UNITED: TWO NEAR-IDENTICAL RECORDS All Comps 2016-17 Games Played Games Won Games Drawn Games Lost Goals Goals Conceded Goal Difference Win % City 26 15 6 5 54 31 23 58% United 26 15 6 5 44 24 20 58% United and City share near-identical records in all competitions so far this season
Guardiola&apos;s side have won, drawn and lost the same number of games as United
If the football&apos;s on, it&apos;s on Live tables Fixtures Scores Premier League Premier League Championship League One League Two Scottish Premiership Scottish Div 1 Scottish Div 2 Scottish Div 3 Ligue 1 Serie A La Liga Bundesliga More tables More fixtures More scores They sit fourth in the Premier League, having lost two of their last three matches, and trail leaders Chelsea by seven points. 
Guardiola - who appeared to float through his first two months in the job - has struggled to counter a growing epidemic of defensive bloopers and daft red cards to the point he&apos;s been compelled to ask for more time from fans. 
It&apos;s hardly crisis central but certainly enough to give beleaguered United fans some ammunition with which to taunt their fierce rivals. 
Yet across town the story is just the same. And that&apos;s no casual remark. It really is just the same. 
Like Guardiola, Mourinho flew out of the traps like a greyhound on speed, picking up three straight wins - four if you include the Community Shield... so we&apos;ll call it three.
Mourinho&apos;s side have scored and conceded fewer goals than their cross-city rivals
Like Guardiola, Mourinho has juggled out-of-form players with irritatingly-timed injuries. Paul Pogba took two months to rewire himself for English football, Zlatan Ibrahimovic had a barren spell, and form was scratchy through September.
While City stalled completely, United have pushed on up the hill in the wrong gear, drawing with Burnley, Stoke and West Ham at Old Trafford and scraping into the Europa League knockout stage.
Guardiola, meanwhile, was busy beating Barcelona. But his team failed to get the better of Celtic in two attempts and imploded at the Nou Camp. And they&apos;ve only kept two clean sheets since September 17.
The stats tell the story. And for both Manchester clubs, it&apos;s not the one they wanted to hear. 
City are currently fourth in the Premier League, while United lie in sixth place
</topic_text>
<spam_score>0.00</spam_score>
<post_num>33</post_num>
<post_id>post-33</post_id>
<post_url>http://www.dailymail.co.uk/sport/football/article-4040788/Jose-Mourinho-Pep-Guardiola-near-identical-records-season.html#164198684</post_url>
<post_date>20161216</post_date>
<post_time>1420</post_time>
<username>Aadi</username>
<post>
What sort of nonsense article is this ?...guardiola is 6 points above mourinho. Guardiola manages in the champions league while mourinho manages in the Europa league. Guardiola has beaten mourinho in old Trafford and also beaten Barcelona while mourinho goes about beating vorya. And city have scored way many goals than Utd in the league .
</post>
<signature>

</signature>
<external_links>

</external_links>
<country>GB</country>
<main_image>http://i.dailymail.co.uk/i/pix/2016/12/16/13/3B710DD800000578-0-image-a-27_1481895834549.jpg</main_image>
</document>
