<?xml version="1.0" encoding="UTF-8"?>
<document>
<type>mainstream</type>
<forum>http://malayalam.oneindia.in/rss/malayalam-news-fb.xml</forum>
<forum_title>Oneindia.in - thatsMalayalam News</forum_title>
<discussion_title>ജഡ്ജിയെ ഓഫീസിലിട്ട് ബോംബ് വച്ച് കൊല്ലുമെന്ന് ഭീഷണി; കത്ത് പോയത് ജയിലിനുള്ളില്‍ നിന്ന്!</discussion_title>
<language>malayalam</language>
<gmt_offset></gmt_offset>
<topic_url>http://malayalam.oneindia.com/news/india/uttar-pradesh-woman-judge-gets-extortion-letter-from-jailed-criminal-160936.html</topic_url>
<topic_text>
ഇന്ത്യ » ജഡ്ജിയെ ഓഫീസിലിട്ട് ബോംബ് വച്ച് കൊല്ലുമെന്ന് ഭീഷണി; കത്ത് പോയത് ജയിലിനുള്ളില്‍ നിന്ന്! ജഡ്ജിയെ ഓഫീസിലിട്ട് ബോംബ് വച്ച് കൊല്ലുമെന്ന് ഭീഷണി; കത്ത് പോയത് ജയിലിനുള്ളില്‍ നിന്ന്! ജയില്‍ ഡോക്ടറായ നെം ചന്ദ്രയ്ക്ക് അഞ്ച് ലക്ഷം രൂപ നല്‍കണമെന്നായിരുന്നു ജില്ലാ ജയിലില്‍ കിടക്കുന്ന ബഡ്ഗാവു കത്തില്‍ ആവശ്യപ്പെട്ടത്. Published : December 17 2016, 11:02 [IST] By: Akshay   
ലക്‌നൗ: വനിത ജഡ്ജിക്ക് വധശിക്ഷ അനുഭവിക്കുന്ന പ്രതിയുടെ ഭീഷണികത്ത്. ഉത്തര്‍പ്രദേശിലെ ബറേലിയില്‍ ആണ് സംഭവം. ജഡ്ജി പ്രേംകല സിംഗിന് ജയില്‍ ശിക്ഷ അനുഭവിക്കുന്ന ബഡ്ഗാവു എന്ന രാജ്കുമാര്‍ സ്പീഡ് പോസ്റ്റില്‍ കത്തയക്കുകയായിരുന്നു. 
ജഡ്ജിയുടെ ഓഫീസിലാണ് കത്ത് ലഭിച്ചിരിക്കുന്നത്. തന്റെ നിര്‍ദേശങ്ങള്‍ ലംഘിച്ചാല്‍ ഓഫിസിനുള്ളിലിട്ട് ബോംബ് വെച്ച് കൊല്ലുമെന്നാണ് ഭീഷണി മുഴക്കിയിരിക്കുന്നത്. ജഡ്ജിയെ ഭീഷണിപ്പെടുത്തി എന്ന കുറ്റത്തിന് ക്രിമിനലിനെതിരെ മറ്റൊരു കേസ് കൂടി ചുമത്തി. ജയില്‍ ഡോക്ടര്‍ 
ജയില്‍ ഡോക്ടറായ നെം ചന്ദ്രയ്ക്ക് അഞ്ച് ലക്ഷം രൂപ നല്‍കണമെന്നായിരുന്നു ജില്ലാ ജയിലില്‍ കിടക്കുന്ന ബഡ്ഗാവു കത്തില്‍ ആവശ്യപ്പെട്ടത്. 
പരാതി നല്‍കിയത് 
സംഭവവുമായി ബന്ധപ്പെട്ട് കോത്വാളി പോലീസ് സ്‌റ്റേഷനില്‍ അഡ്മിനിസ്‌ട്രേറ്റീവ് ഓഫീസറാണ് പരാതി നല്‍കിയിരിക്കുന്നത്. 
ഗൗരവമായി എടുക്കും 
കത്തിലെ കാര്യങ്ങള്‍ ഗൗരവമായിട്ടാണ് എടുക്കുന്നതെന്നും ക്രൈംബ്രാഞ്ചിനെ കേസ് ഏല്‍പ്പിച്ചിട്ടുണ്ടെന്നും ബെറേലി പോലീസിലും പോസ്‌റ്റോഫീസിലും ബന്ധപ്പെട്ടിട്ടുണ്ടെന്നും എസ്പി സാലിഗ്രാം വ്യക്തമാക്കി. 
കത്ത് 
സ്പീഡ് പോസ്റ്റിലായിരുന്നു ക്രിമിനല്‍ ജഡ്ജിക്കെതിരെ ഭീഷണികത്ത് അയച്ചത്. 
woman , judge , jail , uttar pradesh , യുവതി , ജഡ്ജി , ജയില്‍ , ഉത്തര്‍പ്രദേശ് English summary The district judge in Bahraich allegedly received an extortion letter sent through speed post by a jailed criminal demanding that she pay Rs 5 lakh or else she would be killed, officials said in Bahraich. The letter, allegedly sent by Badkau alias Raj Kumar who is lodged in district jail, Bareilly, was received at the office of judge Premkala Singh through a speed post, they said. Other articles published on Dec 17, 2016 Please Wait while comments are loading...
</topic_text>
<spam_score>0.00</spam_score>
<post_num>1</post_num>
<post_id>post-1</post_id>
<post_url>http://malayalam.oneindia.com/news/india/uttar-pradesh-woman-judge-gets-extortion-letter-from-jailed-criminal-160936.html</post_url>
<post_date>20161217</post_date>
<post_time>0532</post_time>
<username></username>
<post>
ഇന്ത്യ » ജഡ്ജിയെ ഓഫീസിലിട്ട് ബോംബ് വച്ച് കൊല്ലുമെന്ന് ഭീഷണി; കത്ത് പോയത് ജയിലിനുള്ളില്‍ നിന്ന്! ജഡ്ജിയെ ഓഫീസിലിട്ട് ബോംബ് വച്ച് കൊല്ലുമെന്ന് ഭീഷണി; കത്ത് പോയത് ജയിലിനുള്ളില്‍ നിന്ന്! ജയില്‍ ഡോക്ടറായ നെം ചന്ദ്രയ്ക്ക് അഞ്ച് ലക്ഷം രൂപ നല്‍കണമെന്നായിരുന്നു ജില്ലാ ജയിലില്‍ കിടക്കുന്ന ബഡ്ഗാവു കത്തില്‍ ആവശ്യപ്പെട്ടത്. Published : December 17 2016, 11:02 [IST] By: Akshay   
ലക്‌നൗ: വനിത ജഡ്ജിക്ക് വധശിക്ഷ അനുഭവിക്കുന്ന പ്രതിയുടെ ഭീഷണികത്ത്. ഉത്തര്‍പ്രദേശിലെ ബറേലിയില്‍ ആണ് സംഭവം. ജഡ്ജി പ്രേംകല സിംഗിന് ജയില്‍ ശിക്ഷ അനുഭവിക്കുന്ന ബഡ്ഗാവു എന്ന രാജ്കുമാര്‍ സ്പീഡ് പോസ്റ്റില്‍ കത്തയക്കുകയായിരുന്നു. 
ജഡ്ജിയുടെ ഓഫീസിലാണ് കത്ത് ലഭിച്ചിരിക്കുന്നത്. തന്റെ നിര്‍ദേശങ്ങള്‍ ലംഘിച്ചാല്‍ ഓഫിസിനുള്ളിലിട്ട് ബോംബ് വെച്ച് കൊല്ലുമെന്നാണ് ഭീഷണി മുഴക്കിയിരിക്കുന്നത്. ജഡ്ജിയെ ഭീഷണിപ്പെടുത്തി എന്ന കുറ്റത്തിന് ക്രിമിനലിനെതിരെ മറ്റൊരു കേസ് കൂടി ചുമത്തി. ജയില്‍ ഡോക്ടര്‍ 
ജയില്‍ ഡോക്ടറായ നെം ചന്ദ്രയ്ക്ക് അഞ്ച് ലക്ഷം രൂപ നല്‍കണമെന്നായിരുന്നു ജില്ലാ ജയിലില്‍ കിടക്കുന്ന ബഡ്ഗാവു കത്തില്‍ ആവശ്യപ്പെട്ടത്. 
പരാതി നല്‍കിയത് 
സംഭവവുമായി ബന്ധപ്പെട്ട് കോത്വാളി പോലീസ് സ്‌റ്റേഷനില്‍ അഡ്മിനിസ്‌ട്രേറ്റീവ് ഓഫീസറാണ് പരാതി നല്‍കിയിരിക്കുന്നത്. 
ഗൗരവമായി എടുക്കും 
കത്തിലെ കാര്യങ്ങള്‍ ഗൗരവമായിട്ടാണ് എടുക്കുന്നതെന്നും ക്രൈംബ്രാഞ്ചിനെ കേസ് ഏല്‍പ്പിച്ചിട്ടുണ്ടെന്നും ബെറേലി പോലീസിലും പോസ്‌റ്റോഫീസിലും ബന്ധപ്പെട്ടിട്ടുണ്ടെന്നും എസ്പി സാലിഗ്രാം വ്യക്തമാക്കി. 
കത്ത് 
സ്പീഡ് പോസ്റ്റിലായിരുന്നു ക്രിമിനല്‍ ജഡ്ജിക്കെതിരെ ഭീഷണികത്ത് അയച്ചത്. 
woman , judge , jail , uttar pradesh , യുവതി , ജഡ്ജി , ജയില്‍ , ഉത്തര്‍പ്രദേശ് English summary The district judge in Bahraich allegedly received an extortion letter sent through speed post by a jailed criminal demanding that she pay Rs 5 lakh or else she would be killed, officials said in Bahraich. The letter, allegedly sent by Badkau alias Raj Kumar who is lodged in district jail, Bareilly, was received at the office of judge Premkala Singh through a speed post, they said. Other articles published on Dec 17, 2016 Please Wait while comments are loading...
</post>
<signature>

</signature>
<external_links>

</external_links>
<country>IN</country>
<main_image>http://malayalam-cdn.oneindia.com/img/2016/12/jail-03-1457003840-17-1481952699.jpg</main_image>
</document>
